{"buildings":[{"data":1000001,"lvl":6,"x":21,"y":17},{"data":1000014,"lvl":0,"x":7,"y":2},{"data":1000015,"lvl":0,"x":4,"y":2},{"data":1000015,"lvl":0,"x":2,"y":2},{"data":1000010,"lvl":10,"x":2,"y":32},{"data":1000010,"lvl":10,"x":3,"y":32},{"data":1000010,"lvl":10,"x":4,"y":32},{"data":1000010,"lvl":10,"x":5,"y":32},{"data":1000010,"lvl":10,"x":6,"y":32},{"data":1000010,"lvl":10,"x":7,"y":32},{"data":1000010,"lvl":10,"x":8,"y":32},{"data":1000010,"lvl":10,"x":9,"y":32},{"data":1000010,"lvl":10,"x":10,"y":32},{"data":1000010,"lvl":10,"x":11,"y":32},{"data":1000010,"lvl":10,"x":12,"y":32},{"data":1000010,"lvl":10,"x":13,"y":32},{"data":1000010,"lvl":10,"x":14,"y":32},{"data":1000010,"lvl":10,"x":14,"y":31},{"data":1000010,"lvl":10,"x":13,"y":31},{"data":1000010,"lvl":10,"x":12,"y":31},{"data":1000010,"lvl":10,"x":11,"y":31},{"data":1000010,"lvl":10,"x":10,"y":31},{"data":1000010,"lvl":10,"x":9,"y":31},{"data":1000010,"lvl":10,"x":8,"y":31},{"data":1000010,"lvl":10,"x":7,"y":31},{"data":1000010,"lvl":10,"x":6,"y":31},{"data":1000010,"lvl":10,"x":5,"y":31},{"data":1000010,"lvl":10,"x":4,"y":31},{"data":1000010,"lvl":10,"x":3,"y":31},{"data":1000010,"lvl":10,"x":2,"y":31},{"data":1000010,"lvl":10,"x":2,"y":30},{"data":1000010,"lvl":10,"x":2,"y":29},{"data":1000010,"lvl":10,"x":2,"y":28},{"data":1000010,"lvl":10,"x":2,"y":27},{"data":1000010,"lvl":10,"x":2,"y":26},{"data":1000010,"lvl":10,"x":3,"y":26},{"data":1000010,"lvl":10,"x":3,"y":27},{"data":1000010,"lvl":10,"x":3,"y":28},{"data":1000010,"lvl":10,"x":3,"y":29},{"data":1000010,"lvl":10,"x":3,"y":30},{"data":1000010,"lvl":10,"x":6,"y":30},{"data":1000010,"lvl":10,"x":6,"y":29},{"data":1000010,"lvl":10,"x":6,"y":28},{"data":1000010,"lvl":10,"x":6,"y":27},{"data":1000010,"lvl":10,"x":7,"y":27},{"data":1000010,"lvl":10,"x":7,"y":28},{"data":1000010,"lvl":10,"x":7,"y":29},{"data":1000010,"lvl":10,"x":7,"y":30},{"data":1000010,"lvl":10,"x":6,"y":25},{"data":1000010,"lvl":10,"x":7,"y":25},{"data":1000010,"lvl":10,"x":8,"y":25},{"data":1000010,"lvl":10,"x":9,"y":25},{"data":1000010,"lvl":10,"x":10,"y":25},{"data":1000010,"lvl":10,"x":11,"y":25},{"data":1000010,"lvl":10,"x":12,"y":25},{"data":1000010,"lvl":10,"x":14,"y":25},{"data":1000010,"lvl":10,"x":13,"y":25},{"data":1000010,"lvl":10,"x":14,"y":24},{"data":1000010,"lvl":10,"x":13,"y":24},{"data":1000010,"lvl":10,"x":12,"y":24},{"data":1000010,"lvl":10,"x":11,"y":24},{"data":1000010,"lvl":10,"x":10,"y":24},{"data":1000010,"lvl":10,"x":9,"y":24},{"data":1000010,"lvl":10,"x":8,"y":24},{"data":1000010,"lvl":10,"x":7,"y":24},{"data":1000010,"lvl":10,"x":6,"y":24},{"data":1000010,"lvl":10,"x":11,"y":23},{"data":1000010,"lvl":10,"x":11,"y":22},{"data":1000010,"lvl":10,"x":10,"y":22},{"data":1000010,"lvl":10,"x":10,"y":23},{"data":1000010,"lvl":10,"x":11,"y":21},{"data":1000010,"lvl":10,"x":10,"y":21},{"data":1000010,"lvl":10,"x":9,"y":21},{"data":1000010,"lvl":10,"x":8,"y":21},{"data":1000010,"lvl":10,"x":7,"y":21},{"data":1000010,"lvl":10,"x":6,"y":21},{"data":1000010,"lvl":10,"x":6,"y":20},{"data":1000010,"lvl":10,"x":7,"y":20},{"data":1000010,"lvl":10,"x":8,"y":20},{"data":1000010,"lvl":10,"x":9,"y":20},{"data":1000010,"lvl":10,"x":10,"y":20},{"data":1000010,"lvl":10,"x":11,"y":20},{"data":1000010,"lvl":10,"x":12,"y":20},{"data":1000010,"lvl":10,"x":13,"y":20},{"data":1000010,"lvl":10,"x":14,"y":20},{"data":1000010,"lvl":10,"x":14,"y":21},{"data":1000010,"lvl":10,"x":13,"y":21},{"data":1000010,"lvl":10,"x":12,"y":21},{"data":1000010,"lvl":10,"x":6,"y":18},{"data":1000010,"lvl":10,"x":7,"y":18},{"data":1000010,"lvl":10,"x":7,"y":17},{"data":1000010,"lvl":10,"x":6,"y":17},{"data":1000010,"lvl":10,"x":8,"y":17},{"data":1000010,"lvl":10,"x":8,"y":16},{"data":1000010,"lvl":10,"x":7,"y":16},{"data":1000010,"lvl":10,"x":9,"y":16},{"data":1000010,"lvl":10,"x":9,"y":15},{"data":1000010,"lvl":10,"x":8,"y":15},{"data":1000010,"lvl":10,"x":9,"y":14},{"data":1000010,"lvl":10,"x":9,"y":13},{"data":1000010,"lvl":10,"x":10,"y":13},{"data":1000010,"lvl":10,"x":10,"y":14},{"data":1000010,"lvl":10,"x":10,"y":15},{"data":1000010,"lvl":10,"x":11,"y":15},{"data":1000010,"lvl":10,"x":11,"y":14},{"data":1000010,"lvl":10,"x":11,"y":13},{"data":1000010,"lvl":10,"x":8,"y":13},{"data":1000010,"lvl":10,"x":9,"y":12},{"data":1000010,"lvl":10,"x":8,"y":12},{"data":1000010,"lvl":10,"x":7,"y":12},{"data":1000010,"lvl":10,"x":8,"y":11},{"data":1000010,"lvl":10,"x":7,"y":11},{"data":1000010,"lvl":10,"x":6,"y":11},{"data":1000010,"lvl":10,"x":7,"y":10},{"data":1000010,"lvl":10,"x":6,"y":10},{"data":1000010,"lvl":10,"x":11,"y":12},{"data":1000010,"lvl":10,"x":12,"y":13},{"data":1000010,"lvl":10,"x":12,"y":12},{"data":1000010,"lvl":10,"x":12,"y":11},{"data":1000010,"lvl":10,"x":13,"y":12},{"data":1000010,"lvl":10,"x":13,"y":11},{"data":1000010,"lvl":10,"x":13,"y":10},{"data":1000010,"lvl":10,"x":14,"y":11},{"data":1000010,"lvl":10,"x":14,"y":10},{"data":1000010,"lvl":10,"x":11,"y":16},{"data":1000010,"lvl":10,"x":12,"y":15},{"data":1000010,"lvl":10,"x":12,"y":16},{"data":1000010,"lvl":10,"x":12,"y":17},{"data":1000010,"lvl":10,"x":13,"y":16},{"data":1000010,"lvl":10,"x":13,"y":17},{"data":1000010,"lvl":10,"x":13,"y":18},{"data":1000010,"lvl":10,"x":14,"y":17},{"data":1000010,"lvl":10,"x":14,"y":18},{"data":1000010,"lvl":10,"x":10,"y":18},{"data":1000010,"lvl":10,"x":10,"y":10},{"data":1000010,"lvl":10,"x":16,"y":25},{"data":1000010,"lvl":10,"x":16,"y":24},{"data":1000010,"lvl":10,"x":16,"y":23},{"data":1000010,"lvl":10,"x":17,"y":25},{"data":1000010,"lvl":10,"x":18,"y":25},{"data":1000008,"lvl":11,"x":17,"y":22},{"data":1000010,"lvl":10,"x":16,"y":22},{"data":1000010,"lvl":10,"x":16,"y":21},{"data":1000010,"lvl":10,"x":17,"y":21},{"data":1000010,"lvl":10,"x":18,"y":21},{"data":1000010,"lvl":10,"x":19,"y":21},{"data":1000010,"lvl":10,"x":20,"y":21},{"data":1000010,"lvl":10,"x":20,"y":22},{"data":1000010,"lvl":10,"x":20,"y":23},{"data":1000010,"lvl":10,"x":20,"y":24},{"data":1000010,"lvl":10,"x":20,"y":25},{"data":1000010,"lvl":10,"x":19,"y":25},{"data":1000010,"lvl":10,"x":20,"y":20},{"data":1000010,"lvl":10,"x":20,"y":19},{"data":1000010,"lvl":10,"x":20,"y":18},{"data":1000010,"lvl":10,"x":21,"y":21},{"data":1000010,"lvl":10,"x":22,"y":21},{"data":1000010,"lvl":10,"x":23,"y":21},{"data":1000010,"lvl":10,"x":24,"y":21},{"data":1000010,"lvl":10,"x":25,"y":21},{"data":1000010,"lvl":10,"x":25,"y":20},{"data":1000010,"lvl":10,"x":25,"y":19},{"data":1000010,"lvl":10,"x":25,"y":18},{"data":1000010,"lvl":10,"x":25,"y":17},{"data":1000010,"lvl":10,"x":25,"y":16},{"data":1000010,"lvl":10,"x":24,"y":16},{"data":1000010,"lvl":10,"x":23,"y":16},{"data":1000010,"lvl":10,"x":22,"y":16},{"data":1000010,"lvl":10,"x":21,"y":16},{"data":1000010,"lvl":10,"x":20,"y":16},{"data":1000010,"lvl":10,"x":20,"y":17},{"data":1000010,"lvl":10,"x":20,"y":15},{"data":1000010,"lvl":10,"x":19,"y":16},{"data":1000010,"lvl":10,"x":25,"y":15},{"data":1000010,"lvl":10,"x":26,"y":16},{"data":1000010,"lvl":10,"x":26,"y":21},{"data":1000010,"lvl":10,"x":25,"y":22},{"data":1000008,"lvl":11,"x":26,"y":22},{"data":1000008,"lvl":11,"x":26,"y":13},{"data":1000008,"lvl":11,"x":17,"y":13},{"data":1000010,"lvl":10,"x":18,"y":16},{"data":1000010,"lvl":10,"x":17,"y":16},{"data":1000010,"lvl":10,"x":16,"y":16},{"data":1000010,"lvl":10,"x":16,"y":15},{"data":1000010,"lvl":10,"x":16,"y":14},{"data":1000010,"lvl":10,"x":16,"y":13},{"data":1000010,"lvl":10,"x":16,"y":12},{"data":1000010,"lvl":10,"x":17,"y":12},{"data":1000010,"lvl":10,"x":18,"y":12},{"data":1000010,"lvl":10,"x":19,"y":12},{"data":1000010,"lvl":10,"x":20,"y":12},{"data":1000010,"lvl":10,"x":20,"y":13},{"data":1000010,"lvl":10,"x":20,"y":14},{"data":1000010,"lvl":10,"x":25,"y":14},{"data":1000010,"lvl":10,"x":25,"y":13},{"data":1000010,"lvl":10,"x":25,"y":12},{"data":1000010,"lvl":10,"x":26,"y":12},{"data":1000010,"lvl":10,"x":27,"y":12},{"data":1000010,"lvl":10,"x":28,"y":12},{"data":1000010,"lvl":10,"x":29,"y":12},{"data":1000010,"lvl":10,"x":29,"y":13},{"data":1000010,"lvl":10,"x":29,"y":14},{"data":1000010,"lvl":10,"x":29,"y":15},{"data":1000010,"lvl":10,"x":29,"y":16},{"data":1000010,"lvl":10,"x":28,"y":16},{"data":1000010,"lvl":10,"x":27,"y":16},{"data":1000010,"lvl":10,"x":27,"y":21},{"data":1000010,"lvl":10,"x":28,"y":21},{"data":1000010,"lvl":10,"x":29,"y":21},{"data":1000010,"lvl":10,"x":29,"y":22},{"data":1000010,"lvl":10,"x":29,"y":23},{"data":1000010,"lvl":10,"x":29,"y":24},{"data":1000010,"lvl":10,"x":29,"y":25},{"data":1000010,"lvl":10,"x":28,"y":25},{"data":1000010,"lvl":10,"x":27,"y":25},{"data":1000010,"lvl":10,"x":26,"y":25},{"data":1000010,"lvl":10,"x":25,"y":25},{"data":1000010,"lvl":10,"x":25,"y":24},{"data":1000010,"lvl":10,"x":25,"y":23}],"traps":[],"decos":[{"data":18000029,"x":8,"y":22}]}