{"buildings":[{"data":1000001,"lvl":9,"x":20,"y":20,"l1x":20,"l1y":20},{"data":1000004,"lvl":10,"x":5,"y":16,"res_time":171980,"l1x":5,"l1y":16},{"data":1000000,"lvl":7,"x":10,"y":3,"units":[[4000011,3],[4000010,1],[4000000,1]],"storage_type":0,"l1x":10,"l1y":3},{"data":1000015,"lvl":0,"x":35,"y":5,"l1x":35,"l1y":5},{"data":1000014,"lvl":5,"x":25,"y":25,"unit_req_time":292,"share_replay_time":1435,"l1x":25,"l1y":25},{"data":1000008,"lvl":11,"x":21,"y":25,"l1x":21,"l1y":25},{"data":1000015,"lvl":0,"x":25,"y":36,"l1x":25,"l1y":36},{"data":1000002,"lvl":10,"x":9,"y":32,"res_time":175495,"l1x":9,"l1y":32},{"data":1000003,"lvl":10,"x":29,"y":15,"l1x":29,"l1y":15},{"data":1000005,"lvl":10,"x":23,"y":32,"l1x":23,"l1y":32},{"data":1000006,"lvl":9,"x":22,"y":36,"unit_prod":{"unit_type":0},"l1x":22,"l1y":36},{"data":1000008,"lvl":11,"x":19,"y":16,"l1x":19,"l1y":16},{"data":1000009,"lvl":12,"x":10,"y":26,"l1x":10,"l1y":26},{"data":1000004,"lvl":10,"x":5,"y":12,"res_time":171978,"l1x":5,"l1y":12},{"data":1000002,"lvl":10,"x":5,"y":25,"res_time":171978,"l1x":5,"l1y":25},{"data":1000006,"lvl":9,"x":17,"y":36,"unit_prod":{"unit_type":0},"l1x":17,"l1y":36},{"data":1000010,"lvl":9,"x":13,"y":17,"l1x":13,"l1y":17},{"data":1000010,"lvl":8,"x":27,"y":40,"l1x":27,"l1y":40},{"data":1000010,"lvl":8,"x":40,"y":27,"l1x":40,"l1y":27},{"data":1000010,"lvl":9,"x":24,"y":15,"l1x":24,"l1y":15},{"data":1000010,"lvl":8,"x":25,"y":14,"l1x":25,"l1y":14},{"data":1000010,"lvl":8,"x":25,"y":13,"l1x":25,"l1y":13},{"data":1000010,"lvl":8,"x":24,"y":13,"l1x":24,"l1y":13},{"data":1000010,"lvl":8,"x":23,"y":13,"l1x":23,"l1y":13},{"data":1000010,"lvl":8,"x":23,"y":14,"l1x":23,"l1y":14},{"data":1000010,"lvl":8,"x":25,"y":29,"l1x":25,"l1y":29},{"data":1000010,"lvl":8,"x":25,"y":30,"l1x":25,"l1y":30},{"data":1000010,"lvl":8,"x":25,"y":31,"l1x":25,"l1y":31},{"data":1000010,"lvl":8,"x":24,"y":31,"l1x":24,"l1y":31},{"data":1000010,"lvl":8,"x":23,"y":31,"l1x":23,"l1y":31},{"data":1000010,"lvl":8,"x":22,"y":31,"l1x":22,"l1y":31},{"data":1000010,"lvl":8,"x":21,"y":31,"l1x":21,"l1y":31},{"data":1000010,"lvl":8,"x":21,"y":30,"l1x":21,"l1y":30},{"data":1000010,"lvl":8,"x":21,"y":29,"l1x":21,"l1y":29},{"data":1000010,"lvl":9,"x":14,"y":17,"l1x":14,"l1y":17},{"data":1000010,"lvl":9,"x":20,"y":14,"l1x":20,"l1y":14},{"data":1000010,"lvl":9,"x":20,"y":13,"l1x":20,"l1y":13},{"data":1000010,"lvl":9,"x":20,"y":12,"l1x":20,"l1y":12},{"data":1000010,"lvl":9,"x":19,"y":12,"l1x":19,"l1y":12},{"data":1000010,"lvl":9,"x":18,"y":12,"l1x":18,"l1y":12},{"data":1000010,"lvl":8,"x":14,"y":20,"l1x":14,"l1y":20},{"data":1000000,"lvl":7,"x":3,"y":6,"units":[[4000009,1],[4000006,2],[4000000,2]],"storage_type":0,"l1x":3,"l1y":6},{"data":1000002,"lvl":10,"x":5,"y":20,"res_time":174045,"l1x":5,"l1y":20},{"data":1000004,"lvl":10,"x":32,"y":5,"res_time":164624,"l1x":32,"l1y":5},{"data":1000005,"lvl":10,"x":32,"y":23,"l1x":32,"l1y":23},{"data":1000003,"lvl":10,"x":13,"y":26,"l1x":13,"l1y":26},{"data":1000013,"lvl":7,"x":12,"y":32,"l1x":12,"l1y":32},{"data":1000010,"lvl":8,"x":13,"y":20,"l1x":13,"l1y":20},{"data":1000010,"lvl":8,"x":12,"y":20,"l1x":12,"l1y":20},{"data":1000010,"lvl":8,"x":12,"y":19,"l1x":12,"l1y":19},{"data":1000010,"lvl":8,"x":12,"y":18,"l1x":12,"l1y":18},{"data":1000010,"lvl":8,"x":12,"y":17,"l1x":12,"l1y":17},{"data":1000010,"lvl":8,"x":13,"y":16,"l1x":13,"l1y":16},{"data":1000010,"lvl":8,"x":13,"y":15,"l1x":13,"l1y":15},{"data":1000010,"lvl":8,"x":14,"y":15,"l1x":14,"l1y":15},{"data":1000010,"lvl":9,"x":16,"y":13,"l1x":16,"l1y":13},{"data":1000010,"lvl":8,"x":3,"y":16,"l1x":15,"l1y":14},{"data":1000010,"lvl":9,"x":17,"y":13,"l1x":17,"l1y":13},{"data":1000010,"lvl":8,"x":14,"y":23,"l1x":14,"l1y":23},{"data":1000010,"lvl":8,"x":13,"y":23,"l1x":13,"l1y":23},{"data":1000010,"lvl":8,"x":13,"y":24,"l1x":13,"l1y":24},{"data":1000010,"lvl":8,"x":13,"y":25,"l1x":13,"l1y":25},{"data":1000010,"lvl":8,"x":14,"y":25,"l1x":14,"l1y":25},{"data":1000010,"lvl":9,"x":24,"y":28,"l1x":24,"l1y":28},{"data":1000010,"lvl":8,"x":29,"y":21,"l1x":29,"l1y":21},{"data":1000010,"lvl":8,"x":30,"y":21,"l1x":30,"l1y":21},{"data":1000010,"lvl":8,"x":31,"y":21,"l1x":31,"l1y":21},{"data":1000010,"lvl":8,"x":31,"y":22,"l1x":31,"l1y":22},{"data":1000010,"lvl":8,"x":31,"y":23,"l1x":31,"l1y":23},{"data":1000010,"lvl":8,"x":31,"y":24,"l1x":31,"l1y":24},{"data":1000010,"lvl":8,"x":31,"y":25,"l1x":31,"l1y":25},{"data":1000010,"lvl":8,"x":30,"y":25,"l1x":30,"l1y":25},{"data":1000007,"lvl":7,"x":4,"y":33,"l1x":4,"l1y":33},{"data":1000010,"lvl":8,"x":29,"y":25,"l1x":29,"l1y":25},{"data":1000010,"lvl":9,"x":19,"y":23,"l1x":19,"l1y":23},{"data":1000010,"lvl":9,"x":19,"y":22,"l1x":19,"l1y":22},{"data":1000010,"lvl":9,"x":19,"y":21,"l1x":19,"l1y":21},{"data":1000010,"lvl":9,"x":19,"y":20,"l1x":19,"l1y":20},{"data":1000010,"lvl":9,"x":19,"y":19,"l1x":19,"l1y":19},{"data":1000010,"lvl":9,"x":20,"y":19,"l1x":20,"l1y":19},{"data":1000010,"lvl":9,"x":21,"y":19,"l1x":21,"l1y":19},{"data":1000010,"lvl":8,"x":11,"y":41,"l1x":9,"l1y":35},{"data":1000010,"lvl":8,"x":12,"y":41,"l1x":10,"l1y":35},{"data":1000010,"lvl":8,"x":13,"y":41,"l1x":11,"l1y":35},{"data":1000010,"lvl":8,"x":14,"y":41,"l1x":12,"l1y":35},{"data":1000010,"lvl":8,"x":15,"y":41,"l1x":13,"l1y":35},{"data":1000010,"lvl":8,"x":16,"y":41,"l1x":14,"l1y":35},{"data":1000010,"lvl":9,"x":22,"y":19,"l1x":22,"l1y":19},{"data":1000010,"lvl":8,"x":17,"y":41,"l1x":15,"l1y":35},{"data":1000010,"lvl":8,"x":18,"y":41,"l1x":16,"l1y":35},{"data":1000010,"lvl":8,"x":19,"y":41,"l1x":17,"l1y":35},{"data":1000010,"lvl":8,"x":20,"y":41,"l1x":18,"l1y":35},{"data":1000010,"lvl":9,"x":23,"y":19,"l1x":23,"l1y":19},{"data":1000010,"lvl":9,"x":17,"y":24,"l1x":17,"l1y":24},{"data":1000010,"lvl":8,"x":21,"y":41,"l1x":19,"l1y":35},{"data":1000010,"lvl":8,"x":22,"y":41,"l1x":20,"l1y":35},{"data":1000010,"lvl":8,"x":23,"y":41,"l1x":21,"l1y":35},{"data":1000010,"lvl":8,"x":24,"y":41,"l1x":22,"l1y":35},{"data":1000009,"lvl":12,"x":15,"y":31,"l1x":15,"l1y":31},{"data":1000006,"lvl":9,"x":12,"y":36,"unit_prod":{"unit_type":0},"l1x":12,"l1y":36},{"data":1000002,"lvl":10,"x":26,"y":10,"res_time":171979,"l1x":26,"l1y":10},{"data":1000004,"lvl":10,"x":29,"y":32,"res_time":164626,"l1x":29,"l1y":32},{"data":1000012,"lvl":7,"x":26,"y":13,"l1x":26,"l1y":13},{"data":1000010,"lvl":8,"x":25,"y":41,"l1x":23,"l1y":35},{"data":1000010,"lvl":9,"x":18,"y":24,"l1x":18,"l1y":24},{"data":1000010,"lvl":9,"x":19,"y":24,"l1x":19,"l1y":24},{"data":1000010,"lvl":8,"x":26,"y":41,"l1x":24,"l1y":35},{"data":1000010,"lvl":8,"x":27,"y":41,"l1x":25,"l1y":35},{"data":1000010,"lvl":8,"x":28,"y":41,"l1x":26,"l1y":35},{"data":1000010,"lvl":8,"x":29,"y":41,"l1x":27,"l1y":35},{"data":1000010,"lvl":9,"x":20,"y":27,"l1x":20,"l1y":27},{"data":1000010,"lvl":8,"x":30,"y":41,"l1x":28,"l1y":35},{"data":1000010,"lvl":9,"x":20,"y":26,"l1x":20,"l1y":26},{"data":1000010,"lvl":8,"x":31,"y":41,"l1x":29,"l1y":35},{"data":1000010,"lvl":8,"x":32,"y":41,"l1x":30,"l1y":35},{"data":1000010,"lvl":8,"x":33,"y":41,"l1x":31,"l1y":35},{"data":1000010,"lvl":8,"x":34,"y":41,"l1x":32,"l1y":35},{"data":1000010,"lvl":8,"x":35,"y":41,"l1x":33,"l1y":35},{"data":1000010,"lvl":8,"x":10,"y":41,"l1x":8,"l1y":35},{"data":1000010,"lvl":8,"x":8,"y":34,"l1x":8,"l1y":34},{"data":1000010,"lvl":8,"x":8,"y":33,"l1x":8,"l1y":33},{"data":1000010,"lvl":9,"x":20,"y":25,"l1x":20,"l1y":25},{"data":1000010,"lvl":9,"x":20,"y":24,"l1x":20,"l1y":24},{"data":1000010,"lvl":9,"x":21,"y":24,"l1x":21,"l1y":24},{"data":1000010,"lvl":9,"x":22,"y":24,"l1x":22,"l1y":24},{"data":1000010,"lvl":9,"x":23,"y":24,"l1x":23,"l1y":24},{"data":1000010,"lvl":9,"x":3,"y":15,"l1x":15,"l1y":13},{"data":1000010,"lvl":8,"x":8,"y":32,"l1x":8,"l1y":32},{"data":1000002,"lvl":10,"x":17,"y":5,"res_time":171979,"l1x":17,"l1y":5},{"data":1000004,"lvl":10,"x":32,"y":12,"res_time":164625,"l1x":32,"l1y":12},{"data":1000008,"lvl":11,"x":18,"y":32,"l1x":18,"l1y":32},{"data":1000000,"lvl":7,"x":36,"y":28,"units":[[4000004,6],[4000006,4],[4000001,5],[4000013,1]],"storage_type":0,"l1x":36,"l1y":28},{"data":1000009,"lvl":12,"x":26,"y":32,"l1x":26,"l1y":32},{"data":1000011,"lvl":7,"x":18,"y":29,"l1x":18,"l1y":29},{"data":1000020,"lvl":4,"x":36,"y":35,"units":[[26000002,2],[26000005,2],[26000003,1]],"storage_type":1,"unit_prod":{"unit_type":1},"l1x":36,"l1y":35},{"data":1000015,"lvl":0,"x":10,"y":36,"l1x":10,"l1y":36},{"data":1000010,"lvl":9,"x":24,"y":17,"l1x":24,"l1y":17},{"data":1000010,"lvl":9,"x":3,"y":17,"l1x":15,"l1y":15},{"data":1000010,"lvl":8,"x":8,"y":31,"l1x":8,"l1y":31},{"data":1000010,"lvl":8,"x":8,"y":30,"l1x":8,"l1y":30},{"data":1000010,"lvl":8,"x":8,"y":29,"l1x":8,"l1y":29},{"data":1000010,"lvl":9,"x":3,"y":18,"l1x":15,"l1y":16},{"data":1000010,"lvl":8,"x":8,"y":28,"l1x":8,"l1y":28},{"data":1000010,"lvl":8,"x":8,"y":27,"l1x":8,"l1y":27},{"data":1000010,"lvl":9,"x":27,"y":20,"l1x":27,"l1y":20},{"data":1000010,"lvl":9,"x":26,"y":20,"l1x":26,"l1y":20},{"data":1000010,"lvl":8,"x":8,"y":26,"l1x":8,"l1y":26},{"data":1000010,"lvl":9,"x":25,"y":20,"l1x":25,"l1y":20},{"data":1000010,"lvl":8,"x":8,"y":25,"l1x":8,"l1y":25},{"data":1000010,"lvl":9,"x":3,"y":19,"l1x":15,"l1y":17},{"data":1000010,"lvl":9,"x":3,"y":20,"l1x":15,"l1y":18},{"data":1000010,"lvl":9,"x":3,"y":21,"l1x":15,"l1y":19},{"data":1000010,"lvl":9,"x":3,"y":22,"l1x":15,"l1y":20},{"data":1000010,"lvl":8,"x":8,"y":24,"l1x":8,"l1y":24},{"data":1000010,"lvl":8,"x":8,"y":23,"l1x":8,"l1y":23},{"data":1000010,"lvl":8,"x":8,"y":22,"l1x":8,"l1y":22},{"data":1000010,"lvl":8,"x":8,"y":21,"l1x":8,"l1y":21},{"data":1000010,"lvl":8,"x":8,"y":20,"l1x":8,"l1y":20},{"data":1000010,"lvl":8,"x":8,"y":19,"l1x":8,"l1y":19},{"data":1000010,"lvl":9,"x":3,"y":26,"l1x":15,"l1y":24},{"data":1000010,"lvl":9,"x":3,"y":25,"l1x":15,"l1y":23},{"data":1000002,"lvl":10,"x":22,"y":5,"res_time":171981,"l1x":22,"l1y":5},{"data":1000004,"lvl":10,"x":36,"y":13,"res_time":164625,"l1x":36,"l1y":13},{"data":1000011,"lvl":7,"x":10,"y":23,"l1x":10,"l1y":23},{"data":1000013,"lvl":7,"x":29,"y":29,"l1x":29,"l1y":29},{"data":1000000,"lvl":7,"x":30,"y":36,"units":[[4000006,10],[4000004,10]],"storage_type":0,"l1x":30,"l1y":36},{"data":1000006,"lvl":9,"x":5,"y":29,"unit_prod":{"unit_type":0},"l1x":5,"l1y":29},{"data":1000008,"lvl":11,"x":32,"y":18,"l1x":32,"l1y":18},{"data":1000009,"lvl":12,"x":32,"y":28,"l1x":32,"l1y":28},{"data":1000008,"lvl":11,"x":15,"y":9,"l1x":15,"l1y":9},{"data":1000010,"lvl":9,"x":3,"y":24,"l1x":15,"l1y":22},{"data":1000010,"lvl":8,"x":8,"y":18,"l1x":8,"l1y":18},{"data":1000010,"lvl":9,"x":3,"y":23,"l1x":15,"l1y":21},{"data":1000010,"lvl":8,"x":8,"y":17,"l1x":8,"l1y":17},{"data":1000010,"lvl":8,"x":8,"y":16,"l1x":8,"l1y":16},{"data":1000010,"lvl":8,"x":8,"y":15,"l1x":8,"l1y":15},{"data":1000010,"lvl":8,"x":8,"y":14,"l1x":8,"l1y":14},{"data":1000010,"lvl":8,"x":8,"y":13,"l1x":8,"l1y":13},{"data":1000010,"lvl":8,"x":8,"y":12,"l1x":8,"l1y":12},{"data":1000010,"lvl":8,"x":8,"y":11,"l1x":8,"l1y":11},{"data":1000010,"lvl":8,"x":8,"y":10,"l1x":8,"l1y":10},{"data":1000010,"lvl":9,"x":25,"y":24,"l1x":25,"l1y":24},{"data":1000010,"lvl":9,"x":26,"y":24,"l1x":26,"l1y":24},{"data":1000010,"lvl":9,"x":27,"y":24,"l1x":27,"l1y":24},{"data":1000010,"lvl":9,"x":24,"y":16,"l1x":24,"l1y":16},{"data":1000010,"lvl":9,"x":23,"y":15,"l1x":23,"l1y":15},{"data":1000010,"lvl":9,"x":22,"y":15,"l1x":22,"l1y":15},{"data":1000010,"lvl":9,"x":21,"y":15,"l1x":21,"l1y":15},{"data":1000010,"lvl":9,"x":20,"y":15,"l1x":20,"l1y":15},{"data":1000010,"lvl":8,"x":8,"y":9,"l1x":8,"l1y":9},{"data":1000010,"lvl":8,"x":8,"y":8,"l1x":8,"l1y":8},{"data":1000010,"lvl":8,"x":9,"y":8,"l1x":9,"l1y":8},{"data":1000010,"lvl":8,"x":10,"y":8,"l1x":10,"l1y":8},{"data":1000010,"lvl":8,"x":11,"y":8,"l1x":11,"l1y":8},{"data":1000010,"lvl":9,"x":19,"y":15,"l1x":19,"l1y":15},{"data":1000010,"lvl":9,"x":18,"y":15,"l1x":18,"l1y":15},{"data":1000010,"lvl":8,"x":12,"y":8,"l1x":12,"l1y":8},{"data":1000010,"lvl":8,"x":13,"y":8,"l1x":13,"l1y":8},{"data":1000010,"lvl":9,"x":17,"y":15,"l1x":17,"l1y":15},{"data":1000010,"lvl":8,"x":14,"y":8,"l1x":14,"l1y":8},{"data":1000010,"lvl":8,"x":15,"y":8,"l1x":15,"l1y":8},{"data":1000010,"lvl":8,"x":16,"y":8,"l1x":16,"l1y":8},{"data":1000010,"lvl":8,"x":17,"y":8,"l1x":17,"l1y":8},{"data":1000010,"lvl":9,"x":16,"y":15,"l1x":16,"l1y":15},{"data":1000010,"lvl":8,"x":18,"y":8,"l1x":18,"l1y":8},{"data":1000010,"lvl":8,"x":19,"y":8,"l1x":19,"l1y":8},{"data":1000010,"lvl":8,"x":20,"y":8,"l1x":20,"l1y":8},{"data":1000010,"lvl":8,"x":21,"y":8,"l1x":21,"l1y":8},{"data":1000010,"lvl":8,"x":22,"y":8,"l1x":22,"l1y":8},{"data":1000010,"lvl":8,"x":23,"y":8,"l1x":23,"l1y":8},{"data":1000010,"lvl":8,"x":24,"y":8,"l1x":24,"l1y":8},{"data":1000010,"lvl":8,"x":25,"y":8,"l1x":25,"l1y":8},{"data":1000010,"lvl":9,"x":24,"y":18,"l1x":24,"l1y":18},{"data":1000010,"lvl":8,"x":26,"y":8,"l1x":26,"l1y":8},{"data":1000010,"lvl":9,"x":24,"y":19,"l1x":24,"l1y":19},{"data":1000010,"lvl":9,"x":24,"y":20,"l1x":24,"l1y":20},{"data":1000010,"lvl":8,"x":27,"y":8,"l1x":27,"l1y":8},{"data":1000010,"lvl":8,"x":28,"y":8,"l1x":28,"l1y":8},{"data":1000010,"lvl":8,"x":29,"y":8,"l1x":29,"l1y":8},{"data":1000010,"lvl":8,"x":30,"y":8,"l1x":30,"l1y":8},{"data":1000013,"lvl":7,"x":32,"y":9,"l1x":32,"l1y":9},{"data":1000012,"lvl":7,"x":12,"y":29,"l1x":12,"l1y":29},{"data":1000024,"lvl":5,"x":26,"y":29,"l1x":26,"l1y":29},{"data":1000019,"lvl":7,"x":23,"y":29,"l1x":23,"l1y":29},{"data":1000019,"lvl":7,"x":29,"y":22,"l1x":29,"l1y":22},{"data":1000026,"lvl":5,"x":36,"y":18,"unit_prod":{"unit_type":0,"t":2629,"slots":[{"id":4000013,"cnt":1}]},"l1x":36,"l1y":18},{"data":1000010,"lvl":8,"x":31,"y":8,"l1x":31,"l1y":8},{"data":1000010,"lvl":8,"x":32,"y":8,"l1x":32,"l1y":8},{"data":1000010,"lvl":8,"x":33,"y":8,"l1x":33,"l1y":8},{"data":1000010,"lvl":9,"x":24,"y":21,"l1x":24,"l1y":21},{"data":1000010,"lvl":8,"x":34,"y":8,"l1x":34,"l1y":8},{"data":1000010,"lvl":8,"x":41,"y":8,"l1x":35,"l1y":7},{"data":1000010,"lvl":8,"x":41,"y":9,"l1x":35,"l1y":8},{"data":1000010,"lvl":8,"x":41,"y":10,"l1x":35,"l1y":9},{"data":1000010,"lvl":8,"x":41,"y":11,"l1x":35,"l1y":10},{"data":1000010,"lvl":8,"x":41,"y":12,"l1x":35,"l1y":11},{"data":1000010,"lvl":8,"x":41,"y":13,"l1x":35,"l1y":12},{"data":1000010,"lvl":8,"x":41,"y":14,"l1x":35,"l1y":13},{"data":1000010,"lvl":8,"x":41,"y":15,"l1x":35,"l1y":14},{"data":1000010,"lvl":8,"x":41,"y":16,"l1x":35,"l1y":15},{"data":1000010,"lvl":9,"x":24,"y":22,"l1x":24,"l1y":22},{"data":1000010,"lvl":9,"x":24,"y":23,"l1x":24,"l1y":23},{"data":1000010,"lvl":9,"x":24,"y":24,"l1x":24,"l1y":24},{"data":1000010,"lvl":9,"x":24,"y":25,"l1x":24,"l1y":25},{"data":1000010,"lvl":9,"x":24,"y":26,"l1x":24,"l1y":26},{"data":1000010,"lvl":8,"x":41,"y":17,"l1x":35,"l1y":16},{"data":1000010,"lvl":8,"x":41,"y":18,"l1x":35,"l1y":17},{"data":1000010,"lvl":9,"x":24,"y":27,"l1x":24,"l1y":27},{"data":1000010,"lvl":9,"x":16,"y":24,"l1x":16,"l1y":24},{"data":1000010,"lvl":8,"x":41,"y":19,"l1x":35,"l1y":18},{"data":1000010,"lvl":8,"x":41,"y":20,"l1x":35,"l1y":19},{"data":1000010,"lvl":8,"x":41,"y":21,"l1x":35,"l1y":20},{"data":1000010,"lvl":8,"x":41,"y":22,"l1x":35,"l1y":21},{"data":1000010,"lvl":8,"x":41,"y":23,"l1x":35,"l1y":22},{"data":1000010,"lvl":8,"x":41,"y":24,"l1x":35,"l1y":23},{"data":1000010,"lvl":8,"x":41,"y":25,"l1x":35,"l1y":24},{"data":1000010,"lvl":8,"x":41,"y":26,"l1x":35,"l1y":25},{"data":1000010,"lvl":8,"x":41,"y":27,"l1x":35,"l1y":26},{"data":1000010,"lvl":8,"x":41,"y":28,"l1x":35,"l1y":27},{"data":1000010,"lvl":8,"x":41,"y":29,"l1x":35,"l1y":28},{"data":1000010,"lvl":8,"x":41,"y":30,"l1x":35,"l1y":29},{"data":1000010,"lvl":9,"x":16,"y":25,"l1x":16,"l1y":25},{"data":1000010,"lvl":9,"x":16,"y":26,"l1x":16,"l1y":26},{"data":1000010,"lvl":9,"x":16,"y":27,"l1x":16,"l1y":27},{"data":1000010,"lvl":9,"x":16,"y":28,"l1x":16,"l1y":28},{"data":1000010,"lvl":9,"x":17,"y":28,"l1x":17,"l1y":28},{"data":1000010,"lvl":9,"x":18,"y":28,"l1x":18,"l1y":28},{"data":1000010,"lvl":9,"x":19,"y":28,"l1x":19,"l1y":28},{"data":1000010,"lvl":9,"x":20,"y":28,"l1x":20,"l1y":28},{"data":1000010,"lvl":9,"x":21,"y":28,"l1x":21,"l1y":28},{"data":1000010,"lvl":9,"x":22,"y":28,"l1x":22,"l1y":28},{"data":1000010,"lvl":9,"x":23,"y":28,"l1x":23,"l1y":28},{"data":1000010,"lvl":8,"x":41,"y":31,"l1x":35,"l1y":30},{"data":1000010,"lvl":8,"x":41,"y":32,"l1x":35,"l1y":31},{"data":1000010,"lvl":8,"x":41,"y":33,"l1x":35,"l1y":32},{"data":1000010,"lvl":8,"x":36,"y":41,"l1x":34,"l1y":35},{"data":1000023,"lvl":5,"x":9,"y":29,"res_time":53238,"l1x":9,"l1y":29},{"data":1000011,"lvl":7,"x":29,"y":18,"l1x":29,"l1y":18},{"data":1000009,"lvl":12,"x":32,"y":15,"l1x":32,"l1y":15},{"data":1000012,"lvl":7,"x":29,"y":26,"l1x":29,"l1y":26},{"data":1000003,"lvl":10,"x":9,"y":20,"l1x":9,"l1y":20},{"data":1000005,"lvl":10,"x":12,"y":9,"l1x":12,"l1y":9},{"data":1000019,"lvl":7,"x":18,"y":13,"l1x":18,"l1y":13},{"data":1000022,"lvl":0,"x":16,"y":19,"l1x":16,"l1y":19},{"data":1000023,"lvl":5,"x":36,"y":9,"res_time":42224,"l1x":36,"l1y":9},{"data":1000015,"lvl":0,"x":9,"y":18,"l1x":9,"l1y":18},{"data":1000026,"lvl":5,"x":36,"y":23,"unit_prod":{"unit_type":0,"t":2629,"slots":[{"id":4000013,"cnt":1}]},"l1x":36,"l1y":23},{"data":1000015,"lvl":0,"x":18,"y":9,"l1x":18,"l1y":9},{"data":1000021,"lvl":3,"x":16,"y":16,"attack_mode":true,"attack_mode_war":true,"attack_mode_draft":true,"attack_mode_draft_war":true,"ammo":1296,"l1x":16,"l1y":16},{"data":1000021,"lvl":3,"x":17,"y":25,"attack_mode":true,"attack_mode_war":true,"attack_mode_draft":true,"attack_mode_draft_war":true,"ammo":1231,"l1x":17,"l1y":25},{"data":1000025,"lvl":0,"x":25,"y":21,"l1x":25,"l1y":21},{"data":1000003,"lvl":10,"x":20,"y":9,"l1x":20,"l1y":9},{"data":1000009,"lvl":12,"x":29,"y":10,"l1x":29,"l1y":10},{"data":1000005,"lvl":10,"x":9,"y":12,"l1x":9,"l1y":12},{"data":1000011,"lvl":7,"x":23,"y":10,"l1x":23,"l1y":10},{"data":1000010,"lvl":9,"x":3,"y":27,"l1x":15,"l1y":25},{"data":1000010,"lvl":9,"x":17,"y":12,"l1x":17,"l1y":12},{"data":1000010,"lvl":9,"x":17,"y":14,"l1x":17,"l1y":14},{"data":1000010,"lvl":9,"x":25,"y":15,"l1x":25,"l1y":15},{"data":1000010,"lvl":9,"x":25,"y":16,"l1x":25,"l1y":16},{"data":1000010,"lvl":8,"x":41,"y":34,"l1x":35,"l1y":33},{"data":1000010,"lvl":8,"x":41,"y":35,"l1x":35,"l1y":34},{"data":1000010,"lvl":9,"x":39,"y":13,"l1x":28,"l1y":16},{"data":1000010,"lvl":9,"x":27,"y":16,"l1x":27,"l1y":16},{"data":1000010,"lvl":9,"x":39,"y":14,"l1x":28,"l1y":17},{"data":1000010,"lvl":9,"x":26,"y":16,"l1x":26,"l1y":16},{"data":1000010,"lvl":9,"x":39,"y":15,"l1x":28,"l1y":18},{"data":1000010,"lvl":9,"x":39,"y":16,"l1x":28,"l1y":19},{"data":1000010,"lvl":9,"x":39,"y":17,"l1x":28,"l1y":20},{"data":1000010,"lvl":9,"x":39,"y":18,"l1x":28,"l1y":21},{"data":1000010,"lvl":9,"x":39,"y":19,"l1x":28,"l1y":22},{"data":1000010,"lvl":9,"x":39,"y":20,"l1x":28,"l1y":23},{"data":1000010,"lvl":9,"x":39,"y":21,"l1x":28,"l1y":24},{"data":1000010,"lvl":9,"x":39,"y":22,"l1x":28,"l1y":25},{"data":1000010,"lvl":9,"x":39,"y":23,"l1x":28,"l1y":26},{"data":1000010,"lvl":9,"x":25,"y":28,"l1x":25,"l1y":28},{"data":1000010,"lvl":9,"x":26,"y":28,"l1x":26,"l1y":28},{"data":1000010,"lvl":9,"x":27,"y":28,"l1x":27,"l1y":28},{"data":1000010,"lvl":9,"x":39,"y":25,"l1x":28,"l1y":28},{"data":1000010,"lvl":9,"x":39,"y":24,"l1x":28,"l1y":27},{"data":1000012,"lvl":7,"x":12,"y":12,"l1x":12,"l1y":12},{"data":1000019,"lvl":7,"x":13,"y":18,"l1x":13,"l1y":18},{"data":1000027,"lvl":2,"x":22,"y":17,"attack_mode":true,"attack_mode_war":true,"attack_mode_draft":true,"attack_mode_draft_war":true,"ammo":565,"l1x":22,"l1y":17},{"data":1000027,"lvl":2,"x":17,"y":22,"attack_mode":true,"attack_mode_war":true,"attack_mode_draft":true,"attack_mode_draft_war":true,"ammo":578,"l1x":17,"l1y":22},{"data":1000021,"lvl":3,"x":25,"y":17,"attack_mode":true,"attack_mode_war":true,"attack_mode_draft":true,"attack_mode_draft_war":true,"ammo":1314,"l1x":25,"l1y":17},{"data":1000008,"lvl":11,"x":9,"y":15,"l1x":9,"l1y":15},{"data":1000002,"lvl":10,"x":27,"y":5,"res_time":171980,"l1x":27,"l1y":5},{"data":1000004,"lvl":10,"x":27,"y":36,"res_time":164626,"l1x":27,"l1y":36},{"data":1000009,"lvl":12,"x":9,"y":9,"l1x":9,"l1y":9},{"data":1000023,"lvl":5,"x":32,"y":31,"res_time":42219,"l1x":32,"l1y":31}],"obstacles":[{"data":8000000,"x":3,"y":0,"l1x":-1,"l1y":-1,"loot_multiply_ver":2},{"data":8000004,"x":42,"y":26,"l1x":-1,"l1y":-1,"loot_multiply_ver":2},{"data":8000004,"x":42,"y":22,"l1x":-1,"l1y":-1,"loot_multiply_ver":2},{"data":8000004,"x":42,"y":29,"l1x":-1,"l1y":-1,"loot_multiply_ver":2},{"data":8000004,"x":42,"y":17,"l1x":-1,"l1y":-1,"loot_multiply_ver":2},{"data":8000004,"x":0,"y":8,"l1x":-1,"l1y":-1,"loot_multiply_ver":2},{"data":8000004,"x":42,"y":4,"l1x":-1,"l1y":-1,"loot_multiply_ver":2},{"data":8000000,"x":7,"y":0,"l1x":-1,"l1y":-1,"loot_multiply_ver":2},{"data":8000004,"x":42,"y":0,"l1x":-1,"l1y":-1,"loot_multiply_ver":2},{"data":8000004,"x":42,"y":12,"l1x":-1,"l1y":-1,"loot_multiply_ver":2},{"data":8000000,"x":19,"y":42,"l1x":-1,"l1y":-1,"loot_multiply_ver":2},{"data":8000004,"x":27,"y":42,"l1x":-1,"l1y":-1,"loot_multiply_ver":2},{"data":8000000,"x":0,"y":27,"l1x":-1,"l1y":-1,"loot_multiply_ver":2},{"data":8000000,"x":13,"y":0,"l1x":-1,"l1y":-1,"loot_multiply_ver":2},{"data":8000000,"x":16,"y":42,"l1x":-1,"l1y":-1,"loot_multiply_ver":2},{"data":8000004,"x":35,"y":42,"l1x":-1,"l1y":-1,"loot_multiply_ver":2},{"data":8000000,"x":12,"y":42,"l1x":-1,"l1y":-1,"loot_multiply_ver":2},{"data":8000000,"x":42,"y":36,"l1x":-1,"l1y":-1,"loot_multiply_ver":2},{"data":8000004,"x":30,"y":42,"l1x":-1,"l1y":-1,"loot_multiply_ver":2},{"data":8000013,"x":7,"y":3,"l1x":-1,"l1y":-1,"loot_multiply_ver":2},{"data":8000013,"x":3,"y":3,"l1x":-1,"l1y":-1,"loot_multiply_ver":2},{"data":8000004,"x":17,"y":0,"l1x":-1,"l1y":-1,"loot_multiply_ver":2},{"data":8000000,"x":20,"y":0,"l1x":-1,"l1y":-1,"loot_multiply_ver":2},{"data":8000005,"x":2,"y":41,"l1x":-1,"l1y":-1,"loot_multiply_ver":2},{"data":8000005,"x":6,"y":38,"l1x":-1,"l1y":-1,"loot_multiply_ver":2},{"data":8000000,"x":31,"y":0,"l1x":-1,"l1y":-1,"loot_multiply_ver":2},{"data":8000000,"x":0,"y":17,"l1x":-1,"l1y":-1,"loot_multiply_ver":2},{"data":8000004,"x":25,"y":0,"l1x":-1,"l1y":-1,"loot_multiply_ver":2},{"data":8000004,"x":38,"y":42,"l1x":-1,"l1y":-1,"loot_multiply_ver":2},{"data":8000000,"x":0,"y":38,"l1x":-1,"l1y":-1,"loot_multiply_ver":2},{"data":8000000,"x":0,"y":35,"l1x":-1,"l1y":-1,"loot_multiply_ver":2},{"data":8000004,"x":0,"y":24,"l1x":-1,"l1y":-1,"loot_multiply_ver":2},{"data":8000004,"x":6,"y":42,"l1x":-1,"l1y":-1,"loot_multiply_ver":2},{"data":8000005,"x":37,"y":5,"l1x":-1,"l1y":-1,"loot_multiply_ver":2},{"data":8000013,"x":0,"y":13,"l1x":-1,"l1y":-1,"loot_multiply_ver":2},{"data":8000004,"x":37,"y":0,"l1x":-1,"l1y":-1,"loot_multiply_ver":2},{"data":8000000,"x":0,"y":1,"l1x":-1,"l1y":-1,"loot_multiply_ver":2},{"data":8000030,"x":28,"y":39,"l1x":-1,"l1y":-1,"loot_multiply_ver":2},{"data":8000000,"x":0,"y":31,"l1x":-1,"l1y":-1,"loot_multiply_ver":2},{"data":8000004,"x":42,"y":40,"l1x":-1,"l1y":-1,"loot_multiply_ver":2},{"data":8000009,"x":22,"y":16,"l1x":-1,"l1y":-1,"loot_multiply_ver":1},{"data":8000023,"x":32,"y":27,"l1x":-1,"l1y":-1,"loot_multiply_ver":1},{"data":8000009,"x":23,"y":16,"l1x":-1,"l1y":-1,"loot_multiply_ver":1},{"data":8000009,"x":21,"y":12,"l1x":-1,"l1y":-1,"loot_multiply_ver":1},{"data":8000023,"x":22,"y":12,"l1x":-1,"l1y":-1,"loot_multiply_ver":1},{"data":8000009,"x":15,"y":12,"l1x":-1,"l1y":-1,"loot_multiply_ver":1},{"data":8000023,"x":23,"y":9,"l1x":-1,"l1y":-1,"loot_multiply_ver":1},{"data":8000009,"x":8,"y":7,"l1x":-1,"l1y":-1,"loot_multiply_ver":1},{"data":8000009,"x":7,"y":32,"l1x":-1,"l1y":-1,"loot_multiply_ver":1},{"data":8000009,"x":6,"y":32,"l1x":-1,"l1y":-1,"loot_multiply_ver":1},{"data":8000009,"x":7,"y":11,"l1x":-1,"l1y":-1,"loot_multiply_ver":1},{"data":8000009,"x":6,"y":19,"l1x":-1,"l1y":-1,"loot_multiply_ver":1},{"data":8000009,"x":12,"y":16,"l1x":-1,"l1y":-1,"loot_multiply_ver":1},{"data":8000009,"x":11,"y":19,"l1x":-1,"l1y":-1,"loot_multiply_ver":1},{"data":8000009,"x":12,"y":22,"l1x":-1,"l1y":-1,"loot_multiply_ver":1},{"data":8000009,"x":9,"y":24,"l1x":-1,"l1y":-1,"loot_multiply_ver":1},{"data":8000009,"x":16,"y":37,"l1x":-1,"l1y":-1,"loot_multiply_ver":1},{"data":8000009,"x":27,"y":9,"l1x":-1,"l1y":-1,"loot_multiply_ver":1}],"traps":[{"data":12000001,"lvl":0,"needs_repair":true,"x":19,"y":11,"l1x":19,"l1y":11},{"data":12000001,"lvl":0,"needs_repair":true,"x":11,"y":18,"l1x":11,"l1y":18},{"data":12000001,"lvl":0,"x":24,"y":9,"l1x":24,"l1y":9},{"data":12000001,"lvl":0,"x":33,"y":27,"l1x":33,"l1y":27},{"data":12000005,"lvl":3,"x":7,"y":19,"l1x":7,"l1y":19},{"data":12000005,"lvl":3,"x":8,"y":36,"l1x":8,"l1y":36},{"data":12000006,"lvl":2,"x":12,"y":21,"l1x":12,"l1y":21},{"data":12000002,"lvl":3,"x":29,"y":13,"l1x":29,"l1y":13},{"data":12000002,"lvl":3,"x":32,"y":21,"l1x":32,"l1y":21},{"data":12000000,"lvl":5,"needs_repair":true,"x":16,"y":29,"l1x":16,"l1y":29},{"data":12000000,"lvl":5,"needs_repair":true,"x":17,"y":29,"l1x":17,"l1y":29},{"data":12000000,"lvl":5,"needs_repair":true,"x":15,"y":29,"l1x":15,"l1y":29},{"data":12000000,"lvl":5,"needs_repair":true,"x":17,"y":30,"l1x":17,"l1y":30},{"data":12000000,"lvl":5,"needs_repair":true,"x":15,"y":30,"l1x":15,"l1y":30},{"data":12000000,"lvl":5,"needs_repair":true,"x":16,"y":30,"l1x":16,"l1y":30},{"data":12000001,"lvl":0,"needs_repair":true,"x":9,"y":23,"l1x":9,"l1y":23},{"data":12000001,"lvl":0,"x":16,"y":34,"l1x":16,"l1y":34},{"data":12000002,"lvl":3,"x":21,"y":32,"l1x":21,"l1y":32},{"data":12000005,"lvl":3,"x":9,"y":7,"l1x":9,"l1y":7},{"data":12000005,"lvl":3,"x":36,"y":8,"l1x":36,"l1y":8},{"data":12000006,"lvl":2,"x":9,"y":28,"l1x":9,"l1y":28},{"data":12000002,"lvl":3,"needs_repair":true,"x":13,"y":21,"l1x":13,"l1y":21},{"data":12000006,"lvl":2,"x":16,"y":12,"l1x":16,"l1y":12},{"data":12000006,"lvl":2,"x":31,"y":14,"l1x":31,"l1y":14},{"data":12000002,"lvl":3,"needs_repair":true,"x":21,"y":13,"l1x":21,"l1y":13},{"data":12000005,"lvl":3,"x":35,"y":36,"l1x":35,"l1y":36},{"data":12000006,"lvl":2,"x":32,"y":34,"l1x":32,"l1y":34}],"decos":[{"data":18000000,"x":38,"y":33,"l1x":38,"l1y":33},{"data":18000004,"x":35,"y":38,"l1x":35,"l1y":38}],"respawnVars":{"secondsFromLastRespawn":27298,"respawnSeed":1520016285,"obstacleClearCounter":4,"time_to_gembox_drop":385981,"time_in_gembox_period":72000},"cooldowns":[{"cooldown":2132195,"target":20000001},{"cooldown":5192252,"target":20000000}],"newShopBuildings":[4,0,7,4,7,4,4,1,6,7,250,4,4,3,1,5,0,0,0,4,1,3,1,3,1,1,2,2],"newShopTraps":[6,6,5,0,0,5,5,0],"newShopDecos":[1,4,0,1,1,4,4,1,1,1,1,1,1,1,1,1,1,1,1,1,1,1,1,1,1,1,1,1,1,1,1,1,1,1,1,1,1],"last_league_rank":16,"last_league_shuffle":1,"last_news_seen":81,"edit_mode_shown":true,"troop_req_msg":"lava df tu ae","war_req_msg":"2wz & cung","war_tutorials_seen":0,"war_base":true}