{"buildings":[{"data":1000001,"lvl":9,"x":19,"y":19,"l1x":19,"l1y":19},{"data":1000004,"lvl":10,"x":36,"y":39,"res_time":116357,"l1x":20,"l1y":37},{"data":1000000,"lvl":7,"x":36,"y":11,"units":[[4000001,1]],"storage_type":0,"l1x":8,"l1y":33},{"data":1000015,"lvl":0,"x":21,"y":33,"l1x":24,"l1y":30},{"data":1000014,"lvl":5,"x":23,"y":23,"l1x":24,"l1y":24},{"data":1000008,"lvl":11,"x":35,"y":21,"l1x":23,"l1y":33},{"data":1000015,"lvl":0,"x":33,"y":21,"l1x":30,"l1y":25},{"data":1000002,"lvl":10,"boost_t":53307,"x":24,"y":36,"res_time":176694,"l1x":17,"l1y":37},{"data":1000003,"lvl":10,"x":39,"y":21,"l1x":23,"l1y":8},{"data":1000005,"lvl":10,"x":27,"y":39,"l1x":19,"l1y":33},{"data":1000006,"lvl":9,"x":9,"y":27,"unit_prod":{"unit_type":0},"l1x":4,"l1y":28},{"data":1000002,"lvl":10,"boost_t":53309,"x":24,"y":39,"res_time":176698,"l1x":37,"l1y":20},{"data":1000000,"lvl":7,"x":31,"y":11,"units":[[4000000,1],[4000017,2]],"storage_type":0,"l1x":33,"l1y":8},{"data":1000003,"lvl":10,"x":21,"y":39,"l1x":25,"l1y":12},{"data":1000004,"lvl":10,"x":33,"y":39,"res_time":146934,"l1x":37,"l1y":23},{"data":1000002,"lvl":10,"boost_t":53313,"x":39,"y":24,"res_time":176700,"l1x":8,"l1y":19},{"data":1000009,"lvl":12,"x":36,"y":27,"l1x":16,"l1y":33},{"data":1000005,"lvl":10,"x":39,"y":27,"l1x":33,"l1y":19},{"data":1000010,"lvl":10,"x":20,"y":38,"l1x":37,"l1y":37},{"data":1000010,"lvl":10,"x":20,"y":37,"l1x":32,"l1y":28},{"data":1000004,"lvl":10,"x":30,"y":39,"res_time":156399,"l1x":37,"l1y":17},{"data":1000015,"lvl":0,"x":8,"y":20,"l1x":29,"l1y":12},{"data":1000004,"lvl":10,"x":39,"y":39,"res_time":146933,"l1x":4,"l1y":8},{"data":1000015,"lvl":0,"x":19,"y":8,"l1x":12,"l1y":29},{"data":1000010,"lvl":10,"x":19,"y":36,"l1x":31,"l1y":28},{"data":1000010,"lvl":10,"x":18,"y":36,"l1x":30,"l1y":28},{"data":1000010,"lvl":10,"x":17,"y":36,"l1x":30,"l1y":29},{"data":1000010,"lvl":10,"x":16,"y":36,"l1x":30,"l1y":30},{"data":1000010,"lvl":10,"x":16,"y":35,"l1x":29,"l1y":30},{"data":1000010,"lvl":10,"x":20,"y":36,"l1x":28,"l1y":30},{"data":1000010,"lvl":10,"x":20,"y":35,"l1x":28,"l1y":31},{"data":1000010,"lvl":10,"x":20,"y":34,"l1x":28,"l1y":32},{"data":1000010,"lvl":10,"x":20,"y":33,"l1x":27,"l1y":39},{"data":1000010,"lvl":10,"x":17,"y":32,"l1x":27,"l1y":38},{"data":1000010,"lvl":10,"x":18,"y":32,"l1x":27,"l1y":37},{"data":1000010,"lvl":10,"x":19,"y":32,"l1x":27,"l1y":36},{"data":1000010,"lvl":10,"x":16,"y":34,"l1x":27,"l1y":35},{"data":1000010,"lvl":10,"x":16,"y":33,"l1x":27,"l1y":34},{"data":1000010,"lvl":10,"x":16,"y":32,"l1x":27,"l1y":33},{"data":1000010,"lvl":10,"x":16,"y":31,"l1x":27,"l1y":40},{"data":1000010,"lvl":10,"x":20,"y":32,"l1x":26,"l1y":40},{"data":1000010,"lvl":10,"x":20,"y":31,"l1x":25,"l1y":40},{"data":1000010,"lvl":10,"x":20,"y":30,"l1x":24,"l1y":40},{"data":1000010,"lvl":10,"x":20,"y":29,"l1x":23,"l1y":40},{"data":1000010,"lvl":10,"x":20,"y":28,"l1x":22,"l1y":40},{"data":1000010,"lvl":10,"x":9,"y":30,"l1x":21,"l1y":40},{"data":1000010,"lvl":10,"x":8,"y":30,"l1x":20,"l1y":40},{"data":1000010,"lvl":10,"x":17,"y":26,"l1x":19,"l1y":40},{"data":1000010,"lvl":10,"x":20,"y":27,"l1x":18,"l1y":40},{"data":1000010,"lvl":10,"x":16,"y":29,"l1x":17,"l1y":40},{"data":1000010,"lvl":10,"x":16,"y":27,"l1x":16,"l1y":40},{"data":1000010,"lvl":10,"x":16,"y":30,"l1x":15,"l1y":40},{"data":1000010,"lvl":10,"x":15,"y":30,"l1x":27,"l1y":32},{"data":1000010,"lvl":10,"x":14,"y":30,"l1x":15,"l1y":39},{"data":1000010,"lvl":10,"x":12,"y":30,"l1x":15,"l1y":38},{"data":1000010,"lvl":10,"x":13,"y":26,"l1x":15,"l1y":37},{"data":1000010,"lvl":10,"x":12,"y":28,"l1x":15,"l1y":36},{"data":1000010,"lvl":10,"x":13,"y":30,"l1x":15,"l1y":35},{"data":1000010,"lvl":10,"x":12,"y":29,"l1x":15,"l1y":34},{"data":1000010,"lvl":10,"x":11,"y":30,"l1x":15,"l1y":33},{"data":1000010,"lvl":10,"x":10,"y":30,"l1x":26,"l1y":32},{"data":1000002,"lvl":10,"boost_t":53314,"x":36,"y":24,"res_time":176699,"l1x":19,"l1y":8},{"data":1000010,"lvl":10,"x":9,"y":26,"l1x":25,"l1y":32},{"data":1000010,"lvl":10,"x":8,"y":26,"l1x":24,"l1y":32},{"data":1000010,"lvl":10,"x":8,"y":27,"l1x":23,"l1y":32},{"data":1000010,"lvl":10,"x":8,"y":29,"l1x":22,"l1y":32},{"data":1000009,"lvl":12,"x":36,"y":36,"l1x":33,"l1y":16},{"data":1000007,"lvl":7,"x":37,"y":16,"unit_upg":{"unit_type":0,"t":1176502,"id":4000001},"l1x":32,"l1y":32},{"data":1000010,"lvl":10,"x":8,"y":28,"l1x":21,"l1y":32},{"data":1000010,"lvl":10,"x":9,"y":22,"l1x":20,"l1y":32},{"data":1000010,"lvl":10,"x":8,"y":22,"l1x":19,"l1y":32},{"data":1000010,"lvl":10,"x":7,"y":22,"l1x":18,"l1y":32},{"data":1000010,"lvl":10,"x":7,"y":21,"l1x":17,"l1y":32},{"data":1000010,"lvl":10,"x":7,"y":20,"l1x":16,"l1y":32},{"data":1000010,"lvl":10,"x":7,"y":19,"l1x":15,"l1y":32},{"data":1000010,"lvl":10,"x":7,"y":18,"l1x":14,"l1y":32},{"data":1000010,"lvl":10,"x":8,"y":18,"l1x":33,"l1y":27},{"data":1000010,"lvl":10,"x":9,"y":18,"l1x":34,"l1y":27},{"data":1000010,"lvl":10,"x":20,"y":39,"l1x":35,"l1y":27},{"data":1000010,"lvl":10,"x":39,"y":20,"l1x":36,"l1y":27},{"data":1000010,"lvl":10,"x":38,"y":20,"l1x":37,"l1y":27},{"data":1000010,"lvl":10,"x":37,"y":20,"l1x":38,"l1y":27},{"data":1000010,"lvl":10,"x":33,"y":20,"l1x":39,"l1y":27},{"data":1000010,"lvl":10,"x":34,"y":20,"l1x":32,"l1y":27},{"data":1000010,"lvl":10,"x":35,"y":20,"l1x":40,"l1y":27},{"data":1000010,"lvl":10,"x":36,"y":20,"l1x":40,"l1y":26},{"data":1000010,"lvl":10,"x":36,"y":19,"l1x":32,"l1y":26},{"data":1000010,"lvl":10,"x":36,"y":18,"l1x":40,"l1y":25},{"data":1000010,"lvl":10,"x":36,"y":17,"l1x":40,"l1y":24},{"data":1000006,"lvl":9,"x":5,"y":23,"unit_prod":{"unit_type":0},"l1x":4,"l1y":23},{"data":1000010,"lvl":10,"x":36,"y":16,"l1x":40,"l1y":23},{"data":1000010,"lvl":10,"x":35,"y":16,"l1x":40,"l1y":22},{"data":1000010,"lvl":10,"x":34,"y":16,"l1x":40,"l1y":21},{"data":1000004,"lvl":10,"x":39,"y":36,"res_time":146885,"l1x":8,"l1y":4},{"data":1000000,"lvl":7,"x":11,"y":36,"units":[[4000005,5]],"storage_type":0,"l1x":36,"l1y":30},{"data":1000020,"lvl":4,"x":16,"y":37,"units":[[26000000,1],[26000002,3],[26000005,1]],"storage_type":1,"unit_prod":{"unit_type":1},"l1x":4,"l1y":4},{"data":1000019,"lvl":7,"x":18,"y":27,"l1x":23,"l1y":21},{"data":1000019,"lvl":7,"x":27,"y":17,"l1x":30,"l1y":21},{"data":1000019,"lvl":7,"x":19,"y":11,"l1x":21,"l1y":23},{"data":1000026,"lvl":5,"x":15,"y":6,"unit_prod":{"unit_type":0},"l1x":33,"l1y":28},{"data":1000000,"lvl":7,"x":11,"y":31,"units":[[4000005,11],[4000010,2]],"storage_type":0,"l1x":30,"l1y":36},{"data":1000023,"lvl":5,"x":7,"y":11,"res_time":55531,"l1x":4,"l1y":18},{"data":1000024,"lvl":5,"x":27,"y":27,"l1x":12,"l1y":12},{"data":1000010,"lvl":10,"x":33,"y":16,"l1x":40,"l1y":20},{"data":1000010,"lvl":10,"x":31,"y":16,"l1x":40,"l1y":19},{"data":1000010,"lvl":10,"x":32,"y":16,"l1x":40,"l1y":18},{"data":1000010,"lvl":10,"x":32,"y":17,"l1x":40,"l1y":17},{"data":1000010,"lvl":10,"x":32,"y":18,"l1x":40,"l1y":16},{"data":1000010,"lvl":10,"x":32,"y":19,"l1x":40,"l1y":15},{"data":1000010,"lvl":10,"x":32,"y":20,"l1x":39,"l1y":15},{"data":1000010,"lvl":10,"x":31,"y":20,"l1x":38,"l1y":15},{"data":1000010,"lvl":10,"x":30,"y":20,"l1x":37,"l1y":15},{"data":1000011,"lvl":7,"x":29,"y":33,"l1x":29,"l1y":15},{"data":1000011,"lvl":7,"x":24,"y":33,"l1x":15,"l1y":29},{"data":1000015,"lvl":0,"x":12,"y":12,"l1x":9,"l1y":26},{"data":1000012,"lvl":7,"x":15,"y":23,"l1x":29,"l1y":18},{"data":1000012,"lvl":7,"x":23,"y":15,"l1x":18,"l1y":29},{"data":1000011,"lvl":7,"x":33,"y":29,"l1x":8,"l1y":16},{"data":1000008,"lvl":11,"x":21,"y":35,"l1x":33,"l1y":23},{"data":1000008,"lvl":11,"x":36,"y":30,"l1x":27,"l1y":21},{"data":1000008,"lvl":11,"x":30,"y":36,"l1x":27,"l1y":24},{"data":1000022,"lvl":0,"boost_t":1555,"x":23,"y":27,"l1x":18,"l1y":26},{"data":1000010,"lvl":10,"x":30,"y":15,"l1x":36,"l1y":15},{"data":1000010,"lvl":10,"x":30,"y":14,"l1x":35,"l1y":15},{"data":1000010,"lvl":10,"x":30,"y":13,"l1x":34,"l1y":15},{"data":1000010,"lvl":10,"x":29,"y":20,"l1x":33,"l1y":15},{"data":1000010,"lvl":10,"x":29,"y":12,"l1x":32,"l1y":25},{"data":1000010,"lvl":10,"x":30,"y":12,"l1x":32,"l1y":24},{"data":1000010,"lvl":10,"x":30,"y":11,"l1x":32,"l1y":23},{"data":1000010,"lvl":10,"x":30,"y":10,"l1x":32,"l1y":22},{"data":1000010,"lvl":10,"x":30,"y":9,"l1x":32,"l1y":21},{"data":1000010,"lvl":10,"x":30,"y":8,"l1x":32,"l1y":20},{"data":1000010,"lvl":10,"x":29,"y":8,"l1x":32,"l1y":19},{"data":1000010,"lvl":10,"x":28,"y":8,"l1x":32,"l1y":18},{"data":1000010,"lvl":10,"x":27,"y":8,"l1x":32,"l1y":17},{"data":1000010,"lvl":10,"x":26,"y":8,"l1x":32,"l1y":16},{"data":1000010,"lvl":10,"x":28,"y":12,"l1x":32,"l1y":15},{"data":1000010,"lvl":10,"x":27,"y":12,"l1x":32,"l1y":14},{"data":1000010,"lvl":10,"x":30,"y":16,"l1x":28,"l1y":12},{"data":1000010,"lvl":10,"x":29,"y":16,"l1x":28,"l1y":13},{"data":1000010,"lvl":10,"x":28,"y":16,"l1x":28,"l1y":14},{"data":1000010,"lvl":10,"x":27,"y":16,"l1x":29,"l1y":14},{"data":1000010,"lvl":10,"x":28,"y":20,"l1x":30,"l1y":14},{"data":1000010,"lvl":10,"x":27,"y":20,"l1x":31,"l1y":14},{"data":1000010,"lvl":10,"x":26,"y":11,"l1x":31,"l1y":13},{"data":1000010,"lvl":10,"x":26,"y":10,"l1x":31,"l1y":12},{"data":1000010,"lvl":10,"x":26,"y":9,"l1x":27,"l1y":11},{"data":1000010,"lvl":10,"x":25,"y":9,"l1x":28,"l1y":11},{"data":1000010,"lvl":10,"x":24,"y":9,"l1x":29,"l1y":11},{"data":1000010,"lvl":10,"x":23,"y":9,"l1x":30,"l1y":11},{"data":1000010,"lvl":10,"x":22,"y":9,"l1x":31,"l1y":11},{"data":1000010,"lvl":10,"x":22,"y":8,"l1x":31,"l1y":10},{"data":1000010,"lvl":10,"x":22,"y":7,"l1x":31,"l1y":9},{"data":1000010,"lvl":10,"x":21,"y":7,"l1x":31,"l1y":8},{"data":1000010,"lvl":10,"x":20,"y":7,"l1x":31,"l1y":7},{"data":1000010,"lvl":10,"x":19,"y":7,"l1x":30,"l1y":7},{"data":1000010,"lvl":10,"x":18,"y":7,"l1x":29,"l1y":7},{"data":1000010,"lvl":10,"x":18,"y":8,"l1x":28,"l1y":7},{"data":1000010,"lvl":10,"x":18,"y":9,"l1x":27,"l1y":7},{"data":1000010,"lvl":10,"x":23,"y":13,"l1x":26,"l1y":11},{"data":1000010,"lvl":10,"x":24,"y":13,"l1x":25,"l1y":11},{"data":1000010,"lvl":10,"x":25,"y":13,"l1x":24,"l1y":11},{"data":1000010,"lvl":10,"x":26,"y":12,"l1x":23,"l1y":11},{"data":1000010,"lvl":10,"x":26,"y":13,"l1x":12,"l1y":28},{"data":1000010,"lvl":10,"x":26,"y":14,"l1x":13,"l1y":28},{"data":1000010,"lvl":10,"x":26,"y":15,"l1x":14,"l1y":28},{"data":1000010,"lvl":10,"x":26,"y":16,"l1x":14,"l1y":29},{"data":1000010,"lvl":10,"x":26,"y":17,"l1x":14,"l1y":30},{"data":1000010,"lvl":10,"x":22,"y":11,"l1x":14,"l1y":31},{"data":1000010,"lvl":10,"x":22,"y":10,"l1x":13,"l1y":31},{"data":1000010,"lvl":10,"x":21,"y":10,"l1x":12,"l1y":31},{"data":1000010,"lvl":10,"x":20,"y":10,"l1x":7,"l1y":23},{"data":1000010,"lvl":10,"x":19,"y":10,"l1x":7,"l1y":24},{"data":1000010,"lvl":10,"x":12,"y":27,"l1x":7,"l1y":25},{"data":1000010,"lvl":10,"x":12,"y":26,"l1x":7,"l1y":26},{"data":1000010,"lvl":10,"x":11,"y":26,"l1x":7,"l1y":27},{"data":1000010,"lvl":10,"x":10,"y":26,"l1x":7,"l1y":28},{"data":1000010,"lvl":10,"x":10,"y":25,"l1x":7,"l1y":29},{"data":1000010,"lvl":10,"x":10,"y":24,"l1x":7,"l1y":30},{"data":1000010,"lvl":10,"x":10,"y":23,"l1x":7,"l1y":31},{"data":1000010,"lvl":10,"x":16,"y":28,"l1x":8,"l1y":31},{"data":1000010,"lvl":10,"x":16,"y":26,"l1x":9,"l1y":31},{"data":1000010,"lvl":10,"x":15,"y":26,"l1x":10,"l1y":31},{"data":1000010,"lvl":10,"x":14,"y":26,"l1x":11,"l1y":31},{"data":1000010,"lvl":10,"x":14,"y":25,"l1x":11,"l1y":30},{"data":1000010,"lvl":10,"x":14,"y":24,"l1x":11,"l1y":29},{"data":1000010,"lvl":10,"x":14,"y":23,"l1x":11,"l1y":28},{"data":1000010,"lvl":10,"x":12,"y":22,"l1x":11,"l1y":27},{"data":1000026,"lvl":5,"x":6,"y":15,"unit_prod":{"unit_type":0},"l1x":28,"l1y":33},{"data":1000013,"lvl":7,"x":32,"y":32,"l1x":27,"l1y":27},{"data":1000013,"lvl":7,"x":30,"y":21,"l1x":22,"l1y":16},{"data":1000013,"lvl":7,"x":21,"y":30,"l1x":16,"l1y":22},{"data":1000012,"lvl":7,"x":15,"y":19,"l1x":18,"l1y":12},{"data":1000008,"lvl":11,"x":27,"y":30,"l1x":24,"l1y":27},{"data":1000021,"lvl":3,"x":17,"y":29,"attack_mode":false,"attack_mode_war":false,"attack_mode_draft":false,"attack_mode_draft_war":false,"ammo":1500,"l1x":26,"l1y":15},{"data":1000010,"lvl":10,"x":11,"y":22,"l1x":11,"l1y":26},{"data":1000005,"lvl":10,"x":30,"y":24,"l1x":15,"l1y":12},{"data":1000008,"lvl":11,"x":30,"y":27,"l1x":21,"l1y":28},{"data":1000021,"lvl":3,"x":29,"y":17,"attack_mode":false,"attack_mode_war":false,"attack_mode_draft":false,"attack_mode_draft_war":false,"ammo":1500,"l1x":15,"l1y":26},{"data":1000011,"lvl":7,"x":33,"y":24,"l1x":16,"l1y":8},{"data":1000027,"lvl":2,"x":19,"y":24,"attack_mode":true,"attack_mode_war":true,"attack_mode_draft":true,"attack_mode_draft_war":true,"ammo":750,"l1x":21,"l1y":13},{"data":1000021,"lvl":3,"x":15,"y":15,"attack_mode":false,"attack_mode_war":false,"attack_mode_draft":false,"attack_mode_draft_war":false,"ammo":1500,"l1x":16,"l1y":16},{"data":1000009,"lvl":12,"x":27,"y":36,"l1x":28,"l1y":8},{"data":1000019,"lvl":7,"x":11,"y":20,"l1x":21,"l1y":26},{"data":1000012,"lvl":7,"x":19,"y":15,"l1x":12,"l1y":18},{"data":1000027,"lvl":2,"x":24,"y":19,"attack_mode":true,"attack_mode_war":true,"attack_mode_draft":true,"attack_mode_draft_war":true,"ammo":750,"l1x":13,"l1y":21},{"data":1000009,"lvl":12,"x":17,"y":33,"l1x":8,"l1y":28},{"data":1000010,"lvl":10,"x":10,"y":22,"l1x":11,"l1y":25},{"data":1000010,"lvl":10,"x":10,"y":21,"l1x":11,"l1y":24},{"data":1000010,"lvl":10,"x":10,"y":20,"l1x":11,"l1y":23},{"data":1000010,"lvl":10,"x":10,"y":19,"l1x":22,"l1y":10},{"data":1000009,"lvl":12,"x":33,"y":17,"l1x":19,"l1y":16},{"data":1000009,"lvl":12,"x":23,"y":10,"l1x":16,"l1y":19},{"data":1000009,"lvl":12,"x":11,"y":23,"l1x":8,"l1y":8},{"data":1000005,"lvl":10,"x":24,"y":30,"l1x":12,"l1y":15},{"data":1000025,"lvl":0,"boost_t":1556,"x":27,"y":23,"l1x":26,"l1y":18},{"data":1000010,"lvl":10,"x":13,"y":10,"l1x":22,"l1y":9},{"data":1000010,"lvl":10,"x":12,"y":10,"l1x":22,"l1y":8},{"data":1000010,"lvl":10,"x":11,"y":10,"l1x":22,"l1y":11},{"data":1000010,"lvl":10,"x":10,"y":10,"l1x":21,"l1y":11},{"data":1000010,"lvl":10,"x":10,"y":11,"l1x":20,"l1y":11},{"data":1000010,"lvl":10,"x":10,"y":12,"l1x":19,"l1y":11},{"data":1000010,"lvl":10,"x":10,"y":13,"l1x":18,"l1y":11},{"data":1000010,"lvl":10,"x":18,"y":11,"l1x":17,"l1y":11},{"data":1000010,"lvl":10,"x":18,"y":10,"l1x":16,"l1y":11},{"data":1000010,"lvl":10,"x":17,"y":10,"l1x":15,"l1y":11},{"data":1000010,"lvl":10,"x":16,"y":10,"l1x":14,"l1y":11},{"data":1000010,"lvl":10,"x":15,"y":10,"l1x":13,"l1y":11},{"data":1000010,"lvl":10,"x":14,"y":10,"l1x":12,"l1y":11},{"data":1000010,"lvl":10,"x":14,"y":11,"l1x":11,"l1y":11},{"data":1000010,"lvl":10,"x":14,"y":12,"l1x":11,"l1y":12},{"data":1000010,"lvl":10,"x":14,"y":13,"l1x":11,"l1y":13},{"data":1000010,"lvl":10,"x":13,"y":14,"l1x":11,"l1y":14},{"data":1000010,"lvl":10,"x":12,"y":14,"l1x":11,"l1y":15},{"data":1000010,"lvl":10,"x":11,"y":14,"l1x":11,"l1y":16},{"data":1000010,"lvl":10,"x":10,"y":14,"l1x":11,"l1y":17},{"data":1000010,"lvl":10,"x":10,"y":15,"l1x":11,"l1y":18},{"data":1000010,"lvl":10,"x":10,"y":16,"l1x":11,"l1y":19},{"data":1000010,"lvl":10,"x":10,"y":17,"l1x":11,"l1y":20},{"data":1000010,"lvl":10,"x":10,"y":18,"l1x":11,"l1y":21},{"data":1000010,"lvl":10,"x":11,"y":18,"l1x":11,"l1y":22},{"data":1000010,"lvl":10,"x":12,"y":18,"l1x":10,"l1y":22},{"data":1000010,"lvl":10,"x":17,"y":14,"l1x":9,"l1y":22},{"data":1000010,"lvl":10,"x":16,"y":14,"l1x":8,"l1y":22},{"data":1000010,"lvl":10,"x":15,"y":14,"l1x":26,"l1y":7},{"data":1000010,"lvl":10,"x":14,"y":14,"l1x":25,"l1y":7},{"data":1000010,"lvl":10,"x":14,"y":15,"l1x":24,"l1y":7},{"data":1000010,"lvl":10,"x":14,"y":16,"l1x":23,"l1y":7},{"data":1000010,"lvl":10,"x":14,"y":17,"l1x":22,"l1y":7},{"data":1000010,"lvl":10,"x":17,"y":22,"l1x":21,"l1y":7},{"data":1000010,"lvl":10,"x":16,"y":22,"l1x":20,"l1y":7},{"data":1000010,"lvl":10,"x":15,"y":22,"l1x":19,"l1y":7},{"data":1000010,"lvl":10,"x":14,"y":22,"l1x":18,"l1y":7},{"data":1000010,"lvl":10,"x":13,"y":22,"l1x":17,"l1y":7},{"data":1000010,"lvl":10,"x":13,"y":21,"l1x":16,"l1y":7},{"data":1000010,"lvl":10,"x":13,"y":20,"l1x":15,"l1y":7},{"data":1000010,"lvl":10,"x":13,"y":19,"l1x":14,"l1y":7},{"data":1000010,"lvl":10,"x":13,"y":18,"l1x":13,"l1y":7},{"data":1000010,"lvl":10,"x":19,"y":13,"l1x":12,"l1y":7},{"data":1000010,"lvl":10,"x":20,"y":13,"l1x":11,"l1y":7},{"data":1000010,"lvl":10,"x":21,"y":13,"l1x":10,"l1y":7},{"data":1000010,"lvl":10,"x":22,"y":12,"l1x":9,"l1y":7},{"data":1000010,"lvl":10,"x":22,"y":13,"l1x":8,"l1y":7},{"data":1000010,"lvl":10,"x":22,"y":14,"l1x":7,"l1y":22},{"data":1000010,"lvl":10,"x":22,"y":15,"l1x":7,"l1y":21},{"data":1000010,"lvl":10,"x":22,"y":16,"l1x":7,"l1y":20},{"data":1000010,"lvl":10,"x":22,"y":17,"l1x":7,"l1y":19},{"data":1000010,"lvl":10,"x":18,"y":12,"l1x":7,"l1y":18},{"data":1000010,"lvl":10,"x":18,"y":13,"l1x":7,"l1y":17},{"data":1000010,"lvl":10,"x":18,"y":14,"l1x":7,"l1y":16},{"data":1000010,"lvl":10,"x":18,"y":15,"l1x":7,"l1y":15},{"data":1000010,"lvl":10,"x":18,"y":16,"l1x":7,"l1y":14},{"data":1000010,"lvl":10,"x":18,"y":17,"l1x":7,"l1y":13},{"data":1000010,"lvl":10,"x":14,"y":18,"l1x":7,"l1y":12},{"data":1000010,"lvl":10,"x":15,"y":18,"l1x":7,"l1y":11},{"data":1000010,"lvl":10,"x":16,"y":18,"l1x":7,"l1y":10},{"data":1000010,"lvl":10,"x":17,"y":18,"l1x":7,"l1y":9},{"data":1000010,"lvl":10,"x":26,"y":22,"l1x":7,"l1y":8},{"data":1000010,"lvl":10,"x":26,"y":23,"l1x":7,"l1y":7},{"data":1000010,"lvl":10,"x":26,"y":24,"l1x":23,"l1y":24},{"data":1000010,"lvl":10,"x":26,"y":25,"l1x":23,"l1y":25},{"data":1000010,"lvl":10,"x":26,"y":26,"l1x":22,"l1y":25},{"data":1000010,"lvl":10,"x":25,"y":26,"l1x":21,"l1y":25},{"data":1000010,"lvl":10,"x":24,"y":26,"l1x":20,"l1y":25},{"data":1000010,"lvl":10,"x":23,"y":26,"l1x":19,"l1y":25},{"data":1000010,"lvl":10,"x":22,"y":26,"l1x":18,"l1y":25},{"data":1000010,"lvl":10,"x":24,"y":18,"l1x":17,"l1y":25},{"data":1000010,"lvl":10,"x":25,"y":18,"l1x":16,"l1y":25},{"data":1000010,"lvl":10,"x":26,"y":18,"l1x":15,"l1y":25},{"data":1000010,"lvl":10,"x":26,"y":19,"l1x":15,"l1y":24},{"data":1000010,"lvl":10,"x":26,"y":20,"l1x":15,"l1y":23},{"data":1000010,"lvl":10,"x":26,"y":21,"l1x":15,"l1y":22},{"data":1000010,"lvl":10,"x":18,"y":26,"l1x":15,"l1y":21},{"data":1000003,"lvl":10,"x":13,"y":27,"l1x":12,"l1y":25},{"data":1000003,"lvl":10,"x":27,"y":13,"l1x":8,"l1y":23},{"data":1000010,"lvl":10,"x":19,"y":26,"l1x":15,"l1y":20},{"data":1000010,"lvl":10,"x":25,"y":21,"l1x":15,"l1y":19},{"data":1000010,"lvl":10,"x":20,"y":26,"l1x":15,"l1y":18},{"data":1000010,"lvl":10,"x":24,"y":21,"l1x":15,"l1y":17},{"data":1000010,"lvl":10,"x":23,"y":21,"l1x":15,"l1y":16},{"data":1000010,"lvl":10,"x":21,"y":24,"l1x":15,"l1y":15},{"data":1000010,"lvl":10,"x":21,"y":25,"l1x":16,"l1y":15},{"data":1000010,"lvl":10,"x":18,"y":24,"l1x":17,"l1y":15},{"data":1000010,"lvl":10,"x":21,"y":23,"l1x":18,"l1y":15},{"data":1000010,"lvl":10,"x":21,"y":26,"l1x":19,"l1y":15},{"data":1000010,"lvl":10,"x":18,"y":25,"l1x":20,"l1y":15},{"data":1000010,"lvl":10,"x":23,"y":20,"l1x":21,"l1y":15},{"data":1000010,"lvl":10,"x":23,"y":19,"l1x":22,"l1y":15},{"data":1000010,"lvl":10,"x":23,"y":18,"l1x":23,"l1y":15},{"data":1000010,"lvl":10,"x":22,"y":18,"l1x":24,"l1y":15},{"data":1000010,"lvl":10,"x":21,"y":18,"l1x":25,"l1y":15},{"data":1000010,"lvl":10,"x":20,"y":18,"l1x":25,"l1y":16},{"data":1000010,"lvl":10,"x":19,"y":18,"l1x":25,"l1y":17},{"data":1000010,"lvl":10,"x":18,"y":18,"l1x":25,"l1y":18},{"data":1000010,"lvl":10,"x":18,"y":19,"l1x":25,"l1y":19},{"data":1000010,"lvl":10,"x":18,"y":20,"l1x":25,"l1y":20},{"data":1000010,"lvl":10,"x":18,"y":21,"l1x":25,"l1y":21},{"data":1000010,"lvl":10,"x":18,"y":22,"l1x":25,"l1y":22},{"data":1000010,"lvl":10,"x":18,"y":23,"l1x":25,"l1y":23},{"data":1000010,"lvl":10,"x":19,"y":23,"l1x":24,"l1y":23},{"data":1000010,"lvl":10,"x":20,"y":23,"l1x":23,"l1y":23},{"data":1000002,"lvl":10,"boost_t":53310,"x":36,"y":33,"res_time":176698,"l1x":20,"l1y":4},{"data":1000004,"lvl":10,"x":39,"y":33,"res_time":146885,"l1x":11,"l1y":8},{"data":1000002,"lvl":10,"boost_t":53312,"x":33,"y":36,"res_time":176697,"l1x":16,"l1y":4},{"data":1000002,"lvl":10,"boost_t":53316,"x":11,"y":7,"res_time":175858,"l1x":12,"l1y":4},{"data":1000004,"lvl":10,"x":39,"y":30,"res_time":156399,"l1x":8,"l1y":11},{"data":1000023,"lvl":5,"x":11,"y":15,"res_time":55531,"l1x":4,"l1y":13},{"data":1000023,"lvl":5,"x":15,"y":11,"res_time":55532,"l1x":23,"l1y":37},{"data":1000006,"lvl":9,"x":27,"y":9,"unit_prod":{"unit_type":0},"l1x":28,"l1y":4},{"data":1000006,"lvl":9,"x":23,"y":4,"unit_prod":{"unit_type":0},"l1x":24,"l1y":4}],"obstacles":[{"data":8000000,"x":0,"y":34,"l1x":-1,"l1y":-1,"loot_multiply_ver":2},{"data":8000000,"x":42,"y":42,"l1x":-1,"l1y":-1,"loot_multiply_ver":2},{"data":8000000,"x":0,"y":8,"l1x":-1,"l1y":-1,"loot_multiply_ver":2},{"data":8000000,"x":42,"y":30,"l1x":-1,"l1y":-1,"loot_multiply_ver":2},{"data":8000000,"x":42,"y":2,"l1x":-1,"l1y":-1,"loot_multiply_ver":2},{"data":8000000,"x":1,"y":31,"l1x":-1,"l1y":-1,"loot_multiply_ver":2},{"data":8000000,"x":0,"y":20,"l1x":-1,"l1y":-1,"loot_multiply_ver":2},{"data":8000000,"x":42,"y":27,"l1x":-1,"l1y":-1,"loot_multiply_ver":2},{"data":8000000,"x":0,"y":23,"l1x":-1,"l1y":-1,"loot_multiply_ver":2},{"data":8000000,"x":11,"y":0,"l1x":-1,"l1y":-1,"loot_multiply_ver":2},{"data":8000000,"x":37,"y":0,"l1x":-1,"l1y":-1,"loot_multiply_ver":2},{"data":8000008,"x":0,"y":5,"l1x":-1,"l1y":-1,"loot_multiply_ver":2},{"data":8000000,"x":0,"y":42,"l1x":-1,"l1y":-1,"loot_multiply_ver":2},{"data":8000005,"x":17,"y":0,"l1x":-1,"l1y":-1,"loot_multiply_ver":2},{"data":8000000,"x":21,"y":0,"l1x":-1,"l1y":-1,"loot_multiply_ver":2},{"data":8000004,"x":0,"y":13,"l1x":-1,"l1y":-1,"loot_multiply_ver":2},{"data":8000006,"x":0,"y":16,"l1x":-1,"l1y":-1,"loot_multiply_ver":2},{"data":8000000,"x":25,"y":42,"l1x":-1,"l1y":-1,"loot_multiply_ver":2},{"data":8000004,"x":0,"y":0,"l1x":-1,"l1y":-1,"loot_multiply_ver":2},{"data":8000006,"x":0,"y":26,"l1x":-1,"l1y":-1,"loot_multiply_ver":2},{"data":8000008,"x":11,"y":42,"l1x":-1,"l1y":-1,"loot_multiply_ver":2},{"data":8000004,"x":4,"y":42,"l1x":-1,"l1y":-1,"loot_multiply_ver":2},{"data":8000005,"x":41,"y":8,"l1x":-1,"l1y":-1,"loot_multiply_ver":2},{"data":8000004,"x":14,"y":0,"l1x":-1,"l1y":-1,"loot_multiply_ver":2},{"data":8000008,"x":14,"y":42,"l1x":-1,"l1y":-1,"loot_multiply_ver":2},{"data":8000010,"x":22,"y":42,"l1x":-1,"l1y":-1,"loot_multiply_ver":2},{"data":8000010,"x":17,"y":42,"l1x":-1,"l1y":-1,"loot_multiply_ver":2},{"data":8000008,"x":1,"y":37,"l1x":-1,"l1y":-1,"loot_multiply_ver":2},{"data":8000005,"x":7,"y":41,"l1x":-1,"l1y":-1,"loot_multiply_ver":2},{"data":8000000,"x":8,"y":38,"l1x":-1,"l1y":-1,"loot_multiply_ver":2},{"data":8000008,"x":39,"y":42,"l1x":-1,"l1y":-1,"loot_multiply_ver":2},{"data":8000000,"x":8,"y":1,"l1x":-1,"l1y":-1,"loot_multiply_ver":2},{"data":8000000,"x":3,"y":9,"l1x":-1,"l1y":-1,"loot_multiply_ver":2},{"data":8000008,"x":29,"y":42,"l1x":-1,"l1y":-1,"loot_multiply_ver":2},{"data":8000010,"x":3,"y":5,"l1x":-1,"l1y":-1,"loot_multiply_ver":2},{"data":8000008,"x":41,"y":12,"l1x":-1,"l1y":-1,"loot_multiply_ver":2},{"data":8000030,"x":34,"y":1,"l1x":-1,"l1y":-1,"loot_multiply_ver":2},{"data":8000000,"x":6,"y":5,"l1x":-1,"l1y":-1,"loot_multiply_ver":2}],"traps":[{"data":12000000,"lvl":5,"x":31,"y":32,"l1x":8,"l1y":14},{"data":12000000,"lvl":5,"x":32,"y":31,"l1x":9,"l1y":14},{"data":12000006,"lvl":2,"x":24,"y":14,"l1x":34,"l1y":22},{"data":12000002,"lvl":3,"x":27,"y":33,"l1x":13,"l1y":23},{"data":12000002,"lvl":3,"x":30,"y":30,"l1x":23,"l1y":19},{"data":12000002,"lvl":3,"x":33,"y":27,"l1x":23,"l1y":13},{"data":12000005,"lvl":3,"x":25,"y":14,"l1x":23,"l1y":26},{"data":12000005,"lvl":3,"x":21,"y":12,"l1x":8,"l1y":15},{"data":12000005,"lvl":3,"x":11,"y":19,"l1x":15,"l1y":8},{"data":12000005,"lvl":3,"x":14,"y":21,"l1x":26,"l1y":21},{"data":12000000,"lvl":5,"x":30,"y":32,"l1x":10,"l1y":14},{"data":12000000,"lvl":5,"x":32,"y":30,"l1x":14,"l1y":8},{"data":12000000,"lvl":5,"x":6,"y":19,"l1x":14,"l1y":9},{"data":12000000,"lvl":5,"x":6,"y":20,"l1x":14,"l1y":10},{"data":12000001,"lvl":0,"x":10,"y":31,"l1x":31,"l1y":30},{"data":12000001,"lvl":0,"x":9,"y":25,"l1x":22,"l1y":31},{"data":12000001,"lvl":0,"x":17,"y":9,"l1x":26,"l1y":23},{"data":12000001,"lvl":0,"x":14,"y":9,"l1x":15,"l1y":10},{"data":12000001,"lvl":0,"x":9,"y":17,"l1x":27,"l1y":30},{"data":12000001,"lvl":0,"x":21,"y":9,"l1x":30,"l1y":27},{"data":12000006,"lvl":2,"x":21,"y":11,"l1x":27,"l1y":9},{"data":12000005,"lvl":3,"x":19,"y":14,"l1x":12,"l1y":22},{"data":12000002,"lvl":3,"x":21,"y":27,"l1x":30,"l1y":23},{"data":12000002,"lvl":3,"x":27,"y":21,"l1x":19,"l1y":23},{"data":12000006,"lvl":2,"x":12,"y":19,"l1x":36,"l1y":18},{"data":12000006,"lvl":2,"x":14,"y":19,"l1x":8,"l1y":27},{"data":12000006,"lvl":2,"x":21,"y":14,"l1x":22,"l1y":12}],"decos":[{"data":18000021,"x":2,"y":2,"l1x":38,"l1y":38},{"data":18000010,"x":4,"y":36,"l1x":2,"l1y":40},{"data":18000000,"x":9,"y":5,"l1x":40,"l1y":40},{"data":18000033,"x":5,"y":9,"l1x":2,"l1y":2},{"data":18000004,"x":2,"y":16,"l1x":40,"l1y":38},{"data":18000009,"x":40,"y":2,"l1x":39,"l1y":2}],"respawnVars":{"secondsFromLastRespawn":19468,"respawnSeed":2084545524,"obstacleClearCounter":17,"time_to_gembox_drop":163982,"time_in_gembox_period":561600},"cooldowns":[{"cooldown":7707206,"target":20000001},{"cooldown":6440207,"target":20000000}],"newShopBuildings":[4,0,7,4,7,4,4,1,6,7,250,4,4,3,1,5,0,0,0,4,1,3,1,3,1,1,2,2],"newShopTraps":[6,6,5,0,0,5,5,0],"newShopDecos":[1,4,0,1,1,4,4,1,1,1,1,1,1,1,1,1,1,1,1,1,1,1,1,1,1,1,1,1,1,1,1,1,1,1,1,1,1],"last_league_rank":16,"last_league_shuffle":1,"last_news_seen":81,"edit_mode_shown":true,"troop_req_msg":"1..3..","war_req_msg":"..........","war_tutorials_seen":0,"war_base":true}