{"buildings":[{"data":1000001,"lvl":9,"x":18,"y":18,"l1x":19,"l1y":19},{"data":1000004,"lvl":10,"x":20,"y":3,"res_time":179273,"l1x":35,"l1y":36},{"data":1000000,"lvl":6,"x":4,"y":33,"units":[[4000005,9]],"storage_type":0,"l1x":20,"l1y":36},{"data":1000015,"lvl":0,"x":3,"y":29,"l1x":32,"l1y":22},{"data":1000014,"lvl":4,"x":22,"y":22,"l1x":24,"l1y":21},{"data":1000008,"lvl":10,"x":10,"y":31,"l1x":15,"l1y":8},{"data":1000015,"lvl":0,"x":35,"y":35,"l1x":22,"l1y":32},{"data":1000002,"lvl":10,"x":26,"y":35,"res_time":179784,"l1x":4,"l1y":25},{"data":1000003,"lvl":10,"x":6,"y":13,"l1x":25,"l1y":28},{"data":1000005,"lvl":10,"x":24,"y":10,"l1x":28,"l1y":28},{"data":1000006,"lvl":8,"x":7,"y":24,"unit_prod":{"unit_type":0,"t":90,"slots":[{"id":4000005,"cnt":4}]},"l1x":4,"l1y":29},{"data":1000006,"lvl":9,"x":5,"y":17,"unit_prod":{"unit_type":0,"t":93,"slots":[{"id":4000005,"cnt":4}]},"l1x":20,"l1y":2},{"data":1000004,"lvl":10,"x":10,"y":35,"res_time":179783,"l1x":9,"l1y":35},{"data":1000002,"lvl":10,"x":29,"y":35,"res_time":179785,"l1x":31,"l1y":4},{"data":1000005,"lvl":10,"x":10,"y":24,"l1x":21,"l1y":24},{"data":1000000,"lvl":6,"x":21,"y":35,"units":[],"storage_type":0,"l1x":2,"l1y":11},{"data":1000008,"lvl":10,"x":31,"y":10,"l1x":31,"l1y":9},{"data":1000013,"lvl":6,"x":10,"y":28,"l1x":12,"l1y":12},{"data":1000009,"lvl":9,"x":28,"y":6,"l1x":12,"l1y":8},{"data":1000010,"lvl":7,"x":27,"y":12,"l1x":11,"l1y":19},{"data":1000010,"lvl":7,"x":33,"y":9,"l1x":16,"l1y":34},{"data":1000010,"lvl":7,"x":32,"y":9,"l1x":15,"l1y":34},{"data":1000010,"lvl":7,"x":31,"y":9,"l1x":14,"l1y":34},{"data":1000010,"lvl":7,"x":30,"y":9,"l1x":13,"l1y":34},{"data":1000010,"lvl":7,"x":29,"y":9,"l1x":12,"l1y":34},{"data":1000010,"lvl":7,"x":28,"y":9,"l1x":11,"l1y":34},{"data":1000010,"lvl":7,"x":27,"y":9,"l1x":10,"l1y":34},{"data":1000010,"lvl":7,"x":27,"y":8,"l1x":9,"l1y":34},{"data":1000010,"lvl":7,"x":27,"y":7,"l1x":28,"l1y":18},{"data":1000010,"lvl":7,"x":27,"y":6,"l1x":19,"l1y":31},{"data":1000010,"lvl":7,"x":26,"y":6,"l1x":8,"l1y":26},{"data":1000010,"lvl":7,"x":25,"y":6,"l1x":8,"l1y":27},{"data":1000010,"lvl":7,"x":24,"y":6,"l1x":8,"l1y":28},{"data":1000010,"lvl":8,"x":27,"y":15,"l1x":15,"l1y":23},{"data":1000010,"lvl":7,"x":23,"y":6,"l1x":8,"l1y":29},{"data":1000010,"lvl":7,"x":22,"y":6,"l1x":8,"l1y":30},{"data":1000010,"lvl":7,"x":21,"y":6,"l1x":8,"l1y":31},{"data":1000010,"lvl":7,"x":20,"y":6,"l1x":8,"l1y":32},{"data":1000010,"lvl":7,"x":20,"y":7,"l1x":8,"l1y":33},{"data":1000010,"lvl":7,"x":14,"y":9,"l1x":8,"l1y":34},{"data":1000010,"lvl":7,"x":15,"y":9,"l1x":17,"l1y":29},{"data":1000010,"lvl":7,"x":16,"y":9,"l1x":16,"l1y":29},{"data":1000010,"lvl":7,"x":16,"y":8,"l1x":15,"l1y":29},{"data":1000010,"lvl":8,"x":27,"y":16,"l1x":23,"l1y":15},{"data":1000010,"lvl":7,"x":17,"y":8,"l1x":14,"l1y":29},{"data":1000010,"lvl":7,"x":18,"y":8,"l1x":13,"l1y":29},{"data":1000010,"lvl":7,"x":19,"y":8,"l1x":13,"l1y":28},{"data":1000010,"lvl":7,"x":20,"y":8,"l1x":13,"l1y":27},{"data":1000010,"lvl":7,"x":20,"y":9,"l1x":34,"l1y":35},{"data":1000010,"lvl":7,"x":20,"y":10,"l1x":35,"l1y":35},{"data":1000010,"lvl":7,"x":20,"y":11,"l1x":35,"l1y":34},{"data":1000010,"lvl":7,"x":13,"y":9,"l1x":35,"l1y":33},{"data":1000010,"lvl":7,"x":12,"y":9,"l1x":35,"l1y":32},{"data":1000010,"lvl":7,"x":11,"y":9,"l1x":35,"l1y":27},{"data":1000010,"lvl":7,"x":10,"y":9,"l1x":35,"l1y":28},{"data":1000010,"lvl":7,"x":9,"y":9,"l1x":35,"l1y":30},{"data":1000010,"lvl":7,"x":9,"y":10,"l1x":18,"l1y":28},{"data":1000010,"lvl":7,"x":9,"y":11,"l1x":35,"l1y":29},{"data":1000010,"lvl":7,"x":9,"y":12,"l1x":35,"l1y":31},{"data":1000010,"lvl":7,"x":9,"y":13,"l1x":33,"l1y":35},{"data":1000010,"lvl":7,"x":9,"y":14,"l1x":32,"l1y":35},{"data":1000010,"lvl":7,"x":9,"y":15,"l1x":31,"l1y":35},{"data":1000004,"lvl":10,"x":14,"y":35,"res_time":179783,"l1x":26,"l1y":36},{"data":1000002,"lvl":10,"x":32,"y":35,"res_time":179785,"l1x":4,"l1y":34},{"data":1000010,"lvl":7,"x":9,"y":16,"l1x":30,"l1y":35},{"data":1000003,"lvl":10,"x":13,"y":6,"l1x":28,"l1y":25},{"data":1000015,"lvl":0,"x":29,"y":3,"l1x":10,"l1y":8},{"data":1000007,"lvl":7,"x":5,"y":5,"unit_upg":{"unit_type":0,"t":114824,"id":4000017},"l1x":5,"l1y":5},{"data":1000012,"lvl":6,"x":17,"y":28,"l1x":19,"l1y":28},{"data":1000010,"lvl":7,"x":8,"y":16,"l1x":29,"l1y":35},{"data":1000010,"lvl":7,"x":8,"y":17,"l1x":28,"l1y":35},{"data":1000010,"lvl":7,"x":8,"y":18,"l1x":27,"l1y":35},{"data":1000010,"lvl":7,"x":8,"y":19,"l1x":26,"l1y":35},{"data":1000010,"lvl":7,"x":11,"y":20,"l1x":25,"l1y":35},{"data":1000010,"lvl":7,"x":10,"y":20,"l1x":24,"l1y":35},{"data":1000009,"lvl":10,"x":27,"y":31,"l1x":31,"l1y":15},{"data":1000002,"lvl":10,"x":35,"y":17,"res_time":179272,"l1x":14,"l1y":35},{"data":1000004,"lvl":10,"x":17,"y":35,"res_time":179783,"l1x":36,"l1y":26},{"data":1000006,"lvl":8,"x":9,"y":17,"unit_prod":{"unit_type":0,"t":95,"slots":[{"id":4000005,"cnt":3}]},"l1x":9,"l1y":28},{"data":1000010,"lvl":7,"x":9,"y":20,"l1x":23,"l1y":35},{"data":1000010,"lvl":7,"x":8,"y":20,"l1x":22,"l1y":35},{"data":1000010,"lvl":7,"x":7,"y":20,"l1x":21,"l1y":35},{"data":1000010,"lvl":7,"x":6,"y":20,"l1x":20,"l1y":35},{"data":1000010,"lvl":8,"x":13,"y":21,"l1x":27,"l1y":19},{"data":1000010,"lvl":8,"x":13,"y":22,"l1x":27,"l1y":18},{"data":1000010,"lvl":8,"x":13,"y":23,"l1x":26,"l1y":18},{"data":1000010,"lvl":8,"x":13,"y":24,"l1x":26,"l1y":17},{"data":1000010,"lvl":8,"x":13,"y":25,"l1x":25,"l1y":17},{"data":1000010,"lvl":7,"x":6,"y":21,"l1x":19,"l1y":35},{"data":1000010,"lvl":7,"x":6,"y":22,"l1x":18,"l1y":35},{"data":1000010,"lvl":7,"x":6,"y":23,"l1x":18,"l1y":34},{"data":1000010,"lvl":7,"x":6,"y":24,"l1x":18,"l1y":33},{"data":1000010,"lvl":7,"x":6,"y":25,"l1x":18,"l1y":32},{"data":1000010,"lvl":8,"x":13,"y":26,"l1x":15,"l1y":15},{"data":1000010,"lvl":8,"x":13,"y":27,"l1x":25,"l1y":16},{"data":1000010,"lvl":8,"x":14,"y":27,"l1x":24,"l1y":16},{"data":1000010,"lvl":8,"x":16,"y":27,"l1x":27,"l1y":27},{"data":1000010,"lvl":7,"x":6,"y":26,"l1x":18,"l1y":30},{"data":1000010,"lvl":7,"x":6,"y":27,"l1x":18,"l1y":31},{"data":1000002,"lvl":10,"x":35,"y":14,"res_time":179271,"l1x":36,"l1y":31},{"data":1000004,"lvl":10,"x":35,"y":26,"res_time":179786,"l1x":36,"l1y":14},{"data":1000008,"lvl":10,"x":24,"y":31,"l1x":26,"l1y":32},{"data":1000010,"lvl":7,"x":7,"y":27,"l1x":30,"l1y":18},{"data":1000010,"lvl":7,"x":8,"y":27,"l1x":20,"l1y":31},{"data":1000010,"lvl":7,"x":12,"y":27,"l1x":21,"l1y":31},{"data":1000010,"lvl":7,"x":11,"y":27,"l1x":22,"l1y":31},{"data":1000010,"lvl":7,"x":10,"y":27,"l1x":23,"l1y":31},{"data":1000010,"lvl":7,"x":9,"y":27,"l1x":24,"l1y":31},{"data":1000010,"lvl":7,"x":9,"y":28,"l1x":25,"l1y":31},{"data":1000010,"lvl":7,"x":9,"y":29,"l1x":26,"l1y":31},{"data":1000010,"lvl":7,"x":9,"y":30,"l1x":27,"l1y":31},{"data":1000010,"lvl":7,"x":9,"y":31,"l1x":28,"l1y":31},{"data":1000010,"lvl":7,"x":9,"y":32,"l1x":29,"l1y":31},{"data":1000010,"lvl":7,"x":9,"y":33,"l1x":30,"l1y":31},{"data":1000010,"lvl":7,"x":34,"y":9,"l1x":31,"l1y":31},{"data":1000010,"lvl":7,"x":34,"y":10,"l1x":31,"l1y":30},{"data":1000010,"lvl":7,"x":34,"y":11,"l1x":31,"l1y":29},{"data":1000010,"lvl":7,"x":34,"y":12,"l1x":31,"l1y":28},{"data":1000010,"lvl":7,"x":34,"y":13,"l1x":31,"l1y":27},{"data":1000000,"lvl":6,"x":35,"y":21,"units":[[4000010,20],[4000005,2]],"storage_type":0,"l1x":36,"l1y":19},{"data":1000010,"lvl":7,"x":34,"y":14,"l1x":31,"l1y":26},{"data":1000010,"lvl":8,"x":15,"y":27,"l1x":24,"l1y":15},{"data":1000009,"lvl":10,"x":10,"y":10,"l1x":32,"l1y":32},{"data":1000010,"lvl":7,"x":34,"y":15,"l1x":31,"l1y":25},{"data":1000010,"lvl":7,"x":9,"y":34,"l1x":31,"l1y":24},{"data":1000010,"lvl":7,"x":10,"y":34,"l1x":31,"l1y":23},{"data":1000010,"lvl":7,"x":11,"y":34,"l1x":29,"l1y":18},{"data":1000010,"lvl":7,"x":12,"y":34,"l1x":31,"l1y":22},{"data":1000010,"lvl":7,"x":13,"y":34,"l1x":31,"l1y":21},{"data":1000010,"lvl":7,"x":14,"y":34,"l1x":31,"l1y":20},{"data":1000010,"lvl":7,"x":15,"y":34,"l1x":32,"l1y":18},{"data":1000010,"lvl":7,"x":28,"y":16,"l1x":33,"l1y":18},{"data":1000010,"lvl":7,"x":29,"y":16,"l1x":31,"l1y":18},{"data":1000011,"lvl":6,"x":21,"y":7,"l1x":18,"l1y":12},{"data":1000010,"lvl":7,"x":30,"y":16,"l1x":11,"l1y":24},{"data":1000020,"lvl":4,"boost_t":6288,"x":3,"y":24,"units":[[26000002,2]],"storage_type":1,"unit_prod":{"unit_type":1,"t":1041,"slots":[{"id":26000002,"cnt":1},{"id":26000005,"cnt":2}]},"l1x":12,"l1y":30},{"data":1000002,"lvl":10,"x":35,"y":10,"res_time":179272,"l1x":36,"l1y":6},{"data":1000004,"lvl":10,"x":35,"y":29,"res_time":179786,"l1x":3,"l1y":18},{"data":1000010,"lvl":8,"x":21,"y":13,"l1x":26,"l1y":27},{"data":1000010,"lvl":8,"x":17,"y":27,"l1x":27,"l1y":26},{"data":1000010,"lvl":7,"x":31,"y":16,"l1x":18,"l1y":29},{"data":1000010,"lvl":7,"x":32,"y":16,"l1x":11,"l1y":16},{"data":1000010,"lvl":7,"x":33,"y":16,"l1x":29,"l1y":17},{"data":1000010,"lvl":8,"x":18,"y":27,"l1x":27,"l1y":20},{"data":1000010,"lvl":8,"x":19,"y":27,"l1x":27,"l1y":21},{"data":1000010,"lvl":8,"x":20,"y":27,"l1x":27,"l1y":22},{"data":1000010,"lvl":8,"x":21,"y":27,"l1x":27,"l1y":23},{"data":1000010,"lvl":8,"x":27,"y":21,"l1x":27,"l1y":24},{"data":1000010,"lvl":8,"x":27,"y":20,"l1x":20,"l1y":27},{"data":1000010,"lvl":8,"x":27,"y":19,"l1x":21,"l1y":27},{"data":1000010,"lvl":8,"x":27,"y":18,"l1x":22,"l1y":27},{"data":1000010,"lvl":8,"x":27,"y":17,"l1x":23,"l1y":27},{"data":1000010,"lvl":8,"x":20,"y":13,"l1x":19,"l1y":27},{"data":1000010,"lvl":8,"x":13,"y":20,"l1x":24,"l1y":27},{"data":1000010,"lvl":8,"x":22,"y":27,"l1x":25,"l1y":27},{"data":1000010,"lvl":7,"x":34,"y":16,"l1x":27,"l1y":13},{"data":1000010,"lvl":8,"x":12,"y":20,"l1x":27,"l1y":25},{"data":1000010,"lvl":8,"x":27,"y":22,"l1x":18,"l1y":27},{"data":1000010,"lvl":7,"x":34,"y":17,"l1x":28,"l1y":13},{"data":1000010,"lvl":8,"x":25,"y":18,"l1x":18,"l1y":26},{"data":1000010,"lvl":7,"x":34,"y":18,"l1x":29,"l1y":16},{"data":1000010,"lvl":7,"x":34,"y":19,"l1x":29,"l1y":14},{"data":1000010,"lvl":8,"x":25,"y":17,"l1x":22,"l1y":15},{"data":1000011,"lvl":6,"x":7,"y":21,"l1x":28,"l1y":22},{"data":1000013,"lvl":6,"x":28,"y":10,"l1x":14,"l1y":26},{"data":1000000,"lvl":6,"const_t":426224,"x":33,"y":4,"units":[[4000010,25],[4000005,1]],"storage_type":0,"l1x":11,"l1y":2},{"data":1000006,"lvl":9,"x":24,"y":7,"unit_prod":{"unit_type":0,"t":97,"slots":[{"id":4000005,"cnt":3}]},"l1x":28,"l1y":9},{"data":1000010,"lvl":8,"x":24,"y":17,"l1x":21,"l1y":15},{"data":1000010,"lvl":8,"x":23,"y":17,"l1x":20,"l1y":15},{"data":1000010,"lvl":8,"x":22,"y":17,"l1x":19,"l1y":15},{"data":1000010,"lvl":8,"x":21,"y":17,"l1x":18,"l1y":15},{"data":1000010,"lvl":7,"x":34,"y":20,"l1x":29,"l1y":13},{"data":1000010,"lvl":8,"x":20,"y":17,"l1x":15,"l1y":22},{"data":1000010,"lvl":8,"x":19,"y":17,"l1x":15,"l1y":21},{"data":1000010,"lvl":8,"x":18,"y":17,"l1x":15,"l1y":20},{"data":1000010,"lvl":8,"x":17,"y":17,"l1x":15,"l1y":19},{"data":1000010,"lvl":8,"x":17,"y":18,"l1x":15,"l1y":18},{"data":1000010,"lvl":8,"x":17,"y":19,"l1x":15,"l1y":17},{"data":1000010,"lvl":8,"x":17,"y":20,"l1x":15,"l1y":16},{"data":1000010,"lvl":8,"x":17,"y":21,"l1x":17,"l1y":15},{"data":1000010,"lvl":8,"x":17,"y":22,"l1x":16,"l1y":15},{"data":1000010,"lvl":7,"x":34,"y":21,"l1x":29,"l1y":15},{"data":1000010,"lvl":7,"x":34,"y":22,"l1x":26,"l1y":13},{"data":1000010,"lvl":7,"x":16,"y":28,"l1x":25,"l1y":13},{"data":1000010,"lvl":7,"x":16,"y":29,"l1x":13,"l1y":26},{"data":1000010,"lvl":7,"x":16,"y":30,"l1x":13,"l1y":25},{"data":1000010,"lvl":7,"x":16,"y":31,"l1x":13,"l1y":24},{"data":1000010,"lvl":7,"x":16,"y":32,"l1x":12,"l1y":24},{"data":1000010,"lvl":7,"x":16,"y":33,"l1x":24,"l1y":13},{"data":1000010,"lvl":8,"x":17,"y":23,"l1x":24,"l1y":12},{"data":1000010,"lvl":8,"x":17,"y":24,"l1x":23,"l1y":11},{"data":1000010,"lvl":8,"x":17,"y":25,"l1x":22,"l1y":11},{"data":1000010,"lvl":8,"x":18,"y":25,"l1x":21,"l1y":11},{"data":1000010,"lvl":8,"x":19,"y":25,"l1x":20,"l1y":11},{"data":1000010,"lvl":8,"x":25,"y":19,"l1x":19,"l1y":11},{"data":1000010,"lvl":8,"x":25,"y":20,"l1x":18,"l1y":11},{"data":1000010,"lvl":8,"x":20,"y":25,"l1x":24,"l1y":11},{"data":1000010,"lvl":7,"x":16,"y":34,"l1x":24,"l1y":10},{"data":1000010,"lvl":8,"x":21,"y":25,"l1x":17,"l1y":26},{"data":1000010,"lvl":7,"x":17,"y":34,"l1x":24,"l1y":9},{"data":1000010,"lvl":7,"x":18,"y":34,"l1x":7,"l1y":21},{"data":1000010,"lvl":7,"x":19,"y":34,"l1x":7,"l1y":22},{"data":1000010,"lvl":7,"x":20,"y":34,"l1x":7,"l1y":23},{"data":1000010,"lvl":8,"x":22,"y":25,"l1x":11,"l1y":17},{"data":1000010,"lvl":8,"x":25,"y":21,"l1x":8,"l1y":24},{"data":1000010,"lvl":8,"x":25,"y":22,"l1x":9,"l1y":24},{"data":1000010,"lvl":8,"x":27,"y":23,"l1x":10,"l1y":24},{"data":1000010,"lvl":8,"x":23,"y":27,"l1x":11,"l1y":20},{"data":1000010,"lvl":8,"x":23,"y":28,"l1x":11,"l1y":23},{"data":1000010,"lvl":8,"x":28,"y":23,"l1x":11,"l1y":22},{"data":1000010,"lvl":8,"x":24,"y":28,"l1x":11,"l1y":21},{"data":1000010,"lvl":8,"x":25,"y":28,"l1x":8,"l1y":25},{"data":1000010,"lvl":8,"x":28,"y":26,"l1x":17,"l1y":34},{"data":1000010,"lvl":8,"x":27,"y":26,"l1x":34,"l1y":17},{"data":1000010,"lvl":8,"x":28,"y":24,"l1x":25,"l1y":8},{"data":1000010,"lvl":8,"x":28,"y":25,"l1x":16,"l1y":11},{"data":1000010,"lvl":8,"x":26,"y":28,"l1x":7,"l1y":24},{"data":1000008,"lvl":10,"x":31,"y":24,"l1x":9,"l1y":31},{"data":1000009,"lvl":10,"x":31,"y":17,"l1x":8,"l1y":12},{"data":1000008,"lvl":10,"x":13,"y":17,"l1x":32,"l1y":26},{"data":1000013,"lvl":6,"x":30,"y":30,"l1x":26,"l1y":14},{"data":1000012,"lvl":5,"x":21,"y":10,"l1x":28,"l1y":19},{"data":1000019,"lvl":6,"x":15,"y":10,"l1x":9,"l1y":18},{"data":1000024,"lvl":4,"x":27,"y":27,"l1x":16,"l1y":16},{"data":1000022,"lvl":0,"x":21,"y":14,"l1x":16,"l1y":19},{"data":1000011,"lvl":6,"x":20,"y":31,"l1x":12,"l1y":18},{"data":1000003,"lvl":10,"x":13,"y":28,"l1x":15,"l1y":12},{"data":1000009,"lvl":10,"x":17,"y":31,"l1x":15,"l1y":31},{"data":1000010,"lvl":7,"x":21,"y":34,"l1x":17,"l1y":11},{"data":1000010,"lvl":7,"x":22,"y":34,"l1x":15,"l1y":11},{"data":1000010,"lvl":7,"x":34,"y":34,"l1x":14,"l1y":11},{"data":1000010,"lvl":7,"x":33,"y":34,"l1x":13,"l1y":11},{"data":1000010,"lvl":7,"x":32,"y":34,"l1x":12,"l1y":11},{"data":1000010,"lvl":7,"x":34,"y":33,"l1x":11,"l1y":15},{"data":1000010,"lvl":7,"x":34,"y":32,"l1x":11,"l1y":14},{"data":1000010,"lvl":7,"x":34,"y":31,"l1x":11,"l1y":13},{"data":1000010,"lvl":7,"x":34,"y":30,"l1x":11,"l1y":12},{"data":1000010,"lvl":7,"x":34,"y":29,"l1x":11,"l1y":11},{"data":1000010,"lvl":7,"x":34,"y":28,"l1x":35,"l1y":26},{"data":1000010,"lvl":7,"x":34,"y":27,"l1x":35,"l1y":25},{"data":1000010,"lvl":7,"x":34,"y":26,"l1x":35,"l1y":24},{"data":1000010,"lvl":7,"x":34,"y":25,"l1x":35,"l1y":23},{"data":1000010,"lvl":7,"x":34,"y":24,"l1x":35,"l1y":22},{"data":1000010,"lvl":7,"x":34,"y":23,"l1x":35,"l1y":21},{"data":1000010,"lvl":7,"x":31,"y":34,"l1x":35,"l1y":20},{"data":1000010,"lvl":7,"x":30,"y":34,"l1x":35,"l1y":19},{"data":1000010,"lvl":7,"x":29,"y":34,"l1x":35,"l1y":18},{"data":1000010,"lvl":7,"x":28,"y":34,"l1x":34,"l1y":18},{"data":1000010,"lvl":7,"x":27,"y":34,"l1x":11,"l1y":18},{"data":1000010,"lvl":7,"x":26,"y":34,"l1x":34,"l1y":16},{"data":1000010,"lvl":7,"x":25,"y":34,"l1x":34,"l1y":15},{"data":1000010,"lvl":7,"x":24,"y":34,"l1x":34,"l1y":14},{"data":1000010,"lvl":7,"x":23,"y":34,"l1x":34,"l1y":13},{"data":1000010,"lvl":7,"x":23,"y":33,"l1x":34,"l1y":12},{"data":1000010,"lvl":7,"x":23,"y":32,"l1x":34,"l1y":11},{"data":1000010,"lvl":7,"x":23,"y":31,"l1x":34,"l1y":10},{"data":1000010,"lvl":7,"x":23,"y":30,"l1x":34,"l1y":9},{"data":1000010,"lvl":7,"x":33,"y":23,"l1x":34,"l1y":8},{"data":1000010,"lvl":8,"x":24,"y":25,"l1x":17,"l1y":25},{"data":1000010,"lvl":8,"x":23,"y":25,"l1x":16,"l1y":25},{"data":1000010,"lvl":8,"x":26,"y":27,"l1x":16,"l1y":24},{"data":1000010,"lvl":8,"x":26,"y":26,"l1x":15,"l1y":24},{"data":1000010,"lvl":7,"x":32,"y":23,"l1x":33,"l1y":8},{"data":1000010,"lvl":7,"x":31,"y":23,"l1x":32,"l1y":8},{"data":1000010,"lvl":7,"x":30,"y":23,"l1x":31,"l1y":8},{"data":1000010,"lvl":7,"x":29,"y":23,"l1x":30,"l1y":8},{"data":1000010,"lvl":7,"x":23,"y":29,"l1x":29,"l1y":8},{"data":1000010,"lvl":7,"x":20,"y":16,"l1x":28,"l1y":8},{"data":1000010,"lvl":7,"x":22,"y":13,"l1x":27,"l1y":8},{"data":1000010,"lvl":7,"x":23,"y":13,"l1x":26,"l1y":8},{"data":1000010,"lvl":8,"x":25,"y":23,"l1x":31,"l1y":19},{"data":1000010,"lvl":8,"x":25,"y":25,"l1x":24,"l1y":8},{"data":1000010,"lvl":8,"x":25,"y":24,"l1x":24,"l1y":7},{"data":1000010,"lvl":7,"x":24,"y":13,"l1x":23,"l1y":7},{"data":1000010,"lvl":7,"x":25,"y":13,"l1x":22,"l1y":7},{"data":1000010,"lvl":7,"x":26,"y":13,"l1x":21,"l1y":7},{"data":1000010,"lvl":8,"x":27,"y":13,"l1x":20,"l1y":7},{"data":1000010,"lvl":7,"x":13,"y":12,"l1x":19,"l1y":7},{"data":1000005,"lvl":10,"x":20,"y":28,"l1x":20,"l1y":8},{"data":1000012,"lvl":6,"x":28,"y":17,"l1x":12,"l1y":21},{"data":1000015,"lvl":0,"x":9,"y":7,"l1x":8,"l1y":10},{"data":1000023,"lvl":2,"x":24,"y":3,"res_time":35789,"l1x":32,"l1y":19},{"data":1000026,"lvl":4,"x":17,"y":9,"unit_prod":{"unit_type":0},"l1x":29,"l1y":32},{"data":1000019,"lvl":6,"x":10,"y":15,"l1x":18,"l1y":9},{"data":1000019,"lvl":6,"x":29,"y":25,"l1x":32,"l1y":24},{"data":1000026,"lvl":5,"x":17,"y":5,"unit_prod":{"unit_type":0},"l1x":32,"l1y":29},{"data":1000023,"lvl":2,"x":31,"y":13,"res_time":35788,"l1x":19,"l1y":32},{"data":1000010,"lvl":7,"x":17,"y":26,"l1x":18,"l1y":7},{"data":1000010,"lvl":7,"x":20,"y":15,"l1x":17,"l1y":7},{"data":1000010,"lvl":7,"x":20,"y":14,"l1x":16,"l1y":7},{"data":1000010,"lvl":7,"x":26,"y":17,"l1x":15,"l1y":7},{"data":1000010,"lvl":8,"x":20,"y":12,"l1x":14,"l1y":7},{"data":1000010,"lvl":7,"x":19,"y":12,"l1x":13,"l1y":7},{"data":1000010,"lvl":7,"x":18,"y":12,"l1x":12,"l1y":7},{"data":1000010,"lvl":7,"x":17,"y":12,"l1x":11,"l1y":7},{"data":1000010,"lvl":7,"x":16,"y":12,"l1x":10,"l1y":7},{"data":1000010,"lvl":7,"x":15,"y":12,"l1x":9,"l1y":7},{"data":1000010,"lvl":7,"x":14,"y":12,"l1x":9,"l1y":8},{"data":1000010,"lvl":8,"x":27,"y":14,"l1x":9,"l1y":9},{"data":1000010,"lvl":8,"x":13,"y":13,"l1x":8,"l1y":9},{"data":1000010,"lvl":8,"x":12,"y":13,"l1x":7,"l1y":9},{"data":1000010,"lvl":7,"x":12,"y":14,"l1x":7,"l1y":20},{"data":1000010,"lvl":7,"x":12,"y":15,"l1x":7,"l1y":19},{"data":1000010,"lvl":7,"x":12,"y":16,"l1x":7,"l1y":18},{"data":1000010,"lvl":7,"x":12,"y":17,"l1x":7,"l1y":17},{"data":1000010,"lvl":7,"x":12,"y":18,"l1x":7,"l1y":16},{"data":1000010,"lvl":7,"x":12,"y":19,"l1x":7,"l1y":15},{"data":1000010,"lvl":7,"x":16,"y":20,"l1x":7,"l1y":14},{"data":1000010,"lvl":7,"x":15,"y":20,"l1x":7,"l1y":13},{"data":1000010,"lvl":7,"x":14,"y":20,"l1x":7,"l1y":10},{"data":1000010,"lvl":7,"x":22,"y":26,"l1x":7,"l1y":11},{"data":1000010,"lvl":7,"x":26,"y":22,"l1x":7,"l1y":12},{"data":1000009,"lvl":9,"x":6,"y":28,"l1x":25,"l1y":10},{"data":1000011,"lvl":6,"const_t":631607,"x":31,"y":20,"l1x":22,"l1y":28},{"data":1000012,"lvl":6,"x":10,"y":21,"l1x":21,"l1y":12},{"data":1000019,"lvl":6,"x":25,"y":29,"l1x":24,"l1y":32},{"data":1000021,"lvl":2,"x":14,"y":24,"attack_mode":true,"attack_mode_war":false,"attack_mode_draft":true,"attack_mode_draft_war":false,"ammo":1500,"l1x":23,"l1y":18},{"data":1000003,"lvl":10,"x":28,"y":13,"l1x":8,"l1y":20},{"data":1000005,"lvl":10,"x":28,"y":20,"l1x":12,"l1y":15},{"data":1000021,"lvl":2,"x":14,"y":14,"attack_mode":true,"attack_mode_war":false,"attack_mode_draft":true,"attack_mode_draft_war":false,"ammo":1500,"l1x":18,"l1y":23},{"data":1000025,"lvl":0,"x":14,"y":21,"l1x":19,"l1y":16},{"data":1000002,"lvl":10,"x":3,"y":20,"res_time":179274,"l1x":30,"l1y":36},{"data":1000008,"lvl":10,"x":17,"y":13,"l1x":8,"l1y":15},{"data":1000009,"lvl":10,"x":31,"y":27,"l1x":10,"l1y":25},{"data":1000004,"lvl":10,"x":35,"y":32,"res_time":179786,"l1x":26,"l1y":4},{"data":1000021,"lvl":2,"x":24,"y":14,"attack_mode":true,"attack_mode_war":false,"attack_mode_draft":true,"attack_mode_draft_war":false,"ammo":1500,"l1x":24,"l1y":24},{"data":1000023,"lvl":2,"x":13,"y":31,"res_time":35782,"l1x":30,"l1y":12},{"data":1000027,"lvl":1,"x":19,"y":23,"attack_mode":true,"attack_mode_war":false,"attack_mode_draft":true,"attack_mode_draft_war":false,"ammo":750,"l1x":16,"l1y":22},{"data":1000027,"lvl":2,"x":23,"y":19,"attack_mode":true,"attack_mode_war":false,"attack_mode_draft":true,"attack_mode_draft_war":false,"ammo":750,"l1x":22,"l1y":16},{"data":1000015,"lvl":0,"x":7,"y":9,"l1x":37,"l1y":11}],"obstacles":[{"data":8000005,"x":41,"y":8,"l1x":-1,"l1y":-1,"loot_multiply_ver":2},{"data":8000013,"x":1,"y":34,"l1x":-1,"l1y":-1,"loot_multiply_ver":2},{"data":8000013,"x":35,"y":1,"l1x":-1,"l1y":-1,"loot_multiply_ver":2},{"data":8000013,"x":12,"y":41,"l1x":-1,"l1y":-1,"loot_multiply_ver":2},{"data":8000013,"x":28,"y":0,"l1x":-1,"l1y":-1,"loot_multiply_ver":2},{"data":8000013,"x":31,"y":41,"l1x":-1,"l1y":-1,"loot_multiply_ver":2},{"data":8000005,"x":41,"y":15,"l1x":-1,"l1y":-1,"loot_multiply_ver":2}],"traps":[{"data":12000001,"lvl":0,"x":15,"y":13,"l1x":27,"l1y":17},{"data":12000000,"lvl":4,"x":7,"y":11,"l1x":14,"l1y":25},{"data":12000001,"lvl":0,"x":13,"y":15,"l1x":17,"l1y":27},{"data":12000001,"lvl":0,"x":23,"y":26,"l1x":8,"l1y":18},{"data":12000001,"lvl":0,"x":26,"y":23,"l1x":19,"l1y":8},{"data":12000001,"lvl":0,"x":23,"y":18,"l1x":34,"l1y":24},{"data":12000005,"lvl":2,"x":16,"y":6,"l1x":22,"l1y":34},{"data":12000005,"lvl":2,"x":6,"y":16,"l1x":23,"l1y":10},{"data":12000005,"lvl":2,"x":28,"y":38,"l1x":9,"l1y":23},{"data":12000006,"lvl":0,"x":35,"y":9,"l1x":17,"l1y":24},{"data":12000000,"lvl":3,"x":3,"y":28,"l1x":25,"l1y":7},{"data":12000000,"lvl":3,"x":3,"y":27,"l1x":7,"l1y":25},{"data":12000002,"lvl":2,"x":11,"y":7,"l1x":5,"l1y":22},{"data":12000001,"lvl":0,"x":18,"y":23,"l1x":25,"l1y":34},{"data":12000000,"lvl":3,"x":27,"y":3,"l1x":17,"l1y":35},{"data":12000000,"lvl":3,"x":28,"y":3,"l1x":35,"l1y":17},{"data":12000000,"lvl":3,"x":7,"y":12,"l1x":18,"l1y":8},{"data":12000005,"lvl":3,"x":35,"y":37,"l1x":10,"l1y":10},{"data":12000002,"lvl":2,"x":13,"y":10,"l1x":22,"l1y":5},{"data":12000005,"lvl":2,"x":38,"y":34,"l1x":34,"l1y":22},{"data":12000006,"lvl":0,"x":11,"y":5,"l1x":26,"l1y":20},{"data":12000006,"lvl":0,"x":6,"y":11,"l1x":24,"l1y":17},{"data":12000006,"lvl":0,"x":9,"y":35,"l1x":20,"l1y":26},{"data":12000006,"lvl":0,"x":40,"y":30,"l1x":23,"l1y":23},{"data":12000002,"lvl":2,"x":10,"y":13,"l1x":16,"l1y":5},{"data":12000002,"lvl":2,"x":24,"y":26,"l1x":5,"l1y":16},{"data":12000002,"lvl":2,"x":26,"y":24,"l1x":35,"l1y":12}],"decos":[{"data":18000001,"x":2,"y":40,"l1x":2,"l1y":40},{"data":18000001,"x":2,"y":2,"l1x":40,"l1y":2},{"data":18000001,"x":40,"y":40,"l1x":2,"l1y":2},{"data":18000001,"x":40,"y":2,"l1x":40,"l1y":40},{"data":18000007,"x":38,"y":4,"l1x":13,"l1y":39}],"respawnVars":{"secondsFromLastRespawn":13684,"respawnSeed":1358279927,"obstacleClearCounter":0,"time_to_gembox_drop":605483,"time_in_gembox_period":165600},"cooldowns":[],"newShopBuildings":[4,0,7,4,7,4,4,1,6,7,250,4,4,3,1,5,0,0,0,4,1,3,1,3,1,1,2,2],"newShopTraps":[6,6,5,0,0,5,5,0],"newShopDecos":[1,4,0,1,1,4,4,1,1,1,1,1,1,1,1,1,1,1,1,1,1,1,1,1,1,1,1,1,1,1,1,1,1,1,1,1,1],"last_league_rank":14,"last_league_shuffle":1,"last_news_seen":81,"edit_mode_shown":true,"troop_req_msg":"..Troupes volantes..Merci, les Chevaliers ....","war_req_msg":"Une sorci.re et des sorciers :) Merci..","war_tutorials_seen":0,"war_base":true}