{"buildings":[{"data":1000001,"lvl":9,"x":20,"y":20,"l1x":18,"l1y":18},{"data":1000004,"lvl":10,"x":33,"y":8,"res_time":104435,"l1x":2,"l1y":19},{"data":1000000,"lvl":7,"x":30,"y":36,"units":[[4000009,1],[4000013,2]],"storage_type":0,"l1x":35,"l1y":9},{"data":1000015,"lvl":0,"x":6,"y":22,"l1x":12,"l1y":16},{"data":1000014,"lvl":5,"x":25,"y":25,"l1x":24,"l1y":24},{"data":1000008,"lvl":11,"x":9,"y":22,"l1x":23,"l1y":27},{"data":1000015,"lvl":0,"x":29,"y":6,"l1x":31,"l1y":9},{"data":1000002,"lvl":10,"x":5,"y":5,"res_time":174467,"l1x":2,"l1y":10},{"data":1000003,"lvl":10,"x":10,"y":25,"l1x":16,"l1y":27},{"data":1000005,"lvl":10,"x":9,"y":18,"l1x":13,"l1y":29},{"data":1000006,"lvl":9,"boost_t":1652,"x":25,"y":5,"unit_prod":{"unit_type":0,"t":0,"slots":[{"id":4000006,"cnt":5}]},"l1x":6,"l1y":30},{"data":1000009,"lvl":12,"x":12,"y":28,"l1x":27,"l1y":20},{"data":1000004,"lvl":10,"x":39,"y":15,"res_time":96861,"l1x":3,"l1y":15},{"data":1000006,"lvl":9,"boost_t":1648,"x":38,"y":26,"unit_prod":{"unit_type":0,"t":0,"slots":[{"id":4000006,"cnt":6}]},"l1x":3,"l1y":24},{"data":1000000,"lvl":7,"x":15,"y":3,"units":[[4000006,12]],"storage_type":0,"l1x":9,"l1y":35},{"data":1000003,"lvl":10,"x":25,"y":10,"l1x":27,"l1y":16},{"data":1000008,"lvl":11,"x":9,"y":13,"l1x":30,"l1y":25},{"data":1000010,"lvl":10,"x":25,"y":37,"l1x":26,"l1y":16},{"data":1000015,"lvl":0,"x":22,"y":6,"l1x":10,"l1y":32},{"data":1000005,"lvl":10,"x":12,"y":12,"l1x":27,"l1y":23},{"data":1000013,"lvl":7,"x":9,"y":28,"l1x":17,"l1y":23},{"data":1000006,"lvl":9,"boost_t":1639,"x":16,"y":39,"unit_prod":{"unit_type":0,"t":0,"slots":[{"id":4000009,"cnt":1},{"id":4000001,"cnt":1},{"id":4000004,"cnt":24}]},"l1x":25,"l1y":3},{"data":1000004,"lvl":10,"x":35,"y":16,"res_time":96861,"l1x":8,"l1y":12},{"data":1000004,"lvl":10,"x":16,"y":35,"res_time":131762,"l1x":12,"l1y":8},{"data":1000002,"lvl":10,"x":36,"y":36,"res_time":178192,"l1x":7,"l1y":2},{"data":1000002,"lvl":10,"x":35,"y":19,"res_time":178192,"l1x":12,"l1y":2},{"data":1000002,"lvl":10,"x":32,"y":29,"res_time":178192,"l1x":16,"l1y":2},{"data":1000007,"lvl":7,"x":4,"y":26,"l1x":33,"l1y":33},{"data":1000009,"lvl":12,"x":12,"y":15,"l1x":20,"l1y":27},{"data":1000012,"lvl":7,"x":16,"y":25,"l1x":12,"l1y":20},{"data":1000010,"lvl":10,"x":25,"y":33,"l1x":25,"l1y":16},{"data":1000010,"lvl":10,"x":25,"y":34,"l1x":24,"l1y":16},{"data":1000010,"lvl":10,"x":11,"y":35,"l1x":24,"l1y":15},{"data":1000010,"lvl":10,"x":12,"y":35,"l1x":22,"l1y":15},{"data":1000010,"lvl":10,"x":13,"y":35,"l1x":21,"l1y":15},{"data":1000010,"lvl":10,"x":14,"y":35,"l1x":20,"l1y":15},{"data":1000010,"lvl":10,"x":25,"y":36,"l1x":26,"l1y":17},{"data":1000010,"lvl":10,"x":25,"y":35,"l1x":26,"l1y":18},{"data":1000010,"lvl":10,"x":11,"y":34,"l1x":26,"l1y":19},{"data":1000010,"lvl":10,"x":11,"y":33,"l1x":26,"l1y":20},{"data":1000010,"lvl":10,"x":11,"y":32,"l1x":26,"l1y":21},{"data":1000010,"lvl":10,"x":13,"y":8,"l1x":26,"l1y":22},{"data":1000010,"lvl":10,"x":12,"y":8,"l1x":26,"l1y":23},{"data":1000010,"lvl":10,"x":11,"y":8,"l1x":25,"l1y":23},{"data":1000010,"lvl":10,"x":10,"y":8,"l1x":24,"l1y":23},{"data":1000010,"lvl":10,"x":9,"y":8,"l1x":23,"l1y":23},{"data":1000010,"lvl":10,"x":8,"y":8,"l1x":23,"l1y":24},{"data":1000010,"lvl":10,"x":8,"y":9,"l1x":23,"l1y":25},{"data":1000010,"lvl":10,"x":8,"y":10,"l1x":23,"l1y":26},{"data":1000010,"lvl":10,"x":8,"y":11,"l1x":22,"l1y":26},{"data":1000010,"lvl":10,"x":8,"y":12,"l1x":21,"l1y":26},{"data":1000010,"lvl":10,"x":8,"y":13,"l1x":20,"l1y":26},{"data":1000010,"lvl":10,"x":8,"y":14,"l1x":19,"l1y":26},{"data":1000010,"lvl":10,"x":8,"y":15,"l1x":18,"l1y":26},{"data":1000010,"lvl":10,"x":8,"y":16,"l1x":17,"l1y":26},{"data":1000010,"lvl":10,"x":8,"y":17,"l1x":16,"l1y":26},{"data":1000010,"lvl":10,"x":8,"y":18,"l1x":16,"l1y":25},{"data":1000010,"lvl":10,"x":8,"y":19,"l1x":16,"l1y":24},{"data":1000010,"lvl":10,"x":8,"y":20,"l1x":15,"l1y":24},{"data":1000010,"lvl":10,"x":8,"y":21,"l1x":15,"l1y":23},{"data":1000010,"lvl":10,"x":8,"y":22,"l1x":15,"l1y":22},{"data":1000010,"lvl":10,"x":8,"y":23,"l1x":15,"l1y":21},{"data":1000010,"lvl":10,"x":8,"y":24,"l1x":9,"l1y":24},{"data":1000010,"lvl":10,"x":8,"y":25,"l1x":10,"l1y":24},{"data":1000010,"lvl":10,"x":8,"y":26,"l1x":10,"l1y":25},{"data":1000010,"lvl":10,"x":8,"y":27,"l1x":24,"l1y":9},{"data":1000010,"lvl":10,"x":8,"y":28,"l1x":24,"l1y":10},{"data":1000010,"lvl":10,"x":8,"y":29,"l1x":25,"l1y":10},{"data":1000010,"lvl":10,"x":8,"y":30,"l1x":22,"l1y":10},{"data":1000010,"lvl":10,"x":8,"y":31,"l1x":21,"l1y":10},{"data":1000010,"lvl":10,"x":9,"y":31,"l1x":11,"l1y":11},{"data":1000010,"lvl":10,"x":10,"y":31,"l1x":18,"l1y":15},{"data":1000010,"lvl":10,"x":11,"y":31,"l1x":16,"l1y":15},{"data":1000010,"lvl":10,"x":12,"y":31,"l1x":14,"l1y":18},{"data":1000010,"lvl":10,"x":13,"y":31,"l1x":14,"l1y":15},{"data":1000010,"lvl":10,"x":14,"y":31,"l1x":14,"l1y":16},{"data":1000010,"lvl":10,"x":15,"y":16,"l1x":14,"l1y":17},{"data":1000010,"lvl":10,"x":15,"y":15,"l1x":15,"l1y":20},{"data":1000010,"lvl":10,"x":16,"y":15,"l1x":15,"l1y":19},{"data":1000010,"lvl":10,"x":17,"y":15,"l1x":14,"l1y":19},{"data":1000010,"lvl":10,"x":18,"y":15,"l1x":12,"l1y":11},{"data":1000010,"lvl":10,"x":19,"y":15,"l1x":12,"l1y":28},{"data":1000010,"lvl":10,"x":20,"y":15,"l1x":12,"l1y":27},{"data":1000010,"lvl":10,"x":21,"y":15,"l1x":12,"l1y":26},{"data":1000010,"lvl":10,"x":22,"y":15,"l1x":12,"l1y":25},{"data":1000010,"lvl":10,"x":23,"y":15,"l1x":11,"l1y":25},{"data":1000010,"lvl":10,"x":24,"y":15,"l1x":10,"l1y":23},{"data":1000010,"lvl":10,"x":24,"y":16,"l1x":10,"l1y":22},{"data":1000010,"lvl":10,"x":15,"y":17,"l1x":10,"l1y":21},{"data":1000010,"lvl":10,"x":15,"y":18,"l1x":11,"l1y":20},{"data":1000010,"lvl":10,"x":15,"y":19,"l1x":11,"l1y":19},{"data":1000010,"lvl":10,"x":15,"y":20,"l1x":11,"l1y":18},{"data":1000010,"lvl":10,"x":15,"y":21,"l1x":11,"l1y":17},{"data":1000010,"lvl":10,"x":15,"y":22,"l1x":11,"l1y":16},{"data":1000010,"lvl":10,"x":15,"y":23,"l1x":11,"l1y":15},{"data":1000010,"lvl":10,"x":15,"y":26,"l1x":11,"l1y":14},{"data":1000010,"lvl":10,"x":15,"y":24,"l1x":11,"l1y":13},{"data":1000010,"lvl":10,"x":24,"y":17,"l1x":11,"l1y":12},{"data":1000010,"lvl":10,"x":24,"y":18,"l1x":13,"l1y":11},{"data":1000010,"lvl":10,"x":17,"y":24,"l1x":14,"l1y":11},{"data":1000010,"lvl":10,"x":18,"y":24,"l1x":15,"l1y":11},{"data":1000010,"lvl":10,"x":19,"y":24,"l1x":16,"l1y":11},{"data":1000010,"lvl":10,"x":19,"y":23,"l1x":17,"l1y":11},{"data":1000010,"lvl":10,"x":19,"y":22,"l1x":18,"l1y":11},{"data":1000010,"lvl":10,"x":19,"y":21,"l1x":19,"l1y":11},{"data":1000010,"lvl":10,"x":19,"y":20,"l1x":20,"l1y":10},{"data":1000010,"lvl":10,"x":19,"y":19,"l1x":20,"l1y":11},{"data":1000010,"lvl":10,"x":20,"y":19,"l1x":24,"l1y":8},{"data":1000010,"lvl":10,"x":21,"y":19,"l1x":23,"l1y":10},{"data":1000010,"lvl":10,"x":22,"y":19,"l1x":25,"l1y":11},{"data":1000010,"lvl":10,"x":23,"y":19,"l1x":25,"l1y":12},{"data":1000010,"lvl":10,"x":24,"y":19,"l1x":26,"l1y":12},{"data":1000010,"lvl":10,"x":24,"y":20,"l1x":27,"l1y":12},{"data":1000010,"lvl":10,"x":24,"y":21,"l1x":28,"l1y":12},{"data":1000010,"lvl":10,"x":24,"y":22,"l1x":12,"l1y":19},{"data":1000010,"lvl":10,"x":24,"y":23,"l1x":29,"l1y":8},{"data":1000010,"lvl":10,"x":20,"y":24,"l1x":28,"l1y":8},{"data":1000009,"lvl":12,"x":28,"y":12,"l1x":8,"l1y":8},{"data":1000011,"lvl":7,"x":12,"y":32,"l1x":8,"l1y":16},{"data":1000008,"lvl":11,"x":13,"y":9,"l1x":25,"l1y":30},{"data":1000000,"lvl":7,"x":3,"y":15,"units":[[4000004,2],[4000013,1],[4000015,1]],"storage_type":0,"l1x":37,"l1y":29},{"data":1000020,"lvl":4,"x":39,"y":22,"units":[[26000005,2],[26000000,1],[26000002,2]],"storage_type":1,"unit_prod":{"unit_type":1},"l1x":3,"l1y":5},{"data":1000002,"lvl":10,"x":32,"y":16,"res_time":178192,"l1x":3,"l1y":27},{"data":1000004,"lvl":10,"x":31,"y":5,"res_time":96863,"l1x":20,"l1y":39},{"data":1000010,"lvl":10,"x":21,"y":24,"l1x":27,"l1y":8},{"data":1000010,"lvl":10,"x":22,"y":24,"l1x":26,"l1y":8},{"data":1000010,"lvl":10,"x":23,"y":24,"l1x":25,"l1y":8},{"data":1000010,"lvl":10,"x":28,"y":26,"l1x":15,"l1y":8},{"data":1000010,"lvl":10,"x":28,"y":25,"l1x":20,"l1y":7},{"data":1000010,"lvl":10,"x":27,"y":28,"l1x":15,"l1y":9},{"data":1000010,"lvl":10,"x":28,"y":28,"l1x":19,"l1y":7},{"data":1000010,"lvl":10,"x":25,"y":28,"l1x":18,"l1y":7},{"data":1000011,"lvl":7,"x":32,"y":12,"l1x":16,"l1y":8},{"data":1000013,"lvl":7,"x":28,"y":9,"l1x":23,"l1y":17},{"data":1000010,"lvl":10,"x":29,"y":15,"l1x":17,"l1y":7},{"data":1000010,"lvl":10,"x":24,"y":24,"l1x":16,"l1y":7},{"data":1000010,"lvl":10,"x":28,"y":16,"l1x":15,"l1y":7},{"data":1000010,"lvl":10,"x":28,"y":17,"l1x":14,"l1y":7},{"data":1000010,"lvl":10,"x":28,"y":18,"l1x":13,"l1y":7},{"data":1000010,"lvl":10,"x":28,"y":19,"l1x":12,"l1y":7},{"data":1000010,"lvl":10,"x":28,"y":20,"l1x":11,"l1y":7},{"data":1000010,"lvl":10,"x":28,"y":21,"l1x":10,"l1y":7},{"data":1000010,"lvl":10,"x":28,"y":22,"l1x":9,"l1y":7},{"data":1000010,"lvl":10,"x":28,"y":23,"l1x":8,"l1y":7},{"data":1000010,"lvl":10,"x":28,"y":24,"l1x":7,"l1y":8},{"data":1000010,"lvl":10,"x":28,"y":27,"l1x":7,"l1y":9},{"data":1000010,"lvl":10,"x":25,"y":15,"l1x":7,"l1y":10},{"data":1000010,"lvl":10,"x":26,"y":15,"l1x":7,"l1y":11},{"data":1000010,"lvl":10,"x":16,"y":24,"l1x":7,"l1y":12},{"data":1000010,"lvl":10,"x":25,"y":32,"l1x":7,"l1y":13},{"data":1000010,"lvl":10,"x":26,"y":28,"l1x":7,"l1y":14},{"data":1000010,"lvl":10,"x":15,"y":25,"l1x":7,"l1y":15},{"data":1000010,"lvl":10,"x":24,"y":28,"l1x":7,"l1y":16},{"data":1000010,"lvl":10,"x":23,"y":28,"l1x":7,"l1y":17},{"data":1000010,"lvl":10,"x":22,"y":28,"l1x":7,"l1y":18},{"data":1000010,"lvl":10,"x":21,"y":28,"l1x":7,"l1y":19},{"data":1000010,"lvl":10,"x":20,"y":28,"l1x":7,"l1y":20},{"data":1000010,"lvl":10,"x":19,"y":28,"l1x":11,"l1y":21},{"data":1000010,"lvl":10,"x":18,"y":28,"l1x":24,"l1y":7},{"data":1000010,"lvl":10,"x":17,"y":28,"l1x":8,"l1y":29},{"data":1000010,"lvl":10,"x":16,"y":28,"l1x":8,"l1y":24},{"data":1000010,"lvl":10,"x":15,"y":29,"l1x":8,"l1y":25},{"data":1000010,"lvl":10,"x":15,"y":30,"l1x":8,"l1y":26},{"data":1000004,"lvl":10,"x":16,"y":32,"res_time":131645,"l1x":25,"l1y":39},{"data":1000002,"lvl":10,"x":19,"y":35,"res_time":178177,"l1x":29,"l1y":13},{"data":1000008,"lvl":11,"x":35,"y":22,"l1x":16,"l1y":12},{"data":1000009,"lvl":12,"x":15,"y":12,"l1x":26,"l1y":9},{"data":1000013,"lvl":7,"x":9,"y":9,"l1x":28,"l1y":28},{"data":1000000,"lvl":7,"x":36,"y":30,"units":[[4000006,4],[4000001,1],[4000004,22]],"storage_type":0,"l1x":29,"l1y":37},{"data":1000006,"lvl":9,"boost_t":1650,"x":36,"y":12,"unit_prod":{"unit_type":0,"t":0,"slots":[{"id":4000006,"cnt":5}]},"l1x":29,"l1y":4},{"data":1000010,"lvl":10,"x":14,"y":8,"l1x":8,"l1y":27},{"data":1000010,"lvl":10,"x":15,"y":8,"l1x":8,"l1y":28},{"data":1000010,"lvl":10,"x":16,"y":8,"l1x":15,"l1y":15},{"data":1000010,"lvl":10,"x":17,"y":8,"l1x":37,"l1y":22},{"data":1000010,"lvl":10,"x":18,"y":8,"l1x":37,"l1y":26},{"data":1000010,"lvl":10,"x":19,"y":8,"l1x":13,"l1y":19},{"data":1000010,"lvl":10,"x":20,"y":8,"l1x":19,"l1y":12},{"data":1000010,"lvl":10,"x":21,"y":8,"l1x":19,"l1y":14},{"data":1000010,"lvl":10,"x":22,"y":8,"l1x":29,"l1y":9},{"data":1000010,"lvl":10,"x":23,"y":8,"l1x":29,"l1y":10},{"data":1000010,"lvl":10,"x":24,"y":8,"l1x":31,"l1y":12},{"data":1000010,"lvl":10,"x":25,"y":8,"l1x":30,"l1y":12},{"data":1000010,"lvl":10,"x":26,"y":8,"l1x":29,"l1y":12},{"data":1000010,"lvl":10,"x":27,"y":8,"l1x":22,"l1y":6},{"data":1000010,"lvl":10,"x":28,"y":8,"l1x":20,"l1y":6},{"data":1000010,"lvl":10,"x":29,"y":8,"l1x":21,"l1y":6},{"data":1000010,"lvl":10,"x":30,"y":8,"l1x":23,"l1y":6},{"data":1000010,"lvl":10,"x":36,"y":25,"l1x":24,"l1y":6},{"data":1000010,"lvl":10,"x":33,"y":11,"l1x":29,"l1y":11},{"data":1000010,"lvl":10,"x":32,"y":11,"l1x":32,"l1y":12},{"data":1000010,"lvl":10,"x":34,"y":25,"l1x":33,"l1y":13},{"data":1000010,"lvl":10,"x":33,"y":25,"l1x":33,"l1y":14},{"data":1000010,"lvl":10,"x":37,"y":25,"l1x":19,"l1y":15},{"data":1000010,"lvl":10,"x":31,"y":25,"l1x":33,"l1y":15},{"data":1000010,"lvl":10,"x":35,"y":25,"l1x":33,"l1y":16},{"data":1000019,"lvl":7,"x":23,"y":29,"l1x":18,"l1y":16},{"data":1000009,"lvl":12,"x":32,"y":32,"l1x":9,"l1y":26},{"data":1000019,"lvl":7,"x":19,"y":16,"l1x":16,"l1y":19},{"data":1000019,"lvl":7,"x":29,"y":16,"l1x":21,"l1y":16},{"data":1000015,"lvl":0,"x":6,"y":31,"l1x":6,"l1y":34},{"data":1000005,"lvl":10,"x":21,"y":12,"l1x":19,"l1y":34},{"data":1000010,"lvl":10,"x":31,"y":8,"l1x":8,"l1y":15},{"data":1000010,"lvl":10,"x":31,"y":9,"l1x":9,"l1y":29},{"data":1000010,"lvl":10,"x":31,"y":10,"l1x":11,"l1y":29},{"data":1000010,"lvl":10,"x":31,"y":11,"l1x":12,"l1y":31},{"data":1000010,"lvl":10,"x":31,"y":12,"l1x":12,"l1y":30},{"data":1000010,"lvl":10,"x":31,"y":13,"l1x":12,"l1y":29},{"data":1000010,"lvl":10,"x":31,"y":14,"l1x":6,"l1y":24},{"data":1000010,"lvl":10,"x":34,"y":11,"l1x":6,"l1y":21},{"data":1000010,"lvl":10,"x":35,"y":11,"l1x":6,"l1y":20},{"data":1000010,"lvl":10,"x":35,"y":12,"l1x":6,"l1y":22},{"data":1000010,"lvl":10,"x":35,"y":13,"l1x":6,"l1y":23},{"data":1000010,"lvl":10,"x":35,"y":14,"l1x":10,"l1y":29},{"data":1000010,"lvl":10,"x":30,"y":31,"l1x":12,"l1y":32},{"data":1000010,"lvl":10,"x":35,"y":27,"l1x":14,"l1y":32},{"data":1000010,"lvl":10,"x":35,"y":26,"l1x":15,"l1y":33},{"data":1000010,"lvl":10,"x":38,"y":25,"l1x":7,"l1y":24},{"data":1000010,"lvl":10,"x":38,"y":24,"l1x":15,"l1y":32},{"data":1000010,"lvl":10,"x":38,"y":23,"l1x":33,"l1y":29},{"data":1000010,"lvl":10,"x":38,"y":22,"l1x":32,"l1y":29},{"data":1000010,"lvl":10,"x":38,"y":21,"l1x":32,"l1y":30},{"data":1000010,"lvl":10,"x":38,"y":20,"l1x":32,"l1y":31},{"data":1000010,"lvl":10,"x":38,"y":19,"l1x":31,"l1y":31},{"data":1000010,"lvl":10,"x":38,"y":18,"l1x":31,"l1y":32},{"data":1000010,"lvl":10,"x":38,"y":17,"l1x":30,"l1y":32},{"data":1000010,"lvl":10,"x":38,"y":16,"l1x":29,"l1y":32},{"data":1000010,"lvl":10,"x":38,"y":15,"l1x":29,"l1y":33},{"data":1000010,"lvl":10,"x":36,"y":15,"l1x":26,"l1y":35},{"data":1000010,"lvl":10,"x":35,"y":15,"l1x":26,"l1y":34},{"data":1000010,"lvl":10,"x":18,"y":21,"l1x":28,"l1y":33},{"data":1000010,"lvl":10,"x":27,"y":15,"l1x":27,"l1y":33},{"data":1000010,"lvl":10,"x":37,"y":15,"l1x":26,"l1y":33},{"data":1000010,"lvl":10,"x":31,"y":15,"l1x":25,"l1y":33},{"data":1000010,"lvl":10,"x":30,"y":15,"l1x":24,"l1y":33},{"data":1000010,"lvl":10,"x":31,"y":16,"l1x":23,"l1y":33},{"data":1000010,"lvl":10,"x":31,"y":17,"l1x":22,"l1y":33},{"data":1000010,"lvl":10,"x":31,"y":18,"l1x":21,"l1y":33},{"data":1000010,"lvl":10,"x":31,"y":19,"l1x":20,"l1y":33},{"data":1000010,"lvl":10,"x":31,"y":20,"l1x":19,"l1y":33},{"data":1000010,"lvl":10,"x":31,"y":21,"l1x":18,"l1y":33},{"data":1000010,"lvl":10,"x":31,"y":22,"l1x":17,"l1y":33},{"data":1000010,"lvl":10,"x":31,"y":23,"l1x":16,"l1y":33},{"data":1000010,"lvl":10,"x":31,"y":24,"l1x":18,"l1y":34},{"data":1000010,"lvl":10,"x":32,"y":25,"l1x":18,"l1y":35},{"data":1000010,"lvl":10,"x":31,"y":26,"l1x":18,"l1y":36},{"data":1000010,"lvl":10,"x":31,"y":27,"l1x":9,"l1y":15},{"data":1000010,"lvl":10,"x":31,"y":28,"l1x":33,"l1y":12},{"data":1000010,"lvl":10,"x":31,"y":29,"l1x":19,"l1y":31},{"data":1000010,"lvl":10,"x":31,"y":30,"l1x":13,"l1y":32},{"data":1000010,"lvl":10,"x":29,"y":31,"l1x":10,"l1y":15},{"data":1000010,"lvl":10,"x":28,"y":31,"l1x":18,"l1y":37},{"data":1000015,"lvl":0,"x":39,"y":19,"l1x":33,"l1y":6},{"data":1000011,"lvl":7,"x":26,"y":32,"l1x":16,"l1y":30},{"data":1000012,"lvl":7,"x":25,"y":16,"l1x":20,"l1y":12},{"data":1000003,"lvl":10,"x":22,"y":32,"l1x":7,"l1y":21},{"data":1000008,"lvl":11,"x":22,"y":35,"l1x":22,"l1y":34},{"data":1000021,"lvl":3,"x":22,"y":25,"attack_mode":false,"attack_mode_war":false,"attack_mode_draft":false,"attack_mode_draft_war":false,"ammo":1500,"l1x":15,"l1y":16},{"data":1000012,"lvl":7,"x":12,"y":18,"l1x":20,"l1y":30},{"data":1000019,"lvl":7,"x":29,"y":23,"l1x":16,"l1y":21},{"data":1000009,"lvl":12,"x":32,"y":19,"l1x":14,"l1y":34},{"data":1000010,"lvl":10,"x":27,"y":31,"l1x":19,"l1y":37},{"data":1000010,"lvl":10,"x":26,"y":31,"l1x":20,"l1y":37},{"data":1000010,"lvl":10,"x":25,"y":31,"l1x":21,"l1y":37},{"data":1000010,"lvl":10,"x":24,"y":31,"l1x":33,"l1y":28},{"data":1000010,"lvl":10,"x":23,"y":31,"l1x":33,"l1y":27},{"data":1000010,"lvl":10,"x":22,"y":31,"l1x":33,"l1y":26},{"data":1000010,"lvl":10,"x":21,"y":31,"l1x":33,"l1y":25},{"data":1000010,"lvl":10,"x":20,"y":31,"l1x":33,"l1y":24},{"data":1000010,"lvl":10,"x":19,"y":31,"l1x":33,"l1y":23},{"data":1000010,"lvl":10,"x":18,"y":31,"l1x":33,"l1y":22},{"data":1000010,"lvl":10,"x":17,"y":31,"l1x":33,"l1y":21},{"data":1000010,"lvl":10,"x":16,"y":31,"l1x":33,"l1y":20},{"data":1000010,"lvl":10,"x":15,"y":31,"l1x":33,"l1y":19},{"data":1000010,"lvl":10,"x":15,"y":28,"l1x":33,"l1y":18},{"data":1000010,"lvl":10,"x":16,"y":21,"l1x":33,"l1y":17},{"data":1000010,"lvl":10,"x":17,"y":21,"l1x":34,"l1y":18},{"data":1000010,"lvl":10,"x":15,"y":35,"l1x":35,"l1y":18},{"data":1000010,"lvl":10,"x":15,"y":36,"l1x":36,"l1y":18},{"data":1000010,"lvl":10,"x":15,"y":37,"l1x":37,"l1y":21},{"data":1000010,"lvl":10,"x":15,"y":38,"l1x":17,"l1y":15},{"data":1000010,"lvl":10,"x":16,"y":38,"l1x":19,"l1y":13},{"data":1000010,"lvl":10,"x":17,"y":38,"l1x":27,"l1y":19},{"data":1000010,"lvl":10,"x":18,"y":38,"l1x":37,"l1y":18},{"data":1000010,"lvl":10,"x":19,"y":38,"l1x":37,"l1y":19},{"data":1000010,"lvl":10,"x":20,"y":38,"l1x":37,"l1y":20},{"data":1000023,"lvl":5,"x":10,"y":4,"res_time":52067,"l1x":21,"l1y":2},{"data":1000024,"lvl":5,"x":12,"y":21,"l1x":12,"l1y":12},{"data":1000021,"lvl":3,"x":25,"y":22,"attack_mode":false,"attack_mode_war":false,"attack_mode_draft":false,"attack_mode_draft_war":false,"ammo":1500,"l1x":13,"l1y":25},{"data":1000003,"lvl":10,"x":32,"y":22,"l1x":21,"l1y":7},{"data":1000005,"lvl":10,"x":18,"y":9,"l1x":34,"l1y":19},{"data":1000022,"lvl":0,"x":19,"y":25,"l1x":20,"l1y":23},{"data":1000023,"lvl":5,"x":4,"y":10,"res_time":52067,"l1x":16,"l1y":39},{"data":1000025,"lvl":0,"x":25,"y":19,"l1x":23,"l1y":20},{"data":1000026,"lvl":5,"boost_t":1641,"x":21,"y":39,"unit_prod":{"unit_type":0,"t":0,"slots":[{"id":4000013,"cnt":2}]},"l1x":34,"l1y":29},{"data":1000026,"lvl":4,"boost_t":1642,"x":26,"y":38,"unit_prod":{"unit_type":0,"t":0,"slots":[{"id":4000013,"cnt":1},{"id":4000015,"cnt":1}]},"l1x":29,"l1y":34},{"data":1000010,"lvl":10,"x":21,"y":38,"l1x":32,"l1y":19},{"data":1000010,"lvl":10,"x":22,"y":38,"l1x":31,"l1y":19},{"data":1000010,"lvl":10,"x":23,"y":38,"l1x":30,"l1y":19},{"data":1000010,"lvl":10,"x":24,"y":38,"l1x":23,"l1y":15},{"data":1000010,"lvl":10,"x":25,"y":38,"l1x":37,"l1y":23},{"data":1000010,"lvl":10,"x":26,"y":35,"l1x":37,"l1y":24},{"data":1000010,"lvl":10,"x":15,"y":27,"l1x":37,"l1y":25},{"data":1000010,"lvl":10,"x":27,"y":35,"l1x":34,"l1y":26},{"data":1000010,"lvl":10,"x":28,"y":35,"l1x":35,"l1y":26},{"data":1000010,"lvl":10,"x":30,"y":35,"l1x":36,"l1y":26},{"data":1000010,"lvl":10,"x":29,"y":35,"l1x":7,"l1y":7},{"data":1000010,"lvl":10,"x":31,"y":35,"l1x":28,"l1y":19},{"data":1000010,"lvl":10,"x":32,"y":35,"l1x":29,"l1y":19},{"data":1000010,"lvl":10,"x":28,"y":15,"l1x":15,"l1y":10},{"data":1000010,"lvl":10,"x":33,"y":35,"l1x":26,"l1y":36},{"data":1000010,"lvl":10,"x":34,"y":35,"l1x":26,"l1y":37},{"data":1000010,"lvl":10,"x":31,"y":31,"l1x":19,"l1y":27},{"data":1000010,"lvl":10,"x":35,"y":28,"l1x":19,"l1y":28},{"data":1000010,"lvl":10,"x":35,"y":29,"l1x":22,"l1y":37},{"data":1000010,"lvl":10,"x":35,"y":30,"l1x":19,"l1y":30},{"data":1000010,"lvl":10,"x":35,"y":31,"l1x":19,"l1y":32},{"data":1000010,"lvl":10,"x":35,"y":32,"l1x":23,"l1y":37},{"data":1000010,"lvl":10,"x":35,"y":33,"l1x":24,"l1y":37},{"data":1000010,"lvl":10,"x":35,"y":34,"l1x":25,"l1y":37},{"data":1000010,"lvl":10,"x":35,"y":35,"l1x":19,"l1y":29},{"data":1000011,"lvl":7,"x":32,"y":26,"l1x":30,"l1y":16},{"data":1000012,"lvl":7,"x":18,"y":12,"l1x":30,"l1y":20},{"data":1000027,"lvl":2,"x":16,"y":22,"attack_mode":false,"attack_mode_war":true,"attack_mode_draft":false,"attack_mode_draft_war":true,"ammo":750,"l1x":11,"l1y":23},{"data":1000009,"lvl":12,"x":19,"y":32,"l1x":34,"l1y":14},{"data":1000008,"lvl":11,"x":22,"y":9,"l1x":34,"l1y":22},{"data":1000023,"lvl":5,"x":12,"y":37,"res_time":55777,"l1x":39,"l1y":16},{"data":1000021,"lvl":3,"x":16,"y":16,"attack_mode":false,"attack_mode_war":false,"attack_mode_draft":false,"attack_mode_draft_war":false,"ammo":1500,"l1x":25,"l1y":13},{"data":1000027,"lvl":2,"x":21,"y":16,"attack_mode":true,"attack_mode_war":true,"attack_mode_draft":true,"attack_mode_draft_war":true,"ammo":750,"l1x":23,"l1y":11},{"data":1000002,"lvl":10,"x":8,"y":34,"res_time":178177,"l1x":39,"l1y":20},{"data":1000004,"lvl":10,"x":29,"y":32,"res_time":135582,"l1x":39,"l1y":25}],"obstacles":[{"data":8000010,"x":4,"y":42,"l1x":-1,"l1y":-1,"loot_multiply_ver":2},{"data":8000008,"x":36,"y":0,"l1x":-1,"l1y":-1,"loot_multiply_ver":2},{"data":8000004,"x":0,"y":42,"l1x":-1,"l1y":-1,"loot_multiply_ver":2},{"data":8000006,"x":0,"y":27,"l1x":-1,"l1y":-1,"loot_multiply_ver":2},{"data":8000005,"x":40,"y":0,"l1x":-1,"l1y":-1,"loot_multiply_ver":2},{"data":8000000,"x":0,"y":32,"l1x":-1,"l1y":-1,"loot_multiply_ver":2},{"data":8000004,"x":19,"y":0,"l1x":-1,"l1y":-1,"loot_multiply_ver":2},{"data":8000004,"x":0,"y":5,"l1x":-1,"l1y":-1,"loot_multiply_ver":2},{"data":8000006,"x":0,"y":16,"l1x":-1,"l1y":-1,"loot_multiply_ver":2},{"data":8000010,"x":30,"y":0,"l1x":-1,"l1y":-1,"loot_multiply_ver":2},{"data":8000004,"x":0,"y":12,"l1x":-1,"l1y":-1,"loot_multiply_ver":2},{"data":8000006,"x":9,"y":42,"l1x":-1,"l1y":-1,"loot_multiply_ver":2},{"data":8000010,"x":0,"y":21,"l1x":-1,"l1y":-1,"loot_multiply_ver":2},{"data":8000010,"x":22,"y":0,"l1x":-1,"l1y":-1,"loot_multiply_ver":2},{"data":8000010,"x":28,"y":42,"l1x":-1,"l1y":-1,"loot_multiply_ver":2},{"data":8000000,"x":25,"y":0,"l1x":-1,"l1y":-1,"loot_multiply_ver":2},{"data":8000006,"x":17,"y":42,"l1x":-1,"l1y":-1,"loot_multiply_ver":2},{"data":8000010,"x":25,"y":42,"l1x":-1,"l1y":-1,"loot_multiply_ver":2},{"data":8000004,"x":0,"y":39,"l1x":-1,"l1y":-1,"loot_multiply_ver":2},{"data":8000010,"x":14,"y":0,"l1x":-1,"l1y":-1,"loot_multiply_ver":2},{"data":8000000,"x":0,"y":24,"l1x":-1,"l1y":-1,"loot_multiply_ver":2},{"data":8000000,"x":12,"y":42,"l1x":-1,"l1y":-1,"loot_multiply_ver":2},{"data":8000004,"x":0,"y":9,"l1x":-1,"l1y":-1,"loot_multiply_ver":2},{"data":8000010,"x":20,"y":42,"l1x":-1,"l1y":-1,"loot_multiply_ver":2},{"data":8000004,"x":42,"y":34,"l1x":-1,"l1y":-1,"loot_multiply_ver":2},{"data":8000006,"x":42,"y":42,"l1x":-1,"l1y":-1,"loot_multiply_ver":2},{"data":8000000,"x":42,"y":38,"l1x":-1,"l1y":-1,"loot_multiply_ver":2},{"data":8000008,"x":42,"y":6,"l1x":-1,"l1y":-1,"loot_multiply_ver":2},{"data":8000007,"x":42,"y":17,"l1x":-1,"l1y":-1,"loot_multiply_ver":2},{"data":8000006,"x":32,"y":42,"l1x":-1,"l1y":-1,"loot_multiply_ver":2},{"data":8000007,"x":33,"y":0,"l1x":-1,"l1y":-1,"loot_multiply_ver":2},{"data":8000010,"x":36,"y":42,"l1x":-1,"l1y":-1,"loot_multiply_ver":2},{"data":8000004,"x":42,"y":14,"l1x":-1,"l1y":-1,"loot_multiply_ver":2},{"data":8000000,"x":42,"y":23,"l1x":-1,"l1y":-1,"loot_multiply_ver":2},{"data":8000000,"x":3,"y":0,"l1x":-1,"l1y":-1,"loot_multiply_ver":2},{"data":8000000,"x":10,"y":0,"l1x":-1,"l1y":-1,"loot_multiply_ver":2},{"data":8000000,"x":4,"y":39,"l1x":-1,"l1y":-1,"loot_multiply_ver":2},{"data":8000007,"x":0,"y":36,"l1x":-1,"l1y":-1,"loot_multiply_ver":2},{"data":8000000,"x":0,"y":2,"l1x":-1,"l1y":-1,"loot_multiply_ver":2},{"data":8000008,"x":41,"y":31,"l1x":-1,"l1y":-1,"loot_multiply_ver":2}],"traps":[{"data":12000006,"lvl":2,"x":19,"y":18,"l1x":22,"l1y":19},{"data":12000005,"lvl":3,"x":14,"y":25,"l1x":18,"l1y":22},{"data":12000005,"lvl":3,"x":14,"y":24,"l1x":11,"l1y":22},{"data":12000005,"lvl":3,"x":23,"y":16,"l1x":22,"l1y":11},{"data":12000006,"lvl":2,"x":11,"y":21,"l1x":13,"l1y":18},{"data":12000006,"lvl":2,"x":16,"y":20,"l1x":21,"l1y":11},{"data":12000001,"lvl":0,"x":26,"y":36,"l1x":25,"l1y":36},{"data":12000001,"lvl":0,"x":39,"y":25,"l1x":36,"l1y":25},{"data":12000001,"lvl":0,"x":25,"y":39,"l1x":31,"l1y":30},{"data":12000000,"lvl":5,"x":30,"y":22,"l1x":26,"l1y":28},{"data":12000000,"lvl":5,"x":29,"y":21,"l1x":28,"l1y":27},{"data":12000000,"lvl":5,"x":29,"y":22,"l1x":27,"l1y":27},{"data":12000002,"lvl":3,"x":16,"y":10,"l1x":13,"l1y":23},{"data":12000002,"lvl":3,"x":10,"y":16,"l1x":23,"l1y":13},{"data":12000000,"lvl":5,"x":26,"y":30,"l1x":27,"l1y":26},{"data":12000000,"lvl":5,"x":25,"y":29,"l1x":26,"l1y":27},{"data":12000000,"lvl":5,"x":25,"y":30,"l1x":27,"l1y":28},{"data":12000005,"lvl":3,"x":24,"y":14,"l1x":21,"l1y":22},{"data":12000005,"lvl":3,"x":29,"y":18,"l1x":22,"l1y":18},{"data":12000006,"lvl":2,"x":21,"y":11,"l1x":19,"l1y":22},{"data":12000006,"lvl":2,"x":30,"y":30,"l1x":22,"l1y":21},{"data":12000002,"lvl":3,"x":25,"y":13,"l1x":11,"l1y":5},{"data":12000002,"lvl":3,"x":21,"y":29,"l1x":30,"l1y":23},{"data":12000001,"lvl":0,"x":35,"y":36,"l1x":30,"l1y":31},{"data":12000001,"lvl":0,"x":36,"y":35,"l1x":20,"l1y":5},{"data":12000001,"lvl":0,"x":36,"y":26,"l1x":5,"l1y":20},{"data":12000002,"lvl":3,"x":29,"y":25,"l1x":23,"l1y":30}],"decos":[{"data":18000025,"x":39,"y":4,"l1x":40,"l1y":40},{"data":18000009,"x":40,"y":40,"l1x":-1,"l1y":-1}],"respawnVars":{"secondsFromLastRespawn":17836,"respawnSeed":-713530152,"obstacleClearCounter":19,"time_to_gembox_drop":214432,"time_in_gembox_period":432000},"cooldowns":[{"cooldown":7126398,"target":20000001}],"newShopBuildings":[4,0,7,4,7,4,4,1,6,7,250,4,4,3,1,5,0,0,0,4,1,3,1,3,1,1,2,2],"newShopTraps":[6,6,5,0,0,5,5,0],"newShopDecos":[1,4,0,1,1,4,4,1,1,1,1,1,1,1,1,1,1,1,1,1,1,1,1,1,1,1,1,1,1,1,1,1,1,1,1,1,1],"last_league_rank":16,"last_league_shuffle":1,"last_news_seen":81,"edit_mode_shown":true,"troop_req_msg":"1 pekka 1 valk 2 archers plz","war_req_msg":"1 witch the rest mix archers n barbs","war_tutorials_seen":0,"war_base":true}