{"buildings":[{"data":1000001,"lvl":9,"x":19,"y":19,"l1x":19,"l1y":19},{"data":1000004,"lvl":10,"x":12,"y":3,"res_time":173861,"l1x":12,"l1y":3},{"data":1000000,"lvl":7,"x":3,"y":26,"units":[],"storage_type":0,"l1x":3,"l1y":26},{"data":1000015,"lvl":0,"x":26,"y":30,"l1x":26,"l1y":30},{"data":1000014,"lvl":5,"x":19,"y":16,"unit_req_time":334,"share_replay_time":1613,"l1x":19,"l1y":16},{"data":1000008,"lvl":11,"x":12,"y":16,"l1x":12,"l1y":16},{"data":1000015,"lvl":0,"x":17,"y":34,"l1x":17,"l1y":34},{"data":1000002,"lvl":10,"x":21,"y":3,"res_time":173861,"l1x":21,"l1y":3},{"data":1000003,"lvl":10,"x":19,"y":30,"l1x":19,"l1y":30},{"data":1000005,"lvl":10,"x":10,"y":19,"l1x":10,"l1y":19},{"data":1000006,"lvl":9,"x":27,"y":33,"unit_prod":{"unit_type":0},"l1x":27,"l1y":33},{"data":1000002,"lvl":10,"x":3,"y":9,"res_time":174548,"l1x":3,"l1y":9},{"data":1000004,"lvl":10,"x":7,"y":3,"res_time":173861,"l1x":7,"l1y":3},{"data":1000008,"lvl":11,"x":13,"y":10,"l1x":13,"l1y":10},{"data":1000009,"lvl":12,"x":14,"y":33,"l1x":14,"l1y":33},{"data":1000010,"lvl":9,"x":6,"y":7,"l1x":6,"l1y":7},{"data":1000010,"lvl":9,"x":25,"y":7,"l1x":25,"l1y":7},{"data":1000010,"lvl":8,"x":31,"y":33,"l1x":31,"l1y":33},{"data":1000006,"lvl":9,"x":23,"y":33,"unit_prod":{"unit_type":0},"l1x":23,"l1y":33},{"data":1000015,"lvl":0,"x":34,"y":17,"l1x":34,"l1y":17},{"data":1000015,"lvl":0,"x":19,"y":23,"l1x":19,"l1y":23},{"data":1000003,"lvl":10,"x":30,"y":19,"l1x":30,"l1y":19},{"data":1000005,"lvl":10,"x":7,"y":13,"l1x":7,"l1y":13},{"data":1000002,"lvl":10,"x":3,"y":13,"res_time":174548,"l1x":3,"l1y":13},{"data":1000004,"lvl":10,"x":14,"y":37,"res_time":174550,"l1x":14,"l1y":37},{"data":1000000,"lvl":7,"x":8,"y":33,"units":[[4000004,2],[4000001,7]],"storage_type":0,"l1x":8,"l1y":33},{"data":1000002,"lvl":10,"x":3,"y":17,"res_time":174548,"l1x":3,"l1y":17},{"data":1000004,"lvl":10,"x":37,"y":14,"res_time":173860,"l1x":37,"l1y":14},{"data":1000006,"lvl":9,"x":33,"y":27,"unit_prod":{"unit_type":0,"t":286,"slots":[{"id":4000005,"cnt":4}]},"l1x":33,"l1y":27},{"data":1000010,"lvl":8,"x":35,"y":31,"l1x":35,"l1y":31},{"data":1000010,"lvl":8,"x":33,"y":31,"l1x":33,"l1y":31},{"data":1000010,"lvl":8,"x":36,"y":24,"l1x":36,"l1y":24},{"data":1000010,"lvl":8,"x":36,"y":25,"l1x":36,"l1y":25},{"data":1000009,"lvl":12,"x":33,"y":14,"l1x":33,"l1y":14},{"data":1000010,"lvl":8,"x":36,"y":26,"l1x":36,"l1y":26},{"data":1000010,"lvl":8,"x":36,"y":27,"l1x":36,"l1y":27},{"data":1000010,"lvl":8,"x":36,"y":28,"l1x":36,"l1y":28},{"data":1000010,"lvl":8,"x":36,"y":29,"l1x":36,"l1y":29},{"data":1000010,"lvl":8,"x":36,"y":30,"l1x":36,"l1y":30},{"data":1000010,"lvl":8,"x":36,"y":23,"l1x":36,"l1y":23},{"data":1000010,"lvl":9,"x":32,"y":32,"l1x":32,"l1y":32},{"data":1000010,"lvl":9,"x":25,"y":6,"l1x":25,"l1y":6},{"data":1000010,"lvl":8,"x":34,"y":31,"l1x":34,"l1y":31},{"data":1000010,"lvl":9,"x":6,"y":8,"l1x":6,"l1y":8},{"data":1000010,"lvl":8,"x":23,"y":36,"l1x":23,"l1y":36},{"data":1000010,"lvl":8,"x":36,"y":31,"l1x":36,"l1y":31},{"data":1000010,"lvl":8,"x":32,"y":31,"l1x":32,"l1y":31},{"data":1000013,"lvl":7,"x":10,"y":10,"l1x":10,"l1y":10},{"data":1000010,"lvl":8,"x":31,"y":34,"l1x":31,"l1y":34},{"data":1000010,"lvl":8,"x":31,"y":35,"l1x":31,"l1y":35},{"data":1000010,"lvl":8,"x":31,"y":36,"l1x":31,"l1y":36},{"data":1000010,"lvl":8,"x":30,"y":36,"l1x":30,"l1y":36},{"data":1000010,"lvl":8,"x":29,"y":36,"l1x":29,"l1y":36},{"data":1000010,"lvl":8,"x":28,"y":36,"l1x":28,"l1y":36},{"data":1000010,"lvl":8,"x":27,"y":36,"l1x":27,"l1y":36},{"data":1000010,"lvl":8,"x":26,"y":36,"l1x":26,"l1y":36},{"data":1000010,"lvl":8,"x":25,"y":36,"l1x":25,"l1y":36},{"data":1000007,"lvl":7,"x":34,"y":34,"l1x":34,"l1y":34},{"data":1000004,"lvl":10,"x":19,"y":33,"res_time":174550,"l1x":19,"l1y":33},{"data":1000002,"lvl":10,"x":3,"y":21,"res_time":174549,"l1x":3,"l1y":21},{"data":1000000,"lvl":7,"x":26,"y":3,"units":[[4000005,10]],"storage_type":0,"l1x":26,"l1y":3},{"data":1000010,"lvl":8,"x":32,"y":24,"l1x":32,"l1y":24},{"data":1000010,"lvl":8,"x":32,"y":25,"l1x":32,"l1y":25},{"data":1000010,"lvl":8,"x":30,"y":28,"l1x":30,"l1y":28},{"data":1000010,"lvl":8,"x":32,"y":26,"l1x":32,"l1y":26},{"data":1000009,"lvl":12,"x":10,"y":7,"l1x":10,"l1y":7},{"data":1000010,"lvl":8,"x":32,"y":29,"l1x":32,"l1y":29},{"data":1000010,"lvl":8,"x":32,"y":27,"l1x":32,"l1y":27},{"data":1000010,"lvl":8,"x":32,"y":28,"l1x":32,"l1y":28},{"data":1000010,"lvl":8,"x":32,"y":22,"l1x":32,"l1y":22},{"data":1000010,"lvl":8,"x":32,"y":30,"l1x":32,"l1y":30},{"data":1000010,"lvl":8,"x":24,"y":32,"l1x":24,"l1y":32},{"data":1000010,"lvl":8,"x":28,"y":32,"l1x":28,"l1y":32},{"data":1000010,"lvl":8,"x":29,"y":32,"l1x":29,"l1y":32},{"data":1000010,"lvl":8,"x":25,"y":32,"l1x":25,"l1y":32},{"data":1000010,"lvl":8,"x":31,"y":32,"l1x":31,"l1y":32},{"data":1000010,"lvl":8,"x":23,"y":32,"l1x":23,"l1y":32},{"data":1000010,"lvl":8,"x":27,"y":32,"l1x":27,"l1y":32},{"data":1000010,"lvl":8,"x":30,"y":32,"l1x":30,"l1y":32},{"data":1000010,"lvl":9,"x":8,"y":6,"l1x":8,"l1y":6},{"data":1000010,"lvl":8,"x":26,"y":32,"l1x":26,"l1y":32},{"data":1000010,"lvl":8,"x":24,"y":36,"l1x":24,"l1y":36},{"data":1000010,"lvl":8,"x":33,"y":13,"l1x":33,"l1y":13},{"data":1000010,"lvl":8,"x":34,"y":13,"l1x":34,"l1y":13},{"data":1000010,"lvl":8,"x":35,"y":13,"l1x":35,"l1y":13},{"data":1000010,"lvl":8,"x":36,"y":13,"l1x":36,"l1y":13},{"data":1000010,"lvl":8,"x":36,"y":14,"l1x":36,"l1y":14},{"data":1000010,"lvl":8,"x":36,"y":15,"l1x":36,"l1y":15},{"data":1000010,"lvl":8,"x":36,"y":16,"l1x":36,"l1y":16},{"data":1000010,"lvl":8,"x":36,"y":17,"l1x":36,"l1y":17},{"data":1000010,"lvl":8,"x":36,"y":18,"l1x":36,"l1y":18},{"data":1000010,"lvl":8,"x":36,"y":19,"l1x":36,"l1y":19},{"data":1000010,"lvl":9,"x":7,"y":6,"l1x":7,"l1y":6},{"data":1000010,"lvl":8,"x":36,"y":20,"l1x":36,"l1y":20},{"data":1000010,"lvl":8,"x":36,"y":21,"l1x":36,"l1y":21},{"data":1000010,"lvl":8,"x":36,"y":22,"l1x":36,"l1y":22},{"data":1000010,"lvl":8,"x":13,"y":33,"l1x":13,"l1y":33},{"data":1000010,"lvl":9,"x":6,"y":6,"l1x":6,"l1y":6},{"data":1000010,"lvl":9,"x":14,"y":25,"l1x":14,"l1y":25},{"data":1000010,"lvl":9,"x":13,"y":25,"l1x":13,"l1y":25},{"data":1000010,"lvl":9,"x":7,"y":25,"l1x":7,"l1y":25},{"data":1000010,"lvl":8,"x":13,"y":34,"l1x":13,"l1y":34},{"data":1000010,"lvl":9,"x":8,"y":25,"l1x":8,"l1y":25},{"data":1000010,"lvl":8,"x":13,"y":35,"l1x":13,"l1y":35},{"data":1000010,"lvl":8,"x":13,"y":36,"l1x":13,"l1y":36},{"data":1000010,"lvl":8,"x":14,"y":36,"l1x":14,"l1y":36},{"data":1000010,"lvl":8,"x":15,"y":36,"l1x":15,"l1y":36},{"data":1000010,"lvl":9,"x":10,"y":25,"l1x":10,"l1y":25},{"data":1000010,"lvl":9,"x":11,"y":25,"l1x":11,"l1y":25},{"data":1000010,"lvl":8,"x":16,"y":36,"l1x":16,"l1y":36},{"data":1000008,"lvl":11,"x":10,"y":13,"l1x":10,"l1y":13},{"data":1000010,"lvl":8,"x":17,"y":36,"l1x":17,"l1y":36},{"data":1000010,"lvl":8,"x":18,"y":36,"l1x":18,"l1y":36},{"data":1000010,"lvl":8,"x":31,"y":8,"l1x":31,"l1y":8},{"data":1000010,"lvl":8,"x":30,"y":8,"l1x":30,"l1y":8},{"data":1000010,"lvl":8,"x":28,"y":8,"l1x":28,"l1y":8},{"data":1000010,"lvl":8,"x":27,"y":8,"l1x":27,"l1y":8},{"data":1000010,"lvl":8,"x":6,"y":9,"l1x":6,"l1y":9},{"data":1000010,"lvl":8,"x":6,"y":10,"l1x":6,"l1y":10},{"data":1000010,"lvl":9,"x":9,"y":25,"l1x":9,"l1y":25},{"data":1000010,"lvl":8,"x":6,"y":11,"l1x":6,"l1y":11},{"data":1000010,"lvl":8,"x":6,"y":12,"l1x":6,"l1y":12},{"data":1000010,"lvl":8,"x":6,"y":13,"l1x":6,"l1y":13},{"data":1000010,"lvl":8,"x":6,"y":14,"l1x":6,"l1y":14},{"data":1000010,"lvl":9,"x":12,"y":25,"l1x":12,"l1y":25},{"data":1000010,"lvl":8,"x":6,"y":15,"l1x":6,"l1y":15},{"data":1000010,"lvl":8,"x":6,"y":16,"l1x":6,"l1y":16},{"data":1000010,"lvl":8,"x":6,"y":17,"l1x":6,"l1y":17},{"data":1000010,"lvl":8,"x":6,"y":18,"l1x":6,"l1y":18},{"data":1000010,"lvl":8,"x":6,"y":19,"l1x":6,"l1y":19},{"data":1000010,"lvl":8,"x":6,"y":20,"l1x":6,"l1y":20},{"data":1000010,"lvl":8,"x":6,"y":21,"l1x":6,"l1y":21},{"data":1000010,"lvl":8,"x":6,"y":22,"l1x":6,"l1y":22},{"data":1000010,"lvl":8,"x":6,"y":23,"l1x":6,"l1y":23},{"data":1000010,"lvl":8,"x":6,"y":24,"l1x":6,"l1y":24},{"data":1000010,"lvl":9,"x":25,"y":10,"l1x":25,"l1y":10},{"data":1000010,"lvl":9,"x":25,"y":9,"l1x":25,"l1y":9},{"data":1000010,"lvl":8,"x":6,"y":25,"l1x":6,"l1y":25},{"data":1000010,"lvl":8,"x":32,"y":10,"l1x":32,"l1y":10},{"data":1000010,"lvl":8,"x":32,"y":8,"l1x":32,"l1y":8},{"data":1000010,"lvl":8,"x":32,"y":9,"l1x":32,"l1y":9},{"data":1000010,"lvl":8,"x":32,"y":11,"l1x":32,"l1y":11},{"data":1000010,"lvl":8,"x":32,"y":12,"l1x":32,"l1y":12},{"data":1000010,"lvl":8,"x":29,"y":8,"l1x":29,"l1y":8},{"data":1000010,"lvl":9,"x":25,"y":14,"l1x":25,"l1y":14},{"data":1000010,"lvl":8,"x":9,"y":6,"l1x":9,"l1y":6},{"data":1000010,"lvl":8,"x":10,"y":6,"l1x":10,"l1y":6},{"data":1000010,"lvl":8,"x":11,"y":6,"l1x":11,"l1y":6},{"data":1000010,"lvl":8,"x":12,"y":6,"l1x":12,"l1y":6},{"data":1000010,"lvl":8,"x":13,"y":6,"l1x":13,"l1y":6},{"data":1000010,"lvl":8,"x":14,"y":6,"l1x":14,"l1y":6},{"data":1000010,"lvl":8,"x":15,"y":6,"l1x":15,"l1y":6},{"data":1000010,"lvl":8,"x":16,"y":6,"l1x":16,"l1y":6},{"data":1000010,"lvl":8,"x":17,"y":6,"l1x":17,"l1y":6},{"data":1000010,"lvl":8,"x":18,"y":6,"l1x":18,"l1y":6},{"data":1000010,"lvl":8,"x":19,"y":6,"l1x":19,"l1y":6},{"data":1000010,"lvl":8,"x":20,"y":6,"l1x":20,"l1y":6},{"data":1000010,"lvl":8,"x":21,"y":6,"l1x":21,"l1y":6},{"data":1000002,"lvl":10,"x":29,"y":9,"res_time":173859,"l1x":29,"l1y":9},{"data":1000004,"lvl":10,"x":33,"y":19,"res_time":173859,"l1x":33,"l1y":19},{"data":1000015,"lvl":0,"x":23,"y":19,"l1x":23,"l1y":19},{"data":1000010,"lvl":9,"x":25,"y":11,"l1x":25,"l1y":11},{"data":1000013,"lvl":7,"x":12,"y":26,"l1x":12,"l1y":26},{"data":1000012,"lvl":7,"x":22,"y":10,"l1x":22,"l1y":10},{"data":1000009,"lvl":12,"x":19,"y":7,"l1x":19,"l1y":7},{"data":1000008,"lvl":11,"x":7,"y":10,"l1x":7,"l1y":10},{"data":1000008,"lvl":11,"x":23,"y":26,"l1x":23,"l1y":26},{"data":1000010,"lvl":9,"x":25,"y":12,"l1x":25,"l1y":12},{"data":1000010,"lvl":9,"x":25,"y":13,"l1x":25,"l1y":13},{"data":1000010,"lvl":8,"x":22,"y":6,"l1x":22,"l1y":6},{"data":1000010,"lvl":9,"x":23,"y":6,"l1x":23,"l1y":6},{"data":1000010,"lvl":9,"x":24,"y":6,"l1x":24,"l1y":6},{"data":1000010,"lvl":9,"x":25,"y":8,"l1x":25,"l1y":8},{"data":1000010,"lvl":8,"x":26,"y":8,"l1x":26,"l1y":8},{"data":1000010,"lvl":8,"x":22,"y":35,"l1x":22,"l1y":35},{"data":1000010,"lvl":8,"x":22,"y":36,"l1x":22,"l1y":36},{"data":1000010,"lvl":8,"x":21,"y":36,"l1x":21,"l1y":36},{"data":1000010,"lvl":8,"x":20,"y":36,"l1x":20,"l1y":36},{"data":1000010,"lvl":8,"x":19,"y":36,"l1x":19,"l1y":36},{"data":1000010,"lvl":8,"x":12,"y":32,"l1x":12,"l1y":32},{"data":1000010,"lvl":8,"x":8,"y":30,"l1x":8,"l1y":30},{"data":1000010,"lvl":8,"x":8,"y":32,"l1x":8,"l1y":32},{"data":1000010,"lvl":9,"x":15,"y":26,"l1x":15,"l1y":26},{"data":1000010,"lvl":9,"x":15,"y":27,"l1x":15,"l1y":27},{"data":1000010,"lvl":9,"x":15,"y":28,"l1x":15,"l1y":28},{"data":1000010,"lvl":8,"x":10,"y":32,"l1x":10,"l1y":32},{"data":1000010,"lvl":8,"x":11,"y":32,"l1x":11,"l1y":32},{"data":1000010,"lvl":9,"x":15,"y":29,"l1x":15,"l1y":29},{"data":1000010,"lvl":8,"x":9,"y":32,"l1x":9,"l1y":32},{"data":1000010,"lvl":8,"x":8,"y":31,"l1x":8,"l1y":31},{"data":1000010,"lvl":8,"x":8,"y":27,"l1x":8,"l1y":27},{"data":1000010,"lvl":8,"x":8,"y":29,"l1x":8,"l1y":29},{"data":1000010,"lvl":9,"x":16,"y":29,"l1x":16,"l1y":29},{"data":1000010,"lvl":9,"x":17,"y":29,"l1x":17,"l1y":29},{"data":1000010,"lvl":9,"x":18,"y":29,"l1x":18,"l1y":29},{"data":1000010,"lvl":9,"x":19,"y":29,"l1x":19,"l1y":29},{"data":1000010,"lvl":8,"x":8,"y":28,"l1x":8,"l1y":28},{"data":1000010,"lvl":8,"x":8,"y":26,"l1x":8,"l1y":26},{"data":1000010,"lvl":8,"x":30,"y":15,"l1x":30,"l1y":15},{"data":1000010,"lvl":8,"x":31,"y":15,"l1x":31,"l1y":15},{"data":1000010,"lvl":9,"x":20,"y":29,"l1x":20,"l1y":29},{"data":1000000,"lvl":7,"x":33,"y":8,"units":[[4000005,12]],"storage_type":0,"l1x":33,"l1y":8},{"data":1000006,"lvl":9,"x":33,"y":23,"unit_prod":{"unit_type":0,"t":283,"slots":[{"id":4000005,"cnt":9},{"id":4000001,"cnt":1}]},"l1x":33,"l1y":23},{"data":1000011,"lvl":7,"x":22,"y":7,"l1x":22,"l1y":7},{"data":1000011,"lvl":7,"x":7,"y":22,"l1x":7,"l1y":22},{"data":1000010,"lvl":8,"x":32,"y":15,"l1x":32,"l1y":15},{"data":1000013,"lvl":7,"x":26,"y":12,"l1x":26,"l1y":12},{"data":1000010,"lvl":8,"x":32,"y":14,"l1x":32,"l1y":14},{"data":1000010,"lvl":9,"x":21,"y":29,"l1x":21,"l1y":29},{"data":1000010,"lvl":9,"x":26,"y":15,"l1x":26,"l1y":15},{"data":1000010,"lvl":8,"x":32,"y":13,"l1x":32,"l1y":13},{"data":1000010,"lvl":9,"x":27,"y":15,"l1x":27,"l1y":15},{"data":1000010,"lvl":9,"x":28,"y":15,"l1x":28,"l1y":15},{"data":1000010,"lvl":9,"x":29,"y":15,"l1x":29,"l1y":15},{"data":1000010,"lvl":9,"x":29,"y":16,"l1x":29,"l1y":16},{"data":1000010,"lvl":8,"x":30,"y":22,"l1x":30,"l1y":22},{"data":1000010,"lvl":9,"x":29,"y":17,"l1x":29,"l1y":17},{"data":1000010,"lvl":9,"x":29,"y":18,"l1x":29,"l1y":18},{"data":1000010,"lvl":8,"x":14,"y":32,"l1x":14,"l1y":32},{"data":1000010,"lvl":8,"x":15,"y":31,"l1x":15,"l1y":31},{"data":1000010,"lvl":9,"x":29,"y":19,"l1x":29,"l1y":19},{"data":1000010,"lvl":8,"x":15,"y":30,"l1x":15,"l1y":30},{"data":1000024,"lvl":5,"x":7,"y":7,"l1x":7,"l1y":7},{"data":1000012,"lvl":7,"x":10,"y":22,"l1x":10,"l1y":22},{"data":1000020,"lvl":4,"x":16,"y":3,"units":[[26000000,1],[26000002,1]],"storage_type":1,"unit_prod":{"unit_type":1,"t":1719,"slots":[{"id":26000002,"cnt":3}]},"l1x":16,"l1y":3},{"data":1000005,"lvl":10,"x":19,"y":10,"l1x":19,"l1y":10},{"data":1000003,"lvl":10,"x":26,"y":16,"l1x":26,"l1y":16},{"data":1000011,"lvl":7,"x":12,"y":29,"l1x":12,"l1y":29},{"data":1000010,"lvl":8,"x":15,"y":32,"l1x":15,"l1y":32},{"data":1000010,"lvl":8,"x":13,"y":32,"l1x":13,"l1y":32},{"data":1000010,"lvl":9,"x":29,"y":20,"l1x":29,"l1y":20},{"data":1000010,"lvl":8,"x":22,"y":30,"l1x":22,"l1y":30},{"data":1000010,"lvl":9,"x":29,"y":21,"l1x":29,"l1y":21},{"data":1000010,"lvl":9,"x":22,"y":26,"l1x":22,"l1y":26},{"data":1000010,"lvl":9,"x":22,"y":27,"l1x":22,"l1y":27},{"data":1000010,"lvl":9,"x":22,"y":28,"l1x":22,"l1y":28},{"data":1000010,"lvl":8,"x":22,"y":32,"l1x":22,"l1y":32},{"data":1000010,"lvl":8,"x":22,"y":34,"l1x":22,"l1y":34},{"data":1000010,"lvl":9,"x":22,"y":29,"l1x":22,"l1y":29},{"data":1000010,"lvl":8,"x":22,"y":33,"l1x":22,"l1y":33},{"data":1000010,"lvl":9,"x":23,"y":29,"l1x":23,"l1y":29},{"data":1000010,"lvl":9,"x":24,"y":29,"l1x":24,"l1y":29},{"data":1000010,"lvl":9,"x":25,"y":29,"l1x":25,"l1y":29},{"data":1000010,"lvl":9,"x":26,"y":29,"l1x":26,"l1y":29},{"data":1000010,"lvl":9,"x":27,"y":29,"l1x":27,"l1y":29},{"data":1000010,"lvl":9,"x":28,"y":29,"l1x":28,"l1y":29},{"data":1000010,"lvl":9,"x":29,"y":29,"l1x":29,"l1y":29},{"data":1000010,"lvl":9,"x":29,"y":28,"l1x":29,"l1y":28},{"data":1000010,"lvl":9,"x":29,"y":27,"l1x":29,"l1y":27},{"data":1000010,"lvl":9,"x":29,"y":26,"l1x":29,"l1y":26},{"data":1000010,"lvl":9,"x":29,"y":25,"l1x":29,"l1y":25},{"data":1000010,"lvl":9,"x":29,"y":24,"l1x":29,"l1y":24},{"data":1000010,"lvl":9,"x":29,"y":23,"l1x":29,"l1y":23},{"data":1000010,"lvl":9,"x":29,"y":22,"l1x":29,"l1y":22},{"data":1000010,"lvl":8,"x":22,"y":31,"l1x":22,"l1y":31},{"data":1000010,"lvl":8,"x":35,"y":22,"l1x":35,"l1y":22},{"data":1000010,"lvl":8,"x":34,"y":22,"l1x":34,"l1y":22},{"data":1000010,"lvl":8,"x":33,"y":22,"l1x":33,"l1y":22},{"data":1000010,"lvl":9,"x":28,"y":22,"l1x":28,"l1y":22},{"data":1000010,"lvl":8,"x":31,"y":22,"l1x":31,"l1y":22},{"data":1000010,"lvl":9,"x":27,"y":22,"l1x":27,"l1y":22},{"data":1000010,"lvl":9,"x":26,"y":22,"l1x":26,"l1y":22},{"data":1000010,"lvl":9,"x":24,"y":25,"l1x":24,"l1y":25},{"data":1000010,"lvl":9,"x":23,"y":25,"l1x":23,"l1y":25},{"data":1000010,"lvl":9,"x":22,"y":25,"l1x":22,"l1y":25},{"data":1000010,"lvl":9,"x":21,"y":25,"l1x":21,"l1y":25},{"data":1000009,"lvl":12,"x":7,"y":19,"l1x":7,"l1y":19},{"data":1000023,"lvl":5,"x":16,"y":30,"res_time":52150,"l1x":16,"l1y":30},{"data":1000022,"lvl":0,"x":16,"y":19,"l1x":16,"l1y":19},{"data":1000010,"lvl":9,"x":20,"y":25,"l1x":20,"l1y":25},{"data":1000010,"lvl":9,"x":19,"y":25,"l1x":19,"l1y":25},{"data":1000010,"lvl":9,"x":18,"y":25,"l1x":18,"l1y":25},{"data":1000010,"lvl":9,"x":17,"y":25,"l1x":17,"l1y":25},{"data":1000010,"lvl":8,"x":32,"y":23,"l1x":32,"l1y":23},{"data":1000010,"lvl":9,"x":16,"y":25,"l1x":16,"l1y":25},{"data":1000010,"lvl":9,"x":15,"y":25,"l1x":15,"l1y":25},{"data":1000010,"lvl":9,"x":15,"y":24,"l1x":15,"l1y":24},{"data":1000010,"lvl":10,"x":15,"y":15,"l1x":15,"l1y":15},{"data":1000010,"lvl":9,"x":15,"y":23,"l1x":15,"l1y":23},{"data":1000019,"lvl":7,"x":19,"y":4,"l1x":16,"l1y":10},{"data":1000019,"lvl":7,"x":10,"y":16,"l1x":10,"l1y":16},{"data":1000026,"lvl":5,"x":19,"y":37,"unit_prod":{"unit_type":0},"l1x":19,"l1y":37},{"data":1000012,"lvl":7,"x":19,"y":26,"l1x":19,"l1y":26},{"data":1000010,"lvl":9,"x":15,"y":22,"l1x":15,"l1y":22},{"data":1000010,"lvl":9,"x":15,"y":21,"l1x":15,"l1y":21},{"data":1000021,"lvl":3,"x":26,"y":26,"attack_mode":false,"attack_mode_war":false,"attack_mode_draft":false,"attack_mode_draft_war":false,"ammo":1500,"l1x":26,"l1y":26},{"data":1000021,"lvl":3,"x":16,"y":22,"attack_mode":false,"attack_mode_war":false,"attack_mode_draft":false,"attack_mode_draft_war":false,"ammo":1500,"l1x":16,"l1y":22},{"data":1000025,"lvl":0,"x":16,"y":12,"l1x":16,"l1y":12},{"data":1000010,"lvl":9,"x":15,"y":20,"l1x":15,"l1y":20},{"data":1000010,"lvl":9,"x":15,"y":19,"l1x":15,"l1y":19},{"data":1000010,"lvl":9,"x":15,"y":18,"l1x":15,"l1y":18},{"data":1000010,"lvl":10,"x":25,"y":15,"l1x":25,"l1y":15},{"data":1000010,"lvl":9,"x":15,"y":17,"l1x":15,"l1y":17},{"data":1000010,"lvl":9,"x":15,"y":16,"l1x":15,"l1y":16},{"data":1000010,"lvl":9,"x":16,"y":15,"l1x":16,"l1y":15},{"data":1000010,"lvl":9,"x":17,"y":15,"l1x":17,"l1y":15},{"data":1000010,"lvl":9,"x":18,"y":15,"l1x":18,"l1y":15},{"data":1000010,"lvl":9,"x":19,"y":15,"l1x":19,"l1y":15},{"data":1000010,"lvl":9,"x":20,"y":15,"l1x":20,"l1y":15},{"data":1000010,"lvl":9,"x":21,"y":15,"l1x":21,"l1y":15},{"data":1000010,"lvl":9,"x":22,"y":15,"l1x":22,"l1y":15},{"data":1000010,"lvl":9,"x":23,"y":15,"l1x":23,"l1y":15},{"data":1000010,"lvl":9,"x":24,"y":15,"l1x":24,"l1y":15},{"data":1000010,"lvl":9,"x":25,"y":16,"l1x":25,"l1y":16},{"data":1000010,"lvl":9,"x":25,"y":17,"l1x":25,"l1y":17},{"data":1000010,"lvl":9,"x":25,"y":18,"l1x":25,"l1y":18},{"data":1000010,"lvl":9,"x":25,"y":19,"l1x":25,"l1y":19},{"data":1000010,"lvl":9,"x":25,"y":20,"l1x":25,"l1y":20},{"data":1000010,"lvl":9,"x":25,"y":21,"l1x":25,"l1y":21},{"data":1000010,"lvl":9,"x":25,"y":22,"l1x":25,"l1y":22},{"data":1000010,"lvl":9,"x":25,"y":23,"l1x":25,"l1y":23},{"data":1000010,"lvl":10,"x":25,"y":25,"l1x":25,"l1y":25},{"data":1000010,"lvl":9,"x":25,"y":24,"l1x":25,"l1y":24},{"data":1000023,"lvl":5,"x":30,"y":16,"res_time":51459,"l1x":30,"l1y":16},{"data":1000012,"lvl":7,"x":26,"y":19,"l1x":26,"l1y":19},{"data":1000011,"lvl":7,"x":29,"y":12,"l1x":29,"l1y":12},{"data":1000009,"lvl":12,"x":9,"y":26,"l1x":9,"l1y":26},{"data":1000019,"lvl":7,"x":21,"y":13,"l1x":21,"l1y":13},{"data":1000019,"lvl":7,"x":24,"y":4,"l1x":13,"l1y":21},{"data":1000003,"lvl":10,"x":16,"y":26,"l1x":16,"l1y":26},{"data":1000005,"lvl":10,"x":13,"y":7,"l1x":13,"l1y":7},{"data":1000021,"lvl":3,"x":22,"y":16,"attack_mode":false,"attack_mode_war":false,"attack_mode_draft":false,"attack_mode_draft_war":false,"ammo":1500,"l1x":22,"l1y":16},{"data":1000027,"lvl":2,"x":17,"y":17,"attack_mode":true,"attack_mode_war":true,"attack_mode_draft":true,"attack_mode_draft_war":true,"ammo":750,"l1x":17,"l1y":17},{"data":1000027,"lvl":2,"x":23,"y":23,"attack_mode":true,"attack_mode_war":true,"attack_mode_draft":true,"attack_mode_draft_war":true,"ammo":750,"l1x":23,"l1y":23},{"data":1000008,"lvl":11,"x":26,"y":23,"l1x":26,"l1y":23},{"data":1000009,"lvl":12,"x":26,"y":9,"l1x":26,"l1y":9},{"data":1000002,"lvl":10,"x":9,"y":29,"res_time":174549,"l1x":9,"l1y":29},{"data":1000004,"lvl":10,"x":16,"y":7,"res_time":173861,"l1x":16,"l1y":7},{"data":1000026,"lvl":5,"x":37,"y":19,"unit_prod":{"unit_type":0},"l1x":37,"l1y":19},{"data":1000023,"lvl":5,"x":7,"y":16,"res_time":52149,"l1x":7,"l1y":16}],"obstacles":[{"data":8000008,"x":34,"y":42,"l1x":-1,"l1y":-1,"loot_multiply_ver":2},{"data":8000008,"x":14,"y":42,"l1x":-1,"l1y":-1,"loot_multiply_ver":2},{"data":8000010,"x":40,"y":41,"l1x":-1,"l1y":-1,"loot_multiply_ver":2},{"data":8000008,"x":17,"y":42,"l1x":-1,"l1y":-1,"loot_multiply_ver":2},{"data":8000004,"x":4,"y":3,"l1x":-1,"l1y":-1,"loot_multiply_ver":2},{"data":8000010,"x":7,"y":39,"l1x":-1,"l1y":-1,"loot_multiply_ver":2},{"data":8000004,"x":40,"y":24,"l1x":-1,"l1y":-1,"loot_multiply_ver":2},{"data":8000000,"x":2,"y":40,"l1x":-1,"l1y":-1,"loot_multiply_ver":2},{"data":8000000,"x":0,"y":23,"l1x":-1,"l1y":-1,"loot_multiply_ver":2},{"data":8000010,"x":31,"y":41,"l1x":-1,"l1y":-1,"loot_multiply_ver":2},{"data":8000008,"x":41,"y":18,"l1x":-1,"l1y":-1,"loot_multiply_ver":2}],"traps":[{"data":12000000,"lvl":5,"x":30,"y":25,"l1x":30,"l1y":25},{"data":12000000,"lvl":5,"x":30,"y":24,"l1x":30,"l1y":24},{"data":12000000,"lvl":5,"x":30,"y":29,"l1x":30,"l1y":29},{"data":12000000,"lvl":5,"x":29,"y":30,"l1x":29,"l1y":30},{"data":12000005,"lvl":3,"x":31,"y":23,"l1x":31,"l1y":23},{"data":12000000,"lvl":5,"x":25,"y":30,"l1x":25,"l1y":30},{"data":12000000,"lvl":5,"x":24,"y":30,"l1x":24,"l1y":30},{"data":12000005,"lvl":3,"x":31,"y":31,"l1x":31,"l1y":31},{"data":12000001,"lvl":0,"x":7,"y":32,"l1x":7,"l1y":32},{"data":12000001,"lvl":0,"x":32,"y":7,"l1x":32,"l1y":7},{"data":12000001,"lvl":0,"x":33,"y":32,"l1x":33,"l1y":32},{"data":12000001,"lvl":0,"x":32,"y":33,"l1x":32,"l1y":33},{"data":12000006,"lvl":2,"x":18,"y":16,"l1x":18,"l1y":16},{"data":12000006,"lvl":2,"x":22,"y":24,"l1x":22,"l1y":24},{"data":12000005,"lvl":3,"x":23,"y":31,"l1x":23,"l1y":31},{"data":12000005,"lvl":3,"x":16,"y":16,"l1x":16,"l1y":16},{"data":12000001,"lvl":0,"x":15,"y":14,"l1x":15,"l1y":14},{"data":12000001,"lvl":0,"x":14,"y":15,"l1x":14,"l1y":15},{"data":12000002,"lvl":3,"x":13,"y":13,"l1x":13,"l1y":13},{"data":12000002,"lvl":3,"x":13,"y":22,"l1x":13,"l1y":19},{"data":12000002,"lvl":3,"x":19,"y":2,"l1x":13,"l1y":23},{"data":12000002,"lvl":3,"x":23,"y":13,"l1x":23,"l1y":13},{"data":12000006,"lvl":2,"x":24,"y":22,"l1x":24,"l1y":22},{"data":12000006,"lvl":2,"x":11,"y":18,"l1x":11,"l1y":18},{"data":12000005,"lvl":3,"x":16,"y":18,"l1x":16,"l1y":18},{"data":12000002,"lvl":3,"x":19,"y":13,"l1x":19,"l1y":13},{"data":12000006,"lvl":2,"x":18,"y":11,"l1x":18,"l1y":11}],"decos":[],"respawnVars":{"secondsFromLastRespawn":16249,"respawnSeed":1226414241,"obstacleClearCounter":14,"time_to_gembox_drop":766708,"time_in_gembox_period":208800},"cooldowns":[{"cooldown":7275005,"target":20000001},{"cooldown":5857941,"target":20000000}],"newShopBuildings":[4,0,7,4,7,4,4,1,6,7,250,4,4,3,1,5,0,0,0,4,1,3,1,3,1,1,2,2],"newShopTraps":[6,6,5,0,0,5,5,0],"newShopDecos":[1,4,0,1,1,4,4,1,1,1,1,1,1,1,1,1,1,1,1,1,1,1,1,1,1,1,1,1,1,1,1,1,1,1,1,1,1],"last_league_rank":16,"last_league_shuffle":1,"last_news_seen":81,"edit_mode_shown":true,"troop_req_msg":"..... ..... ","war_req_msg":"2 witch, 2 wiz, 3 archers","war_tutorials_seen":0,"war_base":true}