{"buildings":[{"data":1000001,"lvl":9,"x":19,"y":19,"l1x":20,"l1y":20},{"data":1000004,"lvl":10,"x":29,"y":32,"res_time":129523,"l1x":6,"l1y":23},{"data":1000000,"lvl":7,"x":32,"y":7,"units":[[4000010,30]],"storage_type":0,"l1x":4,"l1y":31},{"data":1000015,"lvl":0,"x":10,"y":27,"l1x":33,"l1y":31},{"data":1000014,"lvl":5,"x":15,"y":15,"l1x":24,"l1y":21},{"data":1000008,"lvl":11,"x":26,"y":23,"l1x":30,"l1y":26},{"data":1000015,"lvl":0,"x":27,"y":10,"l1x":31,"l1y":33},{"data":1000002,"lvl":10,"x":32,"y":20,"res_time":129459,"l1x":9,"l1y":12},{"data":1000003,"lvl":10,"x":23,"y":9,"l1x":33,"l1y":28},{"data":1000005,"lvl":10,"x":9,"y":23,"l1x":29,"l1y":16},{"data":1000006,"lvl":9,"x":19,"y":2,"unit_prod":{"unit_type":0},"l1x":37,"l1y":25},{"data":1000008,"lvl":11,"x":23,"y":26,"l1x":6,"l1y":20},{"data":1000009,"lvl":12,"x":29,"y":13,"l1x":30,"l1y":30},{"data":1000006,"lvl":9,"x":2,"y":19,"unit_prod":{"unit_type":0},"l1x":29,"l1y":37},{"data":1000002,"lvl":10,"x":36,"y":13,"res_time":129545,"l1x":25,"l1y":37},{"data":1000004,"lvl":10,"x":20,"y":32,"res_time":129452,"l1x":37,"l1y":16},{"data":1000015,"lvl":0,"x":3,"y":5,"l1x":13,"l1y":13},{"data":1000000,"lvl":7,"x":7,"y":32,"units":[[4000005,11]],"storage_type":0,"l1x":31,"l1y":4},{"data":1000005,"lvl":10,"x":20,"y":26,"l1x":16,"l1y":29},{"data":1000013,"lvl":7,"x":23,"y":13,"l1x":22,"l1y":10},{"data":1000004,"lvl":10,"x":13,"y":36,"res_time":129523,"l1x":37,"l1y":21},{"data":1000010,"lvl":10,"x":9,"y":26,"l1x":19,"l1y":36},{"data":1000010,"lvl":10,"x":10,"y":26,"l1x":20,"l1y":6},{"data":1000010,"lvl":10,"x":11,"y":26,"l1x":20,"l1y":5},{"data":1000010,"lvl":10,"x":22,"y":9,"l1x":15,"l1y":13},{"data":1000010,"lvl":10,"x":22,"y":8,"l1x":13,"l1y":15},{"data":1000010,"lvl":10,"x":23,"y":8,"l1x":16,"l1y":21},{"data":1000010,"lvl":10,"x":24,"y":8,"l1x":16,"l1y":20},{"data":1000010,"lvl":9,"x":34,"y":12,"l1x":21,"l1y":5},{"data":1000010,"lvl":10,"x":25,"y":8,"l1x":8,"l1y":19},{"data":1000010,"lvl":9,"x":9,"y":6,"l1x":7,"l1y":19},{"data":1000010,"lvl":9,"x":8,"y":6,"l1x":6,"l1y":19},{"data":1000010,"lvl":10,"x":26,"y":8,"l1x":16,"l1y":19},{"data":1000010,"lvl":9,"x":7,"y":6,"l1x":5,"l1y":19},{"data":1000010,"lvl":9,"x":6,"y":6,"l1x":5,"l1y":20},{"data":1000010,"lvl":9,"x":6,"y":7,"l1x":5,"l1y":21},{"data":1000010,"lvl":10,"x":26,"y":9,"l1x":16,"l1y":18},{"data":1000010,"lvl":9,"x":6,"y":8,"l1x":5,"l1y":22},{"data":1000010,"lvl":9,"x":6,"y":9,"l1x":5,"l1y":23},{"data":1000010,"lvl":10,"x":26,"y":10,"l1x":16,"l1y":17},{"data":1000010,"lvl":9,"x":14,"y":5,"l1x":5,"l1y":24},{"data":1000010,"lvl":9,"x":14,"y":4,"l1x":5,"l1y":25},{"data":1000010,"lvl":9,"x":10,"y":9,"l1x":22,"l1y":5},{"data":1000010,"lvl":9,"x":10,"y":8,"l1x":23,"l1y":5},{"data":1000010,"lvl":10,"x":26,"y":11,"l1x":16,"l1y":16},{"data":1000010,"lvl":9,"x":10,"y":7,"l1x":24,"l1y":5},{"data":1000010,"lvl":10,"x":18,"y":16,"l1x":25,"l1y":5},{"data":1000010,"lvl":9,"x":9,"y":10,"l1x":26,"l1y":5},{"data":1000010,"lvl":9,"x":8,"y":10,"l1x":27,"l1y":5},{"data":1000010,"lvl":9,"x":7,"y":10,"l1x":28,"l1y":5},{"data":1000010,"lvl":9,"x":6,"y":10,"l1x":29,"l1y":5},{"data":1000010,"lvl":9,"x":6,"y":11,"l1x":30,"l1y":5},{"data":1000010,"lvl":9,"x":6,"y":12,"l1x":30,"l1y":6},{"data":1000010,"lvl":10,"x":33,"y":12,"l1x":17,"l1y":16},{"data":1000010,"lvl":9,"x":6,"y":13,"l1x":5,"l1y":26},{"data":1000010,"lvl":10,"x":18,"y":18,"l1x":18,"l1y":16},{"data":1000010,"lvl":10,"x":12,"y":33,"l1x":19,"l1y":16},{"data":1000010,"lvl":9,"x":10,"y":6,"l1x":5,"l1y":27},{"data":1000010,"lvl":10,"x":15,"y":28,"l1x":20,"l1y":16},{"data":1000010,"lvl":10,"x":14,"y":28,"l1x":21,"l1y":16},{"data":1000010,"lvl":10,"x":13,"y":28,"l1x":21,"l1y":15},{"data":1000010,"lvl":10,"x":28,"y":13,"l1x":22,"l1y":15},{"data":1000010,"lvl":10,"x":28,"y":14,"l1x":23,"l1y":15},{"data":1000010,"lvl":9,"x":11,"y":6,"l1x":5,"l1y":28},{"data":1000010,"lvl":10,"x":28,"y":15,"l1x":24,"l1y":15},{"data":1000010,"lvl":10,"x":12,"y":32,"l1x":25,"l1y":15},{"data":1000010,"lvl":9,"x":12,"y":6,"l1x":5,"l1y":29},{"data":1000010,"lvl":10,"x":12,"y":31,"l1x":26,"l1y":15},{"data":1000010,"lvl":9,"x":13,"y":6,"l1x":6,"l1y":29},{"data":1000010,"lvl":9,"x":14,"y":3,"l1x":7,"l1y":29},{"data":1000010,"lvl":9,"x":15,"y":3,"l1x":8,"l1y":29},{"data":1000010,"lvl":9,"x":16,"y":3,"l1x":9,"l1y":29},{"data":1000010,"lvl":10,"x":12,"y":30,"l1x":9,"l1y":30},{"data":1000010,"lvl":9,"x":17,"y":3,"l1x":9,"l1y":31},{"data":1000010,"lvl":9,"x":18,"y":3,"l1x":30,"l1y":7},{"data":1000010,"lvl":10,"x":12,"y":29,"l1x":27,"l1y":15},{"data":1000010,"lvl":9,"x":18,"y":4,"l1x":30,"l1y":8},{"data":1000010,"lvl":10,"x":12,"y":28,"l1x":28,"l1y":15},{"data":1000010,"lvl":10,"x":12,"y":27,"l1x":29,"l1y":15},{"data":1000010,"lvl":10,"x":12,"y":26,"l1x":30,"l1y":15},{"data":1000010,"lvl":10,"x":12,"y":25,"l1x":31,"l1y":15},{"data":1000010,"lvl":10,"x":12,"y":24,"l1x":15,"l1y":21},{"data":1000010,"lvl":10,"x":12,"y":23,"l1x":15,"l1y":22},{"data":1000010,"lvl":10,"x":32,"y":12,"l1x":15,"l1y":23},{"data":1000010,"lvl":10,"x":31,"y":12,"l1x":15,"l1y":24},{"data":1000010,"lvl":10,"x":30,"y":12,"l1x":15,"l1y":25},{"data":1000010,"lvl":10,"x":29,"y":12,"l1x":15,"l1y":26},{"data":1000010,"lvl":10,"x":28,"y":12,"l1x":15,"l1y":27},{"data":1000010,"lvl":10,"x":27,"y":12,"l1x":15,"l1y":28},{"data":1000010,"lvl":9,"x":18,"y":5,"l1x":30,"l1y":9},{"data":1000010,"lvl":10,"x":26,"y":12,"l1x":15,"l1y":29},{"data":1000010,"lvl":9,"x":5,"y":18,"l1x":31,"l1y":9},{"data":1000010,"lvl":9,"x":4,"y":18,"l1x":32,"l1y":9},{"data":1000010,"lvl":9,"x":3,"y":18,"l1x":33,"l1y":9},{"data":1000010,"lvl":10,"x":25,"y":12,"l1x":15,"l1y":30},{"data":1000010,"lvl":10,"x":24,"y":12,"l1x":15,"l1y":31},{"data":1000010,"lvl":10,"x":23,"y":12,"l1x":15,"l1y":12},{"data":1000010,"lvl":10,"x":32,"y":13,"l1x":14,"l1y":12},{"data":1000010,"lvl":10,"x":32,"y":14,"l1x":13,"l1y":12},{"data":1000010,"lvl":10,"x":32,"y":15,"l1x":15,"l1y":15},{"data":1000010,"lvl":9,"x":3,"y":17,"l1x":34,"l1y":9},{"data":1000010,"lvl":9,"x":3,"y":16,"l1x":35,"l1y":9},{"data":1000010,"lvl":9,"x":3,"y":15,"l1x":36,"l1y":9},{"data":1000010,"lvl":10,"x":32,"y":16,"l1x":15,"l1y":14},{"data":1000010,"lvl":9,"x":3,"y":14,"l1x":36,"l1y":10},{"data":1000010,"lvl":10,"x":31,"y":16,"l1x":16,"l1y":14},{"data":1000010,"lvl":9,"x":4,"y":14,"l1x":36,"l1y":11},{"data":1000010,"lvl":9,"x":5,"y":14,"l1x":36,"l1y":12},{"data":1000010,"lvl":10,"x":14,"y":8,"l1x":36,"l1y":13},{"data":1000010,"lvl":9,"x":14,"y":7,"l1x":9,"l1y":32},{"data":1000010,"lvl":9,"x":14,"y":6,"l1x":9,"l1y":33},{"data":1000010,"lvl":10,"x":30,"y":16,"l1x":17,"l1y":14},{"data":1000010,"lvl":10,"x":29,"y":16,"l1x":18,"l1y":14},{"data":1000010,"lvl":10,"x":28,"y":16,"l1x":19,"l1y":14},{"data":1000010,"lvl":9,"x":15,"y":6,"l1x":9,"l1y":34},{"data":1000010,"lvl":9,"x":16,"y":6,"l1x":9,"l1y":35},{"data":1000010,"lvl":10,"x":27,"y":16,"l1x":20,"l1y":14},{"data":1000010,"lvl":9,"x":17,"y":6,"l1x":9,"l1y":36},{"data":1000010,"lvl":9,"x":8,"y":14,"l1x":10,"l1y":36},{"data":1000010,"lvl":9,"x":7,"y":14,"l1x":11,"l1y":36},{"data":1000010,"lvl":10,"x":26,"y":16,"l1x":12,"l1y":36},{"data":1000012,"lvl":7,"x":15,"y":10,"l1x":30,"l1y":21},{"data":1000009,"lvl":12,"x":13,"y":29,"l1x":24,"l1y":26},{"data":1000009,"lvl":12,"x":32,"y":23,"l1x":17,"l1y":20},{"data":1000007,"lvl":7,"x":35,"y":35,"l1x":12,"l1y":37},{"data":1000008,"lvl":11,"x":17,"y":31,"l1x":21,"l1y":6},{"data":1000006,"lvl":9,"x":3,"y":9,"unit_prod":{"unit_type":0},"l1x":6,"l1y":16},{"data":1000000,"lvl":7,"x":27,"y":5,"units":[[4000005,8],[4000004,3],[4000010,7]],"storage_type":0,"l1x":37,"l1y":8},{"data":1000002,"lvl":10,"x":32,"y":29,"res_time":129524,"l1x":24,"l1y":6},{"data":1000002,"lvl":10,"x":35,"y":23,"res_time":129461,"l1x":16,"l1y":37},{"data":1000003,"lvl":10,"x":26,"y":20,"l1x":28,"l1y":33},{"data":1000013,"lvl":7,"x":13,"y":23,"l1x":13,"l1y":33},{"data":1000010,"lvl":9,"x":6,"y":14,"l1x":13,"l1y":36},{"data":1000010,"lvl":10,"x":25,"y":16,"l1x":21,"l1y":14},{"data":1000010,"lvl":10,"x":24,"y":16,"l1x":14,"l1y":15},{"data":1000010,"lvl":9,"x":6,"y":15,"l1x":14,"l1y":36},{"data":1000010,"lvl":9,"x":6,"y":16,"l1x":15,"l1y":36},{"data":1000010,"lvl":9,"x":6,"y":17,"l1x":16,"l1y":36},{"data":1000010,"lvl":9,"x":8,"y":18,"l1x":17,"l1y":36},{"data":1000010,"lvl":9,"x":7,"y":18,"l1x":18,"l1y":36},{"data":1000010,"lvl":9,"x":6,"y":18,"l1x":9,"l1y":9},{"data":1000010,"lvl":9,"x":6,"y":19,"l1x":20,"l1y":36},{"data":1000010,"lvl":9,"x":6,"y":20,"l1x":21,"l1y":36},{"data":1000010,"lvl":10,"x":23,"y":16,"l1x":14,"l1y":16},{"data":1000010,"lvl":10,"x":13,"y":32,"l1x":14,"l1y":17},{"data":1000010,"lvl":9,"x":6,"y":21,"l1x":22,"l1y":36},{"data":1000010,"lvl":10,"x":14,"y":32,"l1x":23,"l1y":36},{"data":1000010,"lvl":10,"x":18,"y":8,"l1x":24,"l1y":36},{"data":1000010,"lvl":9,"x":18,"y":7,"l1x":36,"l1y":14},{"data":1000010,"lvl":9,"x":18,"y":6,"l1x":36,"l1y":15},{"data":1000010,"lvl":9,"x":19,"y":6,"l1x":36,"l1y":16},{"data":1000010,"lvl":9,"x":20,"y":6,"l1x":36,"l1y":17},{"data":1000010,"lvl":9,"x":21,"y":6,"l1x":36,"l1y":18},{"data":1000010,"lvl":10,"x":15,"y":32,"l1x":14,"l1y":18},{"data":1000010,"lvl":9,"x":7,"y":22,"l1x":36,"l1y":20},{"data":1000010,"lvl":10,"x":16,"y":32,"l1x":14,"l1y":19},{"data":1000010,"lvl":9,"x":6,"y":22,"l1x":36,"l1y":21},{"data":1000010,"lvl":9,"x":5,"y":22,"l1x":36,"l1y":22},{"data":1000010,"lvl":10,"x":16,"y":31,"l1x":14,"l1y":20},{"data":1000010,"lvl":9,"x":4,"y":22,"l1x":36,"l1y":23},{"data":1000010,"lvl":10,"x":16,"y":30,"l1x":14,"l1y":21},{"data":1000010,"lvl":9,"x":4,"y":23,"l1x":36,"l1y":24},{"data":1000010,"lvl":9,"x":4,"y":24,"l1x":36,"l1y":25},{"data":1000010,"lvl":9,"x":4,"y":25,"l1x":36,"l1y":26},{"data":1000010,"lvl":9,"x":4,"y":26,"l1x":36,"l1y":27},{"data":1000010,"lvl":9,"x":5,"y":26,"l1x":36,"l1y":28},{"data":1000010,"lvl":9,"x":6,"y":26,"l1x":36,"l1y":29},{"data":1000010,"lvl":9,"x":7,"y":26,"l1x":36,"l1y":30},{"data":1000010,"lvl":9,"x":22,"y":7,"l1x":36,"l1y":31},{"data":1000010,"lvl":10,"x":16,"y":29,"l1x":20,"l1y":12},{"data":1000010,"lvl":10,"x":16,"y":28,"l1x":19,"l1y":12},{"data":1000010,"lvl":10,"x":16,"y":27,"l1x":18,"l1y":12},{"data":1000010,"lvl":10,"x":16,"y":26,"l1x":17,"l1y":12},{"data":1000010,"lvl":9,"x":22,"y":6,"l1x":36,"l1y":32},{"data":1000010,"lvl":9,"x":22,"y":5,"l1x":36,"l1y":33},{"data":1000010,"lvl":10,"x":16,"y":25,"l1x":16,"l1y":12},{"data":1000010,"lvl":10,"x":18,"y":17,"l1x":16,"l1y":11},{"data":1000010,"lvl":9,"x":22,"y":4,"l1x":36,"l1y":34},{"data":1000010,"lvl":10,"x":16,"y":23,"l1x":16,"l1y":10},{"data":1000010,"lvl":10,"x":10,"y":13,"l1x":12,"l1y":16},{"data":1000010,"lvl":10,"x":10,"y":12,"l1x":12,"l1y":17},{"data":1000010,"lvl":10,"x":10,"y":11,"l1x":12,"l1y":18},{"data":1000010,"lvl":9,"x":23,"y":4,"l1x":36,"l1y":35},{"data":1000010,"lvl":10,"x":10,"y":10,"l1x":12,"l1y":19},{"data":1000010,"lvl":10,"x":11,"y":10,"l1x":12,"l1y":20},{"data":1000010,"lvl":10,"x":12,"y":10,"l1x":16,"l1y":9},{"data":1000010,"lvl":10,"x":13,"y":10,"l1x":17,"l1y":9},{"data":1000010,"lvl":10,"x":9,"y":18,"l1x":36,"l1y":19},{"data":1000010,"lvl":10,"x":9,"y":17,"l1x":18,"l1y":9},{"data":1000010,"lvl":10,"x":9,"y":16,"l1x":19,"l1y":9},{"data":1000010,"lvl":10,"x":9,"y":15,"l1x":21,"l1y":13},{"data":1000010,"lvl":10,"x":9,"y":14,"l1x":21,"l1y":12},{"data":1000010,"lvl":10,"x":10,"y":14,"l1x":21,"l1y":11},{"data":1000010,"lvl":10,"x":11,"y":14,"l1x":21,"l1y":10},{"data":1000010,"lvl":10,"x":12,"y":14,"l1x":19,"l1y":35},{"data":1000010,"lvl":10,"x":13,"y":14,"l1x":19,"l1y":34},{"data":1000010,"lvl":9,"x":24,"y":4,"l1x":25,"l1y":36},{"data":1000010,"lvl":10,"x":14,"y":13,"l1x":19,"l1y":33},{"data":1000010,"lvl":10,"x":14,"y":12,"l1x":19,"l1y":32},{"data":1000010,"lvl":10,"x":14,"y":11,"l1x":18,"l1y":32},{"data":1000010,"lvl":10,"x":14,"y":10,"l1x":17,"l1y":32},{"data":1000010,"lvl":10,"x":14,"y":9,"l1x":16,"l1y":32},{"data":1000010,"lvl":10,"x":15,"y":9,"l1x":15,"l1y":32},{"data":1000010,"lvl":10,"x":16,"y":9,"l1x":14,"l1y":32},{"data":1000010,"lvl":10,"x":17,"y":9,"l1x":13,"l1y":32},{"data":1000010,"lvl":10,"x":18,"y":9,"l1x":13,"l1y":31},{"data":1000010,"lvl":10,"x":13,"y":18,"l1x":13,"l1y":30},{"data":1000010,"lvl":10,"x":12,"y":18,"l1x":13,"l1y":29},{"data":1000010,"lvl":10,"x":11,"y":18,"l1x":13,"l1y":28},{"data":1000010,"lvl":10,"x":10,"y":18,"l1x":13,"l1y":27},{"data":1000010,"lvl":10,"x":10,"y":19,"l1x":13,"l1y":26},{"data":1000010,"lvl":10,"x":10,"y":20,"l1x":13,"l1y":25},{"data":1000010,"lvl":10,"x":10,"y":21,"l1x":13,"l1y":24},{"data":1000010,"lvl":10,"x":10,"y":22,"l1x":13,"l1y":23},{"data":1000010,"lvl":10,"x":21,"y":10,"l1x":13,"l1y":22},{"data":1000010,"lvl":10,"x":20,"y":10,"l1x":13,"l1y":21},{"data":1000010,"lvl":10,"x":19,"y":10,"l1x":12,"l1y":21},{"data":1000010,"lvl":10,"x":18,"y":10,"l1x":11,"l1y":21},{"data":1000010,"lvl":10,"x":18,"y":11,"l1x":10,"l1y":21},{"data":1000010,"lvl":10,"x":18,"y":12,"l1x":12,"l1y":12},{"data":1000010,"lvl":10,"x":18,"y":13,"l1x":12,"l1y":13},{"data":1000010,"lvl":10,"x":11,"y":22,"l1x":12,"l1y":14},{"data":1000010,"lvl":10,"x":12,"y":22,"l1x":12,"l1y":15},{"data":1000010,"lvl":10,"x":13,"y":22,"l1x":11,"l1y":15},{"data":1000010,"lvl":10,"x":22,"y":10,"l1x":10,"l1y":15},{"data":1000010,"lvl":10,"x":22,"y":11,"l1x":9,"l1y":15},{"data":1000010,"lvl":10,"x":22,"y":12,"l1x":9,"l1y":16},{"data":1000010,"lvl":10,"x":22,"y":13,"l1x":9,"l1y":17},{"data":1000010,"lvl":10,"x":20,"y":14,"l1x":9,"l1y":18},{"data":1000010,"lvl":10,"x":19,"y":14,"l1x":9,"l1y":28},{"data":1000010,"lvl":9,"x":25,"y":4,"l1x":26,"l1y":36},{"data":1000010,"lvl":10,"x":18,"y":14,"l1x":9,"l1y":27},{"data":1000010,"lvl":10,"x":17,"y":14,"l1x":9,"l1y":26},{"data":1000010,"lvl":10,"x":16,"y":14,"l1x":9,"l1y":25},{"data":1000010,"lvl":10,"x":15,"y":14,"l1x":9,"l1y":24},{"data":1000010,"lvl":10,"x":14,"y":14,"l1x":9,"l1y":23},{"data":1000010,"lvl":10,"x":14,"y":15,"l1x":9,"l1y":22},{"data":1000010,"lvl":10,"x":14,"y":16,"l1x":9,"l1y":21},{"data":1000010,"lvl":10,"x":14,"y":17,"l1x":9,"l1y":20},{"data":1000010,"lvl":10,"x":14,"y":18,"l1x":9,"l1y":19},{"data":1000010,"lvl":10,"x":14,"y":19,"l1x":20,"l1y":7},{"data":1000010,"lvl":10,"x":16,"y":24,"l1x":20,"l1y":8},{"data":1000010,"lvl":10,"x":17,"y":19,"l1x":20,"l1y":9},{"data":1000010,"lvl":9,"x":26,"y":4,"l1x":27,"l1y":36},{"data":1000010,"lvl":10,"x":16,"y":19,"l1x":21,"l1y":9},{"data":1000010,"lvl":10,"x":15,"y":22,"l1x":22,"l1y":9},{"data":1000010,"lvl":9,"x":26,"y":5,"l1x":28,"l1y":36},{"data":1000010,"lvl":10,"x":15,"y":19,"l1x":23,"l1y":9},{"data":1000010,"lvl":10,"x":14,"y":22,"l1x":24,"l1y":9},{"data":1000010,"lvl":10,"x":20,"y":17,"l1x":25,"l1y":9},{"data":1000010,"lvl":9,"x":26,"y":7,"l1x":29,"l1y":36},{"data":1000010,"lvl":10,"x":19,"y":17,"l1x":26,"l1y":9},{"data":1000010,"lvl":10,"x":19,"y":16,"l1x":27,"l1y":9},{"data":1000010,"lvl":10,"x":14,"y":20,"l1x":28,"l1y":9},{"data":1000010,"lvl":10,"x":22,"y":14,"l1x":29,"l1y":9},{"data":1000010,"lvl":9,"x":26,"y":6,"l1x":30,"l1y":36},{"data":1000010,"lvl":9,"x":9,"y":22,"l1x":31,"l1y":36},{"data":1000009,"lvl":12,"x":32,"y":32,"l1x":20,"l1y":30},{"data":1000008,"lvl":11,"x":31,"y":17,"l1x":27,"l1y":21},{"data":1000008,"lvl":11,"x":32,"y":26,"l1x":33,"l1y":16},{"data":1000009,"lvl":11,"x":19,"y":7,"l1x":10,"l1y":33},{"data":1000012,"lvl":7,"x":10,"y":15,"l1x":23,"l1y":29},{"data":1000010,"lvl":10,"x":21,"y":14,"l1x":22,"l1y":13},{"data":1000010,"lvl":9,"x":8,"y":22,"l1x":32,"l1y":36},{"data":1000010,"lvl":10,"x":22,"y":15,"l1x":23,"l1y":13},{"data":1000010,"lvl":10,"x":22,"y":16,"l1x":24,"l1y":13},{"data":1000010,"lvl":10,"x":22,"y":17,"l1x":25,"l1y":13},{"data":1000010,"lvl":10,"x":19,"y":15,"l1x":26,"l1y":13},{"data":1000010,"lvl":10,"x":16,"y":22,"l1x":27,"l1y":13},{"data":1000010,"lvl":10,"x":17,"y":20,"l1x":28,"l1y":13},{"data":1000010,"lvl":10,"x":17,"y":21,"l1x":29,"l1y":13},{"data":1000010,"lvl":10,"x":17,"y":22,"l1x":30,"l1y":13},{"data":1000010,"lvl":10,"x":21,"y":17,"l1x":31,"l1y":13},{"data":1000010,"lvl":10,"x":12,"y":34,"l1x":32,"l1y":13},{"data":1000009,"lvl":12,"x":23,"y":32,"l1x":27,"l1y":27},{"data":1000012,"lvl":7,"x":17,"y":23,"l1x":16,"l1y":23},{"data":1000026,"lvl":5,"x":23,"y":5,"unit_prod":{"unit_type":0},"l1x":27,"l1y":6},{"data":1000024,"lvl":5,"x":23,"y":23,"l1x":20,"l1y":17},{"data":1000000,"lvl":7,"x":5,"y":27,"units":[[4000005,6],[4000017,1]],"storage_type":0,"l1x":7,"l1y":37},{"data":1000022,"lvl":0,"x":11,"y":19,"l1x":27,"l1y":24},{"data":1000021,"lvl":3,"x":17,"y":28,"attack_mode":false,"attack_mode_war":false,"attack_mode_draft":false,"attack_mode_draft_war":false,"ammo":1500,"l1x":17,"l1y":17},{"data":1000004,"lvl":10,"x":16,"y":36,"res_time":129522,"l1x":30,"l1y":10},{"data":1000004,"lvl":10,"x":23,"y":35,"res_time":129450,"l1x":37,"l1y":29},{"data":1000023,"lvl":5,"x":7,"y":11,"res_time":0,"l1x":10,"l1y":9},{"data":1000023,"lvl":5,"x":33,"y":13,"res_time":17743,"l1x":13,"l1y":9},{"data":1000005,"lvl":10,"x":20,"y":35,"l1x":27,"l1y":30},{"data":1000025,"lvl":0,"x":19,"y":11,"l1x":21,"l1y":26},{"data":1000010,"lvl":10,"x":18,"y":19,"l1x":32,"l1y":14},{"data":1000010,"lvl":9,"x":8,"y":23,"l1x":33,"l1y":36},{"data":1000010,"lvl":10,"x":18,"y":20,"l1x":32,"l1y":15},{"data":1000006,"lvl":9,"x":9,"y":3,"unit_prod":{"unit_type":0},"l1x":17,"l1y":6},{"data":1000011,"lvl":7,"x":25,"y":29,"l1x":33,"l1y":24},{"data":1000011,"lvl":7,"x":29,"y":25,"l1x":24,"l1y":33},{"data":1000020,"lvl":4,"x":11,"y":7,"units":[[26000002,4],[26000005,1]],"storage_type":1,"unit_prod":{"unit_type":1},"l1x":37,"l1y":13},{"data":1000026,"lvl":4,"x":5,"y":23,"unit_prod":{"unit_type":0},"l1x":6,"l1y":26},{"data":1000010,"lvl":9,"x":8,"y":24,"l1x":34,"l1y":36},{"data":1000010,"lvl":10,"x":19,"y":18,"l1x":32,"l1y":16},{"data":1000010,"lvl":10,"x":14,"y":21,"l1x":32,"l1y":17},{"data":1000010,"lvl":10,"x":17,"y":18,"l1x":32,"l1y":18},{"data":1000010,"lvl":9,"x":8,"y":26,"l1x":35,"l1y":36},{"data":1000010,"lvl":10,"x":20,"y":18,"l1x":32,"l1y":19},{"data":1000010,"lvl":9,"x":8,"y":25,"l1x":36,"l1y":36},{"data":1000010,"lvl":10,"x":18,"y":21,"l1x":33,"l1y":19},{"data":1000010,"lvl":10,"x":21,"y":18,"l1x":35,"l1y":19},{"data":1000010,"lvl":10,"x":16,"y":18,"l1x":34,"l1y":19},{"data":1000021,"lvl":3,"x":28,"y":17,"attack_mode":false,"attack_mode_war":false,"attack_mode_draft":false,"attack_mode_draft_war":false,"ammo":1500,"l1x":26,"l1y":16},{"data":1000009,"lvl":11,"x":7,"y":19,"l1x":33,"l1y":10},{"data":1000002,"lvl":10,"x":36,"y":16,"res_time":129525,"l1x":21,"l1y":37},{"data":1000002,"lvl":10,"x":35,"y":29,"res_time":129524,"l1x":10,"l1y":30},{"data":1000002,"lvl":10,"x":35,"y":32,"res_time":129523,"l1x":33,"l1y":13},{"data":1000027,"lvl":2,"x":15,"y":20,"attack_mode":false,"attack_mode_war":true,"attack_mode_draft":false,"attack_mode_draft_war":true,"ammo":750,"l1x":19,"l1y":24},{"data":1000027,"lvl":2,"x":20,"y":15,"attack_mode":true,"attack_mode_war":true,"attack_mode_draft":true,"attack_mode_draft_war":true,"ammo":750,"l1x":24,"l1y":19},{"data":1000012,"lvl":7,"x":23,"y":17,"l1x":23,"l1y":16},{"data":1000013,"lvl":7,"x":28,"y":28,"l1x":10,"l1y":22},{"data":1000011,"lvl":7,"x":29,"y":20,"l1x":10,"l1y":27},{"data":1000023,"lvl":5,"x":13,"y":33,"res_time":14076,"l1x":37,"l1y":37},{"data":1000004,"lvl":10,"x":29,"y":35,"res_time":129524,"l1x":37,"l1y":33},{"data":1000004,"lvl":10,"x":32,"y":35,"res_time":129524,"l1x":33,"l1y":37},{"data":1000015,"lvl":0,"x":5,"y":3,"l1x":25,"l1y":10},{"data":1000021,"lvl":3,"x":11,"y":11,"attack_mode":true,"attack_mode_war":false,"attack_mode_draft":true,"attack_mode_draft_war":false,"ammo":1500,"l1x":16,"l1y":26},{"data":1000011,"lvl":7,"x":20,"y":29,"l1x":27,"l1y":10},{"data":1000008,"lvl":11,"x":26,"y":32,"l1x":16,"l1y":33},{"data":1000019,"lvl":7,"x":26,"y":18,"l1x":23,"l1y":24},{"data":1000019,"lvl":7,"x":18,"y":26,"l1x":21,"l1y":24},{"data":1000019,"lvl":7,"x":21,"y":24,"l1x":26,"l1y":19},{"data":1000019,"lvl":7,"x":24,"y":21,"l1x":25,"l1y":24},{"data":1000003,"lvl":10,"x":35,"y":20,"l1x":33,"l1y":20},{"data":1000003,"lvl":10,"x":35,"y":26,"l1x":20,"l1y":33},{"data":1000005,"lvl":10,"x":26,"y":35,"l1x":33,"l1y":33},{"data":1000015,"lvl":0,"x":8,"y":8,"l1x":10,"l1y":25}],"obstacles":[{"data":8000010,"x":42,"y":10,"l1x":-1,"l1y":-1,"loot_multiply_ver":2},{"data":8000004,"x":38,"y":5,"l1x":-1,"l1y":-1,"loot_multiply_ver":2},{"data":8000000,"x":40,"y":2,"l1x":-1,"l1y":-1,"loot_multiply_ver":2},{"data":8000000,"x":15,"y":0,"l1x":-1,"l1y":-1,"loot_multiply_ver":2},{"data":8000000,"x":0,"y":38,"l1x":-1,"l1y":-1,"loot_multiply_ver":2},{"data":8000010,"x":1,"y":4,"l1x":-1,"l1y":-1,"loot_multiply_ver":2},{"data":8000010,"x":35,"y":3,"l1x":-1,"l1y":-1,"loot_multiply_ver":2},{"data":8000006,"x":5,"y":39,"l1x":-1,"l1y":-1,"loot_multiply_ver":2},{"data":8000010,"x":22,"y":40,"l1x":-1,"l1y":-1,"loot_multiply_ver":2},{"data":8000000,"x":39,"y":42,"l1x":-1,"l1y":-1,"loot_multiply_ver":2},{"data":8000004,"x":40,"y":22,"l1x":-1,"l1y":-1,"loot_multiply_ver":2},{"data":8000004,"x":1,"y":25,"l1x":-1,"l1y":-1,"loot_multiply_ver":2},{"data":8000010,"x":30,"y":39,"l1x":-1,"l1y":-1,"loot_multiply_ver":2},{"data":8000009,"x":40,"y":26,"l1x":-1,"l1y":-1,"loot_multiply_ver":1},{"data":8000009,"x":40,"y":27,"l1x":-1,"l1y":-1,"loot_multiply_ver":1},{"data":8000009,"x":40,"y":25,"l1x":-1,"l1y":-1,"loot_multiply_ver":1},{"data":8000009,"x":34,"y":19,"l1x":-1,"l1y":-1,"loot_multiply_ver":1},{"data":8000009,"x":35,"y":19,"l1x":-1,"l1y":-1,"loot_multiply_ver":1},{"data":8000009,"x":31,"y":31,"l1x":-1,"l1y":-1,"loot_multiply_ver":1},{"data":8000009,"x":31,"y":23,"l1x":-1,"l1y":-1,"loot_multiply_ver":1},{"data":8000009,"x":31,"y":24,"l1x":-1,"l1y":-1,"loot_multiply_ver":1},{"data":8000009,"x":33,"y":16,"l1x":-1,"l1y":-1,"loot_multiply_ver":1},{"data":8000009,"x":16,"y":33,"l1x":-1,"l1y":-1,"loot_multiply_ver":1},{"data":8000009,"x":27,"y":28,"l1x":-1,"l1y":-1,"loot_multiply_ver":1},{"data":8000009,"x":26,"y":28,"l1x":-1,"l1y":-1,"loot_multiply_ver":1},{"data":8000009,"x":26,"y":27,"l1x":-1,"l1y":-1,"loot_multiply_ver":1},{"data":8000009,"x":23,"y":31,"l1x":-1,"l1y":-1,"loot_multiply_ver":1},{"data":8000009,"x":24,"y":31,"l1x":-1,"l1y":-1,"loot_multiply_ver":1},{"data":8000009,"x":25,"y":20,"l1x":-1,"l1y":-1,"loot_multiply_ver":1},{"data":8000009,"x":36,"y":19,"l1x":-1,"l1y":-1,"loot_multiply_ver":1},{"data":8000009,"x":20,"y":25,"l1x":-1,"l1y":-1,"loot_multiply_ver":1},{"data":8000009,"x":17,"y":34,"l1x":-1,"l1y":-1,"loot_multiply_ver":1},{"data":8000009,"x":16,"y":34,"l1x":-1,"l1y":-1,"loot_multiply_ver":1},{"data":8000023,"x":20,"y":24,"l1x":-1,"l1y":-1,"loot_multiply_ver":1},{"data":8000023,"x":21,"y":23,"l1x":-1,"l1y":-1,"loot_multiply_ver":1},{"data":8000023,"x":26,"y":26,"l1x":-1,"l1y":-1,"loot_multiply_ver":1},{"data":8000009,"x":23,"y":22,"l1x":-1,"l1y":-1,"loot_multiply_ver":1},{"data":8000009,"x":22,"y":23,"l1x":-1,"l1y":-1,"loot_multiply_ver":1},{"data":8000009,"x":11,"y":29,"l1x":-1,"l1y":-1,"loot_multiply_ver":1},{"data":8000023,"x":17,"y":27,"l1x":-1,"l1y":-1,"loot_multiply_ver":1},{"data":8000009,"x":36,"y":12,"l1x":-1,"l1y":-1,"loot_multiply_ver":1},{"data":8000009,"x":35,"y":12,"l1x":-1,"l1y":-1,"loot_multiply_ver":1},{"data":8000009,"x":37,"y":12,"l1x":-1,"l1y":-1,"loot_multiply_ver":1},{"data":8000009,"x":33,"y":6,"l1x":-1,"l1y":-1,"loot_multiply_ver":1},{"data":8000013,"x":40,"y":35,"l1x":-1,"l1y":-1,"loot_multiply_ver":2}],"traps":[{"data":12000001,"lvl":0,"x":26,"y":3,"l1x":37,"l1y":19},{"data":12000005,"lvl":3,"x":15,"y":13,"l1x":20,"l1y":15},{"data":12000005,"lvl":3,"x":18,"y":22,"l1x":23,"l1y":19},{"data":12000000,"lvl":4,"x":28,"y":31,"l1x":32,"l1y":20},{"data":12000001,"lvl":0,"x":22,"y":3,"l1x":19,"l1y":4},{"data":12000001,"lvl":0,"x":18,"y":2,"l1x":8,"l1y":36},{"data":12000000,"lvl":4,"x":29,"y":31,"l1x":25,"l1y":32},{"data":12000000,"lvl":4,"x":30,"y":31,"l1x":24,"l1y":32},{"data":12000000,"lvl":4,"x":31,"y":29,"l1x":26,"l1y":29},{"data":12000002,"lvl":3,"x":34,"y":17,"l1x":19,"l1y":28},{"data":12000002,"lvl":3,"x":23,"y":29,"l1x":28,"l1y":19},{"data":12000001,"lvl":0,"x":2,"y":14,"l1x":30,"l1y":4},{"data":12000000,"lvl":4,"x":31,"y":30,"l1x":16,"l1y":22},{"data":12000002,"lvl":3,"x":27,"y":26,"l1x":19,"l1y":26},{"data":12000002,"lvl":3,"x":29,"y":23,"l1x":30,"l1y":24},{"data":12000002,"lvl":3,"x":18,"y":34,"l1x":30,"l1y":19},{"data":12000005,"lvl":3,"x":23,"y":21,"l1x":19,"l1y":23},{"data":12000005,"lvl":3,"x":17,"y":13,"l1x":21,"l1y":29},{"data":12000001,"lvl":0,"x":2,"y":18,"l1x":36,"l1y":7},{"data":12000001,"lvl":0,"x":3,"y":22,"l1x":36,"l1y":8},{"data":12000000,"lvl":4,"x":31,"y":28,"l1x":22,"l1y":16},{"data":12000005,"lvl":3,"x":13,"y":17,"l1x":26,"l1y":30},{"data":12000006,"lvl":2,"x":18,"y":15,"l1x":22,"l1y":29},{"data":12000006,"lvl":2,"x":24,"y":20,"l1x":25,"l1y":14},{"data":12000006,"lvl":2,"x":22,"y":18,"l1x":14,"l1y":27},{"data":12000006,"lvl":2,"x":16,"y":13,"l1x":15,"l1y":20},{"data":12000006,"lvl":2,"x":13,"y":16,"l1x":15,"l1y":17}],"decos":[{"data":18000001,"x":4,"y":34,"l1x":9,"l1y":6},{"data":18000001,"x":2,"y":32,"l1x":3,"l1y":14},{"data":18000007,"x":32,"y":3,"l1x":6,"l1y":13},{"data":18000006,"x":29,"y":2,"l1x":11,"l1y":6},{"data":18000008,"x":34,"y":5,"l1x":19,"l1y":39},{"data":18000009,"x":38,"y":7,"l1x":39,"l1y":19},{"data":18000001,"x":2,"y":28,"l1x":3,"l1y":16},{"data":18000010,"x":2,"y":2,"l1x":6,"l1y":11},{"data":18000000,"x":40,"y":20,"l1x":18,"l1y":10},{"data":18000033,"x":15,"y":4,"l1x":10,"l1y":17}],"respawnVars":{"secondsFromLastRespawn":18755,"respawnSeed":-550615079,"obstacleClearCounter":14,"time_to_gembox_drop":490020,"time_in_gembox_period":234000},"cooldowns":[{"cooldown":4634809,"target":20000000}],"newShopBuildings":[4,0,7,4,7,4,4,1,6,7,250,4,4,3,1,5,0,0,0,4,1,3,1,3,1,1,2,2],"newShopTraps":[6,6,5,0,0,5,5,0],"newShopDecos":[1,4,0,1,1,4,4,1,1,1,1,1,1,1,1,1,1,1,1,1,1,1,1,1,1,1,1,1,1,1,1,1,1,1,1,1,1],"last_league_rank":16,"last_league_shuffle":1,"last_news_seen":81,"edit_mode_shown":true,"troop_req_msg":"hound loon pls","war_req_msg":"1 witch 2 valks 1 balloon 2 barbs pls","war_tutorials_seen":0,"war_base":true}