{"buildings":[{"data":1000001,"lvl":9,"x":20,"y":20,"l1x":20,"l1y":20},{"data":1000004,"lvl":10,"x":5,"y":23,"res_time":174431,"l1x":19,"l1y":5},{"data":1000000,"lvl":7,"x":7,"y":32,"units":[[4000009,2],[4000013,1]],"storage_type":0,"l1x":36,"l1y":36},{"data":1000015,"lvl":0,"x":36,"y":14,"l1x":34,"l1y":21},{"data":1000014,"lvl":5,"x":25,"y":25,"l1x":24,"l1y":24},{"data":1000008,"lvl":11,"x":29,"y":32,"l1x":9,"l1y":22},{"data":1000015,"lvl":0,"x":6,"y":8,"l1x":25,"l1y":6},{"data":1000002,"lvl":10,"x":36,"y":39,"res_time":170799,"l1x":5,"l1y":15},{"data":1000003,"lvl":10,"x":26,"y":15,"l1x":8,"l1y":32},{"data":1000005,"lvl":10,"x":26,"y":35,"l1x":34,"l1y":15},{"data":1000006,"lvl":9,"x":29,"y":35,"unit_prod":{"unit_type":0,"t":0,"slots":[{"id":4000009,"cnt":1},{"id":4000006,"cnt":2}]},"l1x":10,"l1y":5},{"data":1000010,"lvl":9,"x":13,"y":35,"l1x":28,"l1y":31},{"data":1000008,"lvl":11,"x":32,"y":29,"l1x":22,"l1y":9},{"data":1000000,"lvl":7,"x":3,"y":26,"units":[[4000013,1],[4000006,4],[4000004,1]],"storage_type":0,"l1x":36,"l1y":30},{"data":1000009,"lvl":12,"x":35,"y":35,"l1x":9,"l1y":9},{"data":1000015,"lvl":0,"x":14,"y":36,"l1x":11,"l1y":32},{"data":1000005,"lvl":10,"x":35,"y":26,"l1x":20,"l1y":34},{"data":1000004,"lvl":10,"x":5,"y":20,"res_time":174432,"l1x":27,"l1y":6},{"data":1000004,"lvl":10,"x":39,"y":36,"res_time":174468,"l1x":33,"l1y":12},{"data":1000003,"lvl":10,"x":15,"y":26,"l1x":32,"l1y":32},{"data":1000002,"lvl":10,"x":32,"y":32,"res_time":174430,"l1x":5,"l1y":12},{"data":1000002,"lvl":10,"x":32,"y":9,"res_time":170803,"l1x":22,"l1y":5},{"data":1000015,"lvl":0,"x":15,"y":29,"l1x":14,"l1y":30},{"data":1000006,"lvl":9,"x":35,"y":29,"unit_prod":{"unit_type":0,"t":0,"slots":[{"id":4000009,"cnt":1},{"id":4000006,"cnt":2}]},"l1x":13,"l1y":5},{"data":1000015,"lvl":0,"x":29,"y":15,"l1x":30,"l1y":14},{"data":1000013,"lvl":7,"x":9,"y":9,"l1x":17,"l1y":30},{"data":1000002,"lvl":10,"x":25,"y":5,"res_time":170804,"l1x":33,"l1y":9},{"data":1000006,"lvl":9,"x":23,"y":32,"unit_prod":{"unit_type":0},"l1x":16,"l1y":5},{"data":1000009,"lvl":12,"x":17,"y":32,"l1x":24,"l1y":32},{"data":1000007,"lvl":7,"x":14,"y":4,"l1x":4,"l1y":8},{"data":1000010,"lvl":9,"x":14,"y":35,"l1x":29,"l1y":31},{"data":1000010,"lvl":9,"x":15,"y":35,"l1x":30,"l1y":31},{"data":1000010,"lvl":9,"x":15,"y":24,"l1x":31,"l1y":31},{"data":1000010,"lvl":9,"x":12,"y":34,"l1x":32,"l1y":31},{"data":1000010,"lvl":9,"x":12,"y":33,"l1x":33,"l1y":31},{"data":1000010,"lvl":9,"x":12,"y":32,"l1x":34,"l1y":31},{"data":1000010,"lvl":9,"x":35,"y":13,"l1x":35,"l1y":31},{"data":1000010,"lvl":9,"x":32,"y":12,"l1x":12,"l1y":30},{"data":1000010,"lvl":9,"x":33,"y":12,"l1x":35,"l1y":30},{"data":1000010,"lvl":9,"x":34,"y":12,"l1x":35,"l1y":29},{"data":1000010,"lvl":9,"x":35,"y":15,"l1x":25,"l1y":11},{"data":1000010,"lvl":9,"x":35,"y":14,"l1x":35,"l1y":28},{"data":1000010,"lvl":9,"x":16,"y":38,"l1x":25,"l1y":10},{"data":1000010,"lvl":9,"x":38,"y":31,"l1x":25,"l1y":9},{"data":1000010,"lvl":9,"x":17,"y":38,"l1x":25,"l1y":8},{"data":1000010,"lvl":8,"x":38,"y":26,"l1x":24,"l1y":8},{"data":1000010,"lvl":9,"x":18,"y":38,"l1x":11,"l1y":25},{"data":1000010,"lvl":9,"x":19,"y":38,"l1x":10,"l1y":25},{"data":1000010,"lvl":8,"x":38,"y":29,"l1x":9,"l1y":25},{"data":1000010,"lvl":9,"x":20,"y":38,"l1x":34,"l1y":23},{"data":1000010,"lvl":8,"x":38,"y":23,"l1x":8,"l1y":25},{"data":1000010,"lvl":8,"x":38,"y":21,"l1x":8,"l1y":24},{"data":1000010,"lvl":8,"x":19,"y":31,"l1x":8,"l1y":23},{"data":1000010,"lvl":9,"x":21,"y":38,"l1x":35,"l1y":23},{"data":1000010,"lvl":9,"x":22,"y":38,"l1x":35,"l1y":24},{"data":1000010,"lvl":8,"x":18,"y":31,"l1x":8,"l1y":22},{"data":1000010,"lvl":8,"x":17,"y":31,"l1x":8,"l1y":21},{"data":1000010,"lvl":9,"x":23,"y":38,"l1x":8,"l1y":20},{"data":1000010,"lvl":9,"x":16,"y":31,"l1x":8,"l1y":19},{"data":1000010,"lvl":9,"x":24,"y":38,"l1x":18,"l1y":11},{"data":1000010,"lvl":9,"x":25,"y":38,"l1x":18,"l1y":10},{"data":1000010,"lvl":8,"x":30,"y":30,"l1x":18,"l1y":9},{"data":1000004,"lvl":10,"x":20,"y":5,"res_time":170805,"l1x":13,"l1y":34},{"data":1000010,"lvl":9,"x":26,"y":38,"l1x":23,"l1y":8},{"data":1000010,"lvl":8,"x":17,"y":30,"l1x":22,"l1y":8},{"data":1000010,"lvl":9,"x":27,"y":38,"l1x":35,"l1y":25},{"data":1000010,"lvl":9,"x":28,"y":38,"l1x":35,"l1y":26},{"data":1000010,"lvl":9,"x":29,"y":38,"l1x":35,"l1y":27},{"data":1000010,"lvl":8,"x":17,"y":29,"l1x":21,"l1y":8},{"data":1000010,"lvl":8,"x":18,"y":29,"l1x":20,"l1y":8},{"data":1000010,"lvl":8,"x":19,"y":29,"l1x":19,"l1y":8},{"data":1000010,"lvl":8,"x":20,"y":29,"l1x":18,"l1y":8},{"data":1000010,"lvl":8,"x":21,"y":29,"l1x":17,"l1y":8},{"data":1000010,"lvl":8,"x":22,"y":29,"l1x":16,"l1y":8},{"data":1000010,"lvl":8,"x":23,"y":29,"l1x":15,"l1y":8},{"data":1000010,"lvl":9,"x":30,"y":38,"l1x":14,"l1y":8},{"data":1000010,"lvl":9,"x":31,"y":38,"l1x":13,"l1y":8},{"data":1000010,"lvl":9,"x":32,"y":38,"l1x":12,"l1y":8},{"data":1000010,"lvl":8,"x":24,"y":29,"l1x":11,"l1y":8},{"data":1000010,"lvl":8,"x":25,"y":29,"l1x":10,"l1y":8},{"data":1000010,"lvl":8,"x":26,"y":29,"l1x":9,"l1y":8},{"data":1000010,"lvl":9,"x":33,"y":38,"l1x":8,"l1y":8},{"data":1000010,"lvl":8,"x":27,"y":29,"l1x":8,"l1y":9},{"data":1000010,"lvl":8,"x":28,"y":29,"l1x":8,"l1y":10},{"data":1000010,"lvl":8,"x":20,"y":31,"l1x":8,"l1y":11},{"data":1000010,"lvl":8,"x":21,"y":31,"l1x":8,"l1y":12},{"data":1000010,"lvl":8,"x":22,"y":31,"l1x":8,"l1y":13},{"data":1000010,"lvl":9,"x":34,"y":38,"l1x":33,"l1y":27},{"data":1000010,"lvl":9,"x":35,"y":38,"l1x":8,"l1y":14},{"data":1000010,"lvl":9,"x":36,"y":38,"l1x":8,"l1y":15},{"data":1000010,"lvl":9,"x":37,"y":38,"l1x":31,"l1y":26},{"data":1000010,"lvl":10,"x":12,"y":35,"l1x":31,"l1y":25},{"data":1000010,"lvl":9,"x":38,"y":38,"l1x":34,"l1y":27},{"data":1000010,"lvl":9,"x":38,"y":37,"l1x":33,"l1y":22},{"data":1000010,"lvl":9,"x":38,"y":36,"l1x":33,"l1y":21},{"data":1000010,"lvl":8,"x":23,"y":31,"l1x":8,"l1y":16},{"data":1000010,"lvl":8,"x":24,"y":31,"l1x":8,"l1y":17},{"data":1000010,"lvl":9,"x":38,"y":35,"l1x":8,"l1y":18},{"data":1000010,"lvl":8,"x":25,"y":31,"l1x":9,"l1y":18},{"data":1000010,"lvl":8,"x":26,"y":31,"l1x":10,"l1y":18},{"data":1000010,"lvl":9,"x":38,"y":34,"l1x":33,"l1y":20},{"data":1000010,"lvl":8,"x":27,"y":31,"l1x":11,"l1y":18},{"data":1000010,"lvl":8,"x":28,"y":31,"l1x":32,"l1y":15},{"data":1000010,"lvl":9,"x":38,"y":33,"l1x":33,"l1y":19},{"data":1000010,"lvl":9,"x":38,"y":32,"l1x":33,"l1y":18},{"data":1000000,"lvl":7,"x":3,"y":10,"units":[[4000006,7],[4000004,3],[4000000,3],[4000001,2]],"storage_type":0,"l1x":30,"l1y":36},{"data":1000002,"lvl":10,"x":20,"y":35,"res_time":179375,"l1x":34,"l1y":18},{"data":1000004,"lvl":10,"x":23,"y":35,"res_time":179376,"l1x":9,"l1y":29},{"data":1000009,"lvl":12,"x":15,"y":12,"l1x":32,"l1y":24},{"data":1000010,"lvl":9,"x":38,"y":30,"l1x":32,"l1y":14},{"data":1000010,"lvl":9,"x":38,"y":28,"l1x":33,"l1y":17},{"data":1000010,"lvl":8,"x":29,"y":31,"l1x":32,"l1y":13},{"data":1000010,"lvl":9,"x":38,"y":27,"l1x":33,"l1y":16},{"data":1000010,"lvl":9,"x":38,"y":25,"l1x":32,"l1y":16},{"data":1000010,"lvl":9,"x":38,"y":24,"l1x":31,"l1y":16},{"data":1000010,"lvl":9,"x":29,"y":29,"l1x":31,"l1y":13},{"data":1000010,"lvl":9,"x":30,"y":31,"l1x":15,"l1y":32},{"data":1000010,"lvl":9,"x":38,"y":22,"l1x":30,"l1y":16},{"data":1000010,"lvl":9,"x":38,"y":20,"l1x":31,"l1y":24},{"data":1000010,"lvl":9,"x":38,"y":19,"l1x":32,"l1y":27},{"data":1000010,"lvl":9,"x":38,"y":18,"l1x":31,"l1y":27},{"data":1000010,"lvl":9,"x":38,"y":17,"l1x":30,"l1y":27},{"data":1000010,"lvl":9,"x":38,"y":16,"l1x":29,"l1y":27},{"data":1000010,"lvl":9,"x":37,"y":16,"l1x":28,"l1y":27},{"data":1000010,"lvl":9,"x":16,"y":37,"l1x":33,"l1y":23},{"data":1000010,"lvl":9,"x":16,"y":36,"l1x":32,"l1y":23},{"data":1000010,"lvl":9,"x":16,"y":35,"l1x":31,"l1y":23},{"data":1000010,"lvl":9,"x":16,"y":34,"l1x":30,"l1y":23},{"data":1000010,"lvl":9,"x":16,"y":33,"l1x":29,"l1y":23},{"data":1000010,"lvl":9,"x":16,"y":32,"l1x":28,"l1y":23},{"data":1000010,"lvl":9,"x":36,"y":16,"l1x":27,"l1y":19},{"data":1000010,"lvl":9,"x":35,"y":16,"l1x":28,"l1y":19},{"data":1000010,"lvl":9,"x":34,"y":16,"l1x":29,"l1y":19},{"data":1000010,"lvl":9,"x":33,"y":16,"l1x":29,"l1y":18},{"data":1000008,"lvl":11,"x":9,"y":12,"l1x":9,"l1y":15},{"data":1000012,"lvl":7,"x":12,"y":18,"l1x":24,"l1y":28},{"data":1000010,"lvl":9,"x":32,"y":16,"l1x":29,"l1y":17},{"data":1000010,"lvl":9,"x":15,"y":31,"l1x":29,"l1y":16},{"data":1000010,"lvl":9,"x":14,"y":31,"l1x":29,"l1y":15},{"data":1000010,"lvl":9,"x":13,"y":31,"l1x":29,"l1y":14},{"data":1000010,"lvl":9,"x":12,"y":31,"l1x":29,"l1y":13},{"data":1000010,"lvl":9,"x":11,"y":31,"l1x":29,"l1y":12},{"data":1000010,"lvl":9,"x":10,"y":31,"l1x":28,"l1y":12},{"data":1000010,"lvl":9,"x":9,"y":31,"l1x":27,"l1y":12},{"data":1000010,"lvl":9,"x":31,"y":15,"l1x":19,"l1y":29},{"data":1000010,"lvl":9,"x":31,"y":14,"l1x":14,"l1y":32},{"data":1000010,"lvl":9,"x":31,"y":13,"l1x":19,"l1y":28},{"data":1000010,"lvl":9,"x":31,"y":31,"l1x":30,"l1y":13},{"data":1000010,"lvl":9,"x":31,"y":12,"l1x":19,"l1y":27},{"data":1000010,"lvl":9,"x":31,"y":11,"l1x":18,"l1y":29},{"data":1000010,"lvl":9,"x":31,"y":10,"l1x":17,"l1y":29},{"data":1000010,"lvl":9,"x":31,"y":30,"l1x":13,"l1y":32},{"data":1000010,"lvl":9,"x":31,"y":9,"l1x":16,"l1y":29},{"data":1000010,"lvl":9,"x":31,"y":8,"l1x":15,"l1y":29},{"data":1000010,"lvl":8,"x":31,"y":29,"l1x":13,"l1y":31},{"data":1000010,"lvl":8,"x":31,"y":28,"l1x":13,"l1y":30},{"data":1000010,"lvl":9,"x":8,"y":31,"l1x":14,"l1y":29},{"data":1000010,"lvl":9,"x":8,"y":30,"l1x":13,"l1y":29},{"data":1000010,"lvl":9,"x":8,"y":29,"l1x":12,"l1y":29},{"data":1000010,"lvl":9,"x":8,"y":28,"l1x":23,"l1y":34},{"data":1000010,"lvl":9,"x":8,"y":27,"l1x":12,"l1y":28},{"data":1000020,"lvl":4,"x":28,"y":5,"units":[[26000005,2],[26000003,1],[26000002,1],[26000000,1]],"storage_type":1,"unit_prod":{"unit_type":1},"l1x":16,"l1y":34},{"data":1000000,"lvl":7,"x":8,"y":3,"units":[[4000006,2],[4000004,11],[4000013,1]],"storage_type":0,"l1x":24,"l1y":36},{"data":1000002,"lvl":10,"x":35,"y":20,"res_time":174467,"l1x":36,"l1y":23},{"data":1000024,"lvl":5,"x":12,"y":12,"l1x":28,"l1y":24},{"data":1000010,"lvl":8,"x":31,"y":27,"l1x":23,"l1y":35},{"data":1000010,"lvl":8,"x":31,"y":26,"l1x":24,"l1y":35},{"data":1000010,"lvl":9,"x":8,"y":26,"l1x":25,"l1y":35},{"data":1000010,"lvl":9,"x":8,"y":25,"l1x":12,"l1y":27},{"data":1000010,"lvl":8,"x":31,"y":25,"l1x":26,"l1y":35},{"data":1000010,"lvl":8,"x":31,"y":24,"l1x":27,"l1y":35},{"data":1000010,"lvl":8,"x":31,"y":23,"l1x":28,"l1y":35},{"data":1000010,"lvl":9,"x":8,"y":24,"l1x":12,"l1y":26},{"data":1000010,"lvl":9,"x":8,"y":23,"l1x":29,"l1y":35},{"data":1000010,"lvl":8,"x":31,"y":22,"l1x":30,"l1y":35},{"data":1000010,"lvl":8,"x":31,"y":21,"l1x":35,"l1y":32},{"data":1000010,"lvl":8,"x":31,"y":20,"l1x":35,"l1y":33},{"data":1000010,"lvl":8,"x":31,"y":19,"l1x":35,"l1y":34},{"data":1000010,"lvl":9,"x":8,"y":22,"l1x":35,"l1y":35},{"data":1000010,"lvl":8,"x":31,"y":18,"l1x":34,"l1y":35},{"data":1000010,"lvl":9,"x":8,"y":21,"l1x":12,"l1y":25},{"data":1000010,"lvl":8,"x":31,"y":17,"l1x":33,"l1y":35},{"data":1000010,"lvl":8,"x":31,"y":16,"l1x":32,"l1y":35},{"data":1000010,"lvl":9,"x":8,"y":20,"l1x":31,"l1y":35},{"data":1000010,"lvl":9,"x":8,"y":19,"l1x":31,"l1y":34},{"data":1000010,"lvl":9,"x":8,"y":18,"l1x":12,"l1y":24},{"data":1000010,"lvl":9,"x":8,"y":17,"l1x":31,"l1y":33},{"data":1000010,"lvl":9,"x":8,"y":16,"l1x":12,"l1y":23},{"data":1000010,"lvl":8,"x":24,"y":15,"l1x":31,"l1y":32},{"data":1000010,"lvl":8,"x":30,"y":17,"l1x":17,"l1y":33},{"data":1000010,"lvl":8,"x":29,"y":17,"l1x":18,"l1y":33},{"data":1000010,"lvl":9,"x":8,"y":15,"l1x":12,"l1y":22},{"data":1000010,"lvl":9,"x":8,"y":14,"l1x":12,"l1y":21},{"data":1000010,"lvl":9,"x":8,"y":13,"l1x":12,"l1y":20},{"data":1000010,"lvl":9,"x":8,"y":12,"l1x":12,"l1y":19},{"data":1000010,"lvl":9,"x":8,"y":11,"l1x":12,"l1y":18},{"data":1000010,"lvl":9,"x":8,"y":10,"l1x":12,"l1y":17},{"data":1000010,"lvl":9,"x":8,"y":9,"l1x":12,"l1y":16},{"data":1000010,"lvl":9,"x":8,"y":8,"l1x":12,"l1y":15},{"data":1000010,"lvl":9,"x":9,"y":8,"l1x":12,"l1y":14},{"data":1000010,"lvl":9,"x":10,"y":8,"l1x":12,"l1y":13},{"data":1000010,"lvl":9,"x":11,"y":8,"l1x":12,"l1y":12},{"data":1000010,"lvl":9,"x":12,"y":8,"l1x":13,"l1y":12},{"data":1000010,"lvl":9,"x":13,"y":8,"l1x":14,"l1y":12},{"data":1000010,"lvl":10,"x":35,"y":12,"l1x":15,"l1y":12},{"data":1000010,"lvl":9,"x":28,"y":8,"l1x":16,"l1y":12},{"data":1000010,"lvl":8,"x":29,"y":18,"l1x":19,"l1y":33},{"data":1000010,"lvl":8,"x":29,"y":19,"l1x":20,"l1y":33},{"data":1000010,"lvl":8,"x":29,"y":20,"l1x":21,"l1y":33},{"data":1000010,"lvl":9,"x":14,"y":8,"l1x":17,"l1y":12},{"data":1000010,"lvl":9,"x":24,"y":8,"l1x":18,"l1y":12},{"data":1000010,"lvl":9,"x":22,"y":8,"l1x":19,"l1y":12},{"data":1000010,"lvl":9,"x":20,"y":8,"l1x":20,"l1y":12},{"data":1000010,"lvl":9,"x":18,"y":8,"l1x":22,"l1y":33},{"data":1000010,"lvl":9,"x":16,"y":8,"l1x":21,"l1y":12},{"data":1000004,"lvl":10,"x":17,"y":35,"res_time":179373,"l1x":9,"l1y":12},{"data":1000022,"lvl":0,"x":12,"y":21,"l1x":16,"l1y":26},{"data":1000026,"lvl":5,"x":32,"y":20,"unit_prod":{"unit_type":0,"t":0,"slots":[{"id":4000013,"cnt":2}]},"l1x":5,"l1y":21},{"data":1000003,"lvl":10,"x":10,"y":25,"l1x":13,"l1y":19},{"data":1000009,"lvl":12,"x":12,"y":15,"l1x":26,"l1y":13},{"data":1000023,"lvl":5,"x":5,"y":16,"res_time":48413,"l1x":5,"l1y":25},{"data":1000011,"lvl":7,"x":13,"y":32,"l1x":19,"l1y":9},{"data":1000005,"lvl":10,"x":17,"y":9,"l1x":26,"l1y":9},{"data":1000013,"lvl":7,"x":9,"y":28,"l1x":30,"l1y":17},{"data":1000009,"lvl":12,"x":12,"y":28,"l1x":13,"l1y":26},{"data":1000013,"lvl":7,"x":28,"y":9,"l1x":13,"l1y":13},{"data":1000010,"lvl":8,"x":29,"y":21,"l1x":23,"l1y":33},{"data":1000010,"lvl":9,"x":15,"y":8,"l1x":26,"l1y":12},{"data":1000010,"lvl":9,"x":17,"y":8,"l1x":25,"l1y":12},{"data":1000010,"lvl":9,"x":28,"y":24,"l1x":24,"l1y":12},{"data":1000010,"lvl":9,"x":18,"y":21,"l1x":23,"l1y":12},{"data":1000010,"lvl":9,"x":17,"y":21,"l1x":22,"l1y":12},{"data":1000010,"lvl":8,"x":29,"y":22,"l1x":23,"l1y":32},{"data":1000010,"lvl":9,"x":16,"y":21,"l1x":22,"l1y":13},{"data":1000010,"lvl":9,"x":24,"y":25,"l1x":22,"l1y":14},{"data":1000010,"lvl":9,"x":24,"y":26,"l1x":22,"l1y":15},{"data":1000010,"lvl":9,"x":21,"y":8,"l1x":13,"l1y":22},{"data":1000010,"lvl":9,"x":23,"y":8,"l1x":14,"l1y":22},{"data":1000010,"lvl":9,"x":26,"y":8,"l1x":19,"l1y":26},{"data":1000010,"lvl":9,"x":25,"y":8,"l1x":20,"l1y":26},{"data":1000010,"lvl":9,"x":19,"y":8,"l1x":21,"l1y":26},{"data":1000010,"lvl":9,"x":24,"y":27,"l1x":22,"l1y":26},{"data":1000010,"lvl":9,"x":18,"y":24,"l1x":23,"l1y":26},{"data":1000010,"lvl":8,"x":29,"y":23,"l1x":23,"l1y":28},{"data":1000010,"lvl":9,"x":17,"y":24,"l1x":23,"l1y":27},{"data":1000010,"lvl":8,"x":29,"y":24,"l1x":23,"l1y":29},{"data":1000010,"lvl":9,"x":27,"y":8,"l1x":15,"l1y":22},{"data":1000010,"lvl":8,"x":29,"y":25,"l1x":23,"l1y":30},{"data":1000010,"lvl":9,"x":15,"y":23,"l1x":16,"l1y":25},{"data":1000010,"lvl":9,"x":15,"y":22,"l1x":16,"l1y":24},{"data":1000010,"lvl":9,"x":16,"y":24,"l1x":16,"l1y":23},{"data":1000010,"lvl":9,"x":15,"y":21,"l1x":16,"l1y":22},{"data":1000010,"lvl":9,"x":15,"y":20,"l1x":23,"l1y":31},{"data":1000010,"lvl":8,"x":29,"y":26,"l1x":24,"l1y":31},{"data":1000010,"lvl":9,"x":15,"y":19,"l1x":25,"l1y":31},{"data":1000010,"lvl":9,"x":15,"y":18,"l1x":26,"l1y":31},{"data":1000010,"lvl":9,"x":15,"y":17,"l1x":16,"l1y":21},{"data":1000010,"lvl":9,"x":15,"y":16,"l1x":27,"l1y":31},{"data":1000010,"lvl":9,"x":15,"y":15,"l1x":16,"l1y":20},{"data":1000010,"lvl":9,"x":16,"y":15,"l1x":27,"l1y":30},{"data":1000010,"lvl":9,"x":17,"y":15,"l1x":27,"l1y":29},{"data":1000010,"lvl":8,"x":29,"y":27,"l1x":27,"l1y":28},{"data":1000010,"lvl":9,"x":18,"y":15,"l1x":16,"l1y":19},{"data":1000010,"lvl":9,"x":29,"y":28,"l1x":31,"l1y":30},{"data":1000010,"lvl":9,"x":19,"y":15,"l1x":31,"l1y":29},{"data":1000010,"lvl":9,"x":20,"y":15,"l1x":31,"l1y":28},{"data":1000010,"lvl":9,"x":21,"y":17,"l1x":16,"l1y":18},{"data":1000010,"lvl":9,"x":21,"y":16,"l1x":16,"l1y":33},{"data":1000010,"lvl":9,"x":24,"y":16,"l1x":16,"l1y":32},{"data":1000010,"lvl":9,"x":24,"y":18,"l1x":16,"l1y":31},{"data":1000010,"lvl":9,"x":21,"y":18,"l1x":16,"l1y":30},{"data":1000010,"lvl":9,"x":24,"y":17,"l1x":16,"l1y":17},{"data":1000010,"lvl":9,"x":22,"y":15,"l1x":16,"l1y":16},{"data":1000010,"lvl":9,"x":25,"y":24,"l1x":17,"l1y":16},{"data":1000010,"lvl":9,"x":26,"y":24,"l1x":24,"l1y":16},{"data":1000010,"lvl":9,"x":29,"y":8,"l1x":23,"l1y":16},{"data":1000012,"lvl":7,"x":18,"y":12,"l1x":26,"l1y":16},{"data":1000012,"lvl":7,"x":25,"y":18,"l1x":17,"l1y":22},{"data":1000008,"lvl":11,"x":12,"y":9,"l1x":15,"l1y":9},{"data":1000003,"lvl":10,"x":25,"y":10,"l1x":20,"l1y":17},{"data":1000025,"lvl":0,"x":21,"y":12,"l1x":19,"l1y":13},{"data":1000010,"lvl":9,"x":30,"y":8,"l1x":22,"l1y":16},{"data":1000010,"lvl":9,"x":24,"y":28,"l1x":21,"l1y":16},{"data":1000010,"lvl":9,"x":21,"y":15,"l1x":20,"l1y":16},{"data":1000010,"lvl":9,"x":27,"y":24,"l1x":19,"l1y":16},{"data":1000010,"lvl":9,"x":23,"y":15,"l1x":18,"l1y":16},{"data":1000010,"lvl":9,"x":19,"y":19,"l1x":25,"l1y":16},{"data":1000010,"lvl":9,"x":23,"y":19,"l1x":25,"l1y":17},{"data":1000010,"lvl":9,"x":22,"y":19,"l1x":25,"l1y":18},{"data":1000010,"lvl":9,"x":21,"y":19,"l1x":25,"l1y":19},{"data":1000010,"lvl":9,"x":20,"y":19,"l1x":26,"l1y":19},{"data":1000010,"lvl":9,"x":19,"y":24,"l1x":26,"l1y":20},{"data":1000010,"lvl":9,"x":19,"y":20,"l1x":26,"l1y":21},{"data":1000010,"lvl":9,"x":19,"y":21,"l1x":26,"l1y":22},{"data":1000010,"lvl":9,"x":19,"y":22,"l1x":26,"l1y":23},{"data":1000010,"lvl":9,"x":19,"y":23,"l1x":27,"l1y":23},{"data":1000010,"lvl":9,"x":24,"y":19,"l1x":27,"l1y":24},{"data":1000010,"lvl":9,"x":20,"y":24,"l1x":27,"l1y":25},{"data":1000010,"lvl":9,"x":21,"y":24,"l1x":27,"l1y":26},{"data":1000010,"lvl":9,"x":22,"y":24,"l1x":27,"l1y":27},{"data":1000010,"lvl":9,"x":23,"y":24,"l1x":26,"l1y":27},{"data":1000010,"lvl":9,"x":24,"y":24,"l1x":25,"l1y":27},{"data":1000010,"lvl":9,"x":24,"y":23,"l1x":24,"l1y":27},{"data":1000010,"lvl":9,"x":24,"y":22,"l1x":19,"l1y":25},{"data":1000010,"lvl":9,"x":24,"y":21,"l1x":18,"l1y":25},{"data":1000010,"lvl":9,"x":24,"y":20,"l1x":17,"l1y":25},{"data":1000009,"lvl":12,"x":28,"y":12,"l1x":16,"l1y":13},{"data":1000011,"lvl":7,"x":32,"y":13,"l1x":9,"l1y":19},{"data":1000008,"lvl":11,"x":9,"y":22,"l1x":28,"l1y":32},{"data":1000008,"lvl":11,"x":22,"y":9,"l1x":32,"l1y":28},{"data":1000023,"lvl":4,"x":32,"y":35,"res_time":44868,"l1x":6,"l1y":28},{"data":1000002,"lvl":10,"x":35,"y":23,"res_time":174466,"l1x":36,"l1y":26},{"data":1000011,"lvl":7,"x":32,"y":26,"l1x":20,"l1y":28},{"data":1000021,"lvl":3,"x":21,"y":25,"attack_mode":false,"attack_mode_war":true,"attack_mode_draft":false,"attack_mode_draft_war":true,"ammo":1232,"l1x":28,"l1y":28},{"data":1000009,"lvl":12,"x":32,"y":17,"l1x":13,"l1y":16},{"data":1000023,"lvl":3,"x":35,"y":32,"res_time":37668,"l1x":30,"l1y":7},{"data":1000011,"lvl":7,"x":26,"y":32,"l1x":28,"l1y":20},{"data":1000027,"lvl":2,"x":22,"y":17,"attack_mode":true,"attack_mode_war":false,"attack_mode_draft":true,"attack_mode_draft_war":false,"ammo":750,"l1x":18,"l1y":20},{"data":1000012,"lvl":7,"x":18,"y":25,"l1x":17,"l1y":17},{"data":1000005,"lvl":10,"x":9,"y":17,"l1x":9,"l1y":26},{"data":1000019,"lvl":7,"x":24,"y":13,"l1x":22,"l1y":24},{"data":1000019,"lvl":7,"x":13,"y":24,"l1x":20,"l1y":24},{"data":1000027,"lvl":2,"x":17,"y":22,"attack_mode":true,"attack_mode_war":false,"attack_mode_draft":true,"attack_mode_draft_war":false,"ammo":750,"l1x":23,"l1y":18},{"data":1000021,"lvl":3,"x":25,"y":21,"attack_mode":false,"attack_mode_war":true,"attack_mode_draft":false,"attack_mode_draft_war":true,"ammo":1246,"l1x":13,"l1y":23},{"data":1000021,"lvl":3,"x":16,"y":16,"attack_mode":false,"attack_mode_war":true,"attack_mode_draft":false,"attack_mode_draft_war":true,"ammo":1500,"l1x":23,"l1y":13},{"data":1000019,"lvl":7,"x":19,"y":16,"l1x":24,"l1y":22},{"data":1000004,"lvl":10,"x":35,"y":17,"res_time":170801,"l1x":12,"l1y":9},{"data":1000019,"lvl":7,"x":16,"y":19,"l1x":24,"l1y":20},{"data":1000026,"lvl":4,"x":20,"y":32,"unit_prod":{"unit_type":0,"t":0,"slots":[{"id":4000013,"cnt":1}]},"l1x":5,"l1y":18},{"data":1000006,"lvl":9,"x":32,"y":23,"unit_prod":{"unit_type":0},"l1x":30,"l1y":10}],"obstacles":[{"data":8000008,"x":30,"y":0,"l1x":-1,"l1y":-1,"loot_multiply_ver":2},{"data":8000008,"x":0,"y":0,"l1x":-1,"l1y":-1,"loot_multiply_ver":2},{"data":8000008,"x":42,"y":14,"l1x":-1,"l1y":-1,"loot_multiply_ver":2},{"data":8000000,"x":25,"y":42,"l1x":-1,"l1y":-1,"loot_multiply_ver":2},{"data":8000010,"x":15,"y":42,"l1x":-1,"l1y":-1,"loot_multiply_ver":2},{"data":8000004,"x":0,"y":22,"l1x":-1,"l1y":-1,"loot_multiply_ver":2},{"data":8000006,"x":42,"y":30,"l1x":-1,"l1y":-1,"loot_multiply_ver":2},{"data":8000004,"x":42,"y":37,"l1x":-1,"l1y":-1,"loot_multiply_ver":2},{"data":8000010,"x":10,"y":42,"l1x":-1,"l1y":-1,"loot_multiply_ver":2},{"data":8000004,"x":0,"y":28,"l1x":-1,"l1y":-1,"loot_multiply_ver":2},{"data":8000010,"x":42,"y":1,"l1x":-1,"l1y":-1,"loot_multiply_ver":2},{"data":8000000,"x":14,"y":0,"l1x":-1,"l1y":-1,"loot_multiply_ver":2},{"data":8000007,"x":0,"y":31,"l1x":-1,"l1y":-1,"loot_multiply_ver":2},{"data":8000000,"x":17,"y":0,"l1x":-1,"l1y":-1,"loot_multiply_ver":2},{"data":8000006,"x":22,"y":42,"l1x":-1,"l1y":-1,"loot_multiply_ver":2},{"data":8000000,"x":11,"y":0,"l1x":-1,"l1y":-1,"loot_multiply_ver":2},{"data":8000008,"x":22,"y":0,"l1x":-1,"l1y":-1,"loot_multiply_ver":2},{"data":8000007,"x":0,"y":18,"l1x":-1,"l1y":-1,"loot_multiply_ver":2},{"data":8000010,"x":38,"y":42,"l1x":-1,"l1y":-1,"loot_multiply_ver":2},{"data":8000000,"x":26,"y":0,"l1x":-1,"l1y":-1,"loot_multiply_ver":2},{"data":8000008,"x":35,"y":42,"l1x":-1,"l1y":-1,"loot_multiply_ver":2},{"data":8000000,"x":0,"y":11,"l1x":-1,"l1y":-1,"loot_multiply_ver":2},{"data":8000004,"x":42,"y":7,"l1x":-1,"l1y":-1,"loot_multiply_ver":2},{"data":8000000,"x":31,"y":42,"l1x":-1,"l1y":-1,"loot_multiply_ver":2},{"data":8000004,"x":36,"y":0,"l1x":-1,"l1y":-1,"loot_multiply_ver":2},{"data":8000006,"x":42,"y":4,"l1x":-1,"l1y":-1,"loot_multiply_ver":2},{"data":8000008,"x":41,"y":42,"l1x":-1,"l1y":-1,"loot_multiply_ver":2},{"data":8000000,"x":42,"y":34,"l1x":-1,"l1y":-1,"loot_multiply_ver":2},{"data":8000004,"x":2,"y":42,"l1x":-1,"l1y":-1,"loot_multiply_ver":2},{"data":8000000,"x":42,"y":19,"l1x":-1,"l1y":-1,"loot_multiply_ver":2},{"data":8000000,"x":36,"y":3,"l1x":-1,"l1y":-1,"loot_multiply_ver":2},{"data":8000006,"x":39,"y":5,"l1x":-1,"l1y":-1,"loot_multiply_ver":2},{"data":8000008,"x":42,"y":10,"l1x":-1,"l1y":-1,"loot_multiply_ver":2},{"data":8000010,"x":6,"y":42,"l1x":-1,"l1y":-1,"loot_multiply_ver":2}],"traps":[{"data":12000000,"lvl":5,"x":16,"y":10,"l1x":7,"l1y":31},{"data":12000000,"lvl":5,"x":19,"y":6,"l1x":5,"l1y":30},{"data":12000001,"lvl":0,"x":31,"y":7,"l1x":8,"l1y":27},{"data":12000001,"lvl":0,"x":24,"y":7,"l1x":7,"l1y":7},{"data":12000000,"lvl":5,"x":19,"y":5,"l1x":5,"l1y":32},{"data":12000000,"lvl":5,"x":16,"y":9,"l1x":5,"l1y":31},{"data":12000001,"lvl":0,"x":13,"y":7,"l1x":26,"l1y":8},{"data":12000001,"lvl":0,"x":7,"y":7,"l1x":9,"l1y":7},{"data":12000001,"lvl":0,"x":7,"y":15,"l1x":7,"l1y":24},{"data":12000001,"lvl":0,"x":7,"y":19,"l1x":13,"l1y":33},{"data":12000000,"lvl":5,"x":19,"y":7,"l1x":6,"l1y":32},{"data":12000000,"lvl":5,"x":16,"y":11,"l1x":6,"l1y":31},{"data":12000002,"lvl":3,"x":26,"y":13,"l1x":11,"l1y":35},{"data":12000002,"lvl":3,"x":10,"y":20,"l1x":36,"l1y":21},{"data":12000005,"lvl":3,"x":19,"y":28,"l1x":32,"l1y":21},{"data":12000005,"lvl":3,"x":25,"y":17,"l1x":20,"l1y":27},{"data":12000005,"lvl":3,"x":28,"y":19,"l1x":15,"l1y":33},{"data":12000006,"lvl":2,"x":18,"y":20,"l1x":22,"l1y":27},{"data":12000006,"lvl":2,"x":18,"y":28,"l1x":27,"l1y":20},{"data":12000006,"lvl":2,"x":28,"y":18,"l1x":24,"l1y":17},{"data":12000006,"lvl":1,"x":17,"y":25,"l1x":9,"l1y":35},{"data":12000002,"lvl":3,"x":10,"y":15,"l1x":3,"l1y":23},{"data":12000002,"lvl":3,"x":13,"y":26,"l1x":3,"l1y":12},{"data":12000002,"lvl":3,"x":20,"y":10,"l1x":27,"l1y":4},{"data":12000005,"lvl":3,"x":28,"y":20,"l1x":20,"l1y":31},{"data":12000005,"lvl":2,"x":20,"y":28,"l1x":27,"l1y":22},{"data":12000006,"lvl":2,"x":20,"y":18,"l1x":17,"l1y":21}],"decos":[{"data":18000001,"x":4,"y":8,"l1x":40,"l1y":10},{"data":18000003,"x":3,"y":6,"l1x":2,"l1y":10},{"data":18000006,"x":12,"y":37,"l1x":5,"l1y":2},{"data":18000006,"x":2,"y":15,"l1x":7,"l1y":2},{"data":18000005,"x":23,"y":39,"l1x":38,"l1y":8},{"data":18000005,"x":21,"y":39,"l1x":37,"l1y":6},{"data":18000006,"x":14,"y":2,"l1x":11,"l1y":2},{"data":18000006,"x":2,"y":32,"l1x":9,"l1y":2},{"data":18000005,"x":19,"y":39,"l1x":37,"l1y":4},{"data":18000005,"x":16,"y":2,"l1x":39,"l1y":6},{"data":18000007,"x":3,"y":24,"l1x":2,"l1y":6},{"data":18000001,"x":2,"y":18,"l1x":38,"l1y":10},{"data":18000009,"x":29,"y":40,"l1x":2,"l1y":4},{"data":18000008,"x":2,"y":37,"l1x":18,"l1y":2},{"data":18000001,"x":2,"y":20,"l1x":36,"l1y":10},{"data":18000001,"x":2,"y":8,"l1x":40,"l1y":8},{"data":18000026,"x":39,"y":21,"l1x":22,"l1y":39},{"data":18000019,"x":36,"y":11,"l1x":28,"l1y":2},{"data":18000022,"x":32,"y":6,"l1x":25,"l1y":2},{"data":18000024,"x":40,"y":29,"l1x":22,"l1y":3},{"data":18000023,"x":40,"y":33,"l1x":20,"l1y":2},{"data":18000025,"x":40,"y":25,"l1x":15,"l1y":2},{"data":18000027,"x":40,"y":18,"l1x":20,"l1y":39},{"data":18000028,"x":39,"y":14,"l1x":18,"l1y":39},{"data":18000030,"x":39,"y":11,"l1x":14,"l1y":39},{"data":18000029,"x":35,"y":9,"l1x":16,"l1y":39},{"data":18000032,"x":39,"y":9,"l1x":10,"l1y":39},{"data":18000031,"x":40,"y":7,"l1x":12,"l1y":39},{"data":18000034,"x":33,"y":40,"l1x":8,"l1y":39},{"data":18000011,"x":6,"y":5,"l1x":31,"l1y":2},{"data":18000035,"x":6,"y":2,"l1x":6,"l1y":39},{"data":18000036,"x":38,"y":2,"l1x":4,"l1y":39},{"data":18000021,"x":32,"y":3,"l1x":4,"l1y":33},{"data":18000020,"x":34,"y":5,"l1x":4,"l1y":36},{"data":18000017,"x":20,"y":2,"l1x":2,"l1y":20},{"data":18000018,"x":28,"y":2,"l1x":3,"l1y":29},{"data":18000015,"x":4,"y":3,"l1x":2,"l1y":15},{"data":18000014,"x":34,"y":2,"l1x":2,"l1y":2},{"data":18000013,"x":18,"y":2,"l1x":37,"l1y":2},{"data":18000016,"x":24,"y":2,"l1x":2,"l1y":18},{"data":18000012,"x":2,"y":4,"l1x":34,"l1y":2},{"data":18000010,"x":2,"y":2,"l1x":39,"l1y":4},{"data":18000033,"x":40,"y":2,"l1x":2,"l1y":40},{"data":18000004,"x":26,"y":40,"l1x":2,"l1y":8},{"data":18000000,"x":2,"y":40,"l1x":40,"l1y":2}],"respawnVars":{"secondsFromLastRespawn":12078,"respawnSeed":-1947245766,"obstacleClearCounter":12,"time_to_gembox_drop":185712,"time_in_gembox_period":342000},"cooldowns":[{"cooldown":4335541,"target":20000001},{"cooldown":2353286,"target":20000000}],"newShopBuildings":[4,0,7,4,7,4,4,1,6,7,250,4,4,3,1,5,0,0,0,4,1,3,1,3,1,1,2,2],"newShopTraps":[6,6,5,0,0,5,5,0],"newShopDecos":[1,4,0,1,1,4,4,1,1,1,1,1,1,1,1,1,1,1,1,1,1,1,1,1,1,1,1,1,1,1,1,1,1,1,1,1,1],"last_league_rank":16,"last_league_shuffle":1,"last_news_seen":81,"edit_mode_shown":true,"troop_req_msg":"pekka plz","war_req_msg":"dragon all archer","war_tutorials_seen":0,"war_base":true}