{"buildings":[{"data":1000001,"lvl":9,"x":21,"y":21,"l1x":20,"l1y":20},{"data":1000004,"lvl":10,"x":12,"y":37,"res_time":142904,"l1x":12,"l1y":35},{"data":1000000,"lvl":7,"x":29,"y":4,"units":[[4000010,16]],"storage_type":0,"l1x":22,"l1y":36},{"data":1000015,"lvl":0,"x":9,"y":23,"l1x":38,"l1y":31},{"data":1000014,"lvl":5,"x":25,"y":25,"l1x":17,"l1y":17},{"data":1000008,"lvl":11,"x":20,"y":12,"l1x":10,"l1y":17},{"data":1000015,"lvl":0,"x":30,"y":36,"l1x":26,"l1y":28},{"data":1000002,"lvl":10,"x":6,"y":11,"res_time":179953,"l1x":5,"l1y":30},{"data":1000003,"lvl":10,"x":15,"y":33,"l1x":24,"l1y":17},{"data":1000005,"lvl":10,"x":15,"y":29,"l1x":6,"l1y":17},{"data":1000006,"lvl":9,"x":24,"y":37,"unit_prod":{"unit_type":0},"l1x":27,"l1y":37},{"data":1000002,"lvl":10,"x":20,"y":8,"res_time":179952,"l1x":5,"l1y":27},{"data":1000004,"lvl":10,"x":6,"y":16,"res_time":142897,"l1x":16,"l1y":35},{"data":1000009,"lvl":12,"x":10,"y":16,"l1x":10,"l1y":23},{"data":1000008,"lvl":11,"x":12,"y":34,"l1x":9,"l1y":27},{"data":1000010,"lvl":10,"x":18,"y":9,"l1x":23,"l1y":26},{"data":1000010,"lvl":10,"x":17,"y":9,"l1x":26,"l1y":23},{"data":1000010,"lvl":10,"x":16,"y":9,"l1x":14,"l1y":11},{"data":1000010,"lvl":10,"x":15,"y":9,"l1x":13,"l1y":11},{"data":1000010,"lvl":10,"x":14,"y":9,"l1x":12,"l1y":11},{"data":1000010,"lvl":10,"x":13,"y":9,"l1x":11,"l1y":11},{"data":1000010,"lvl":10,"x":12,"y":9,"l1x":11,"l1y":12},{"data":1000010,"lvl":10,"x":11,"y":9,"l1x":11,"l1y":13},{"data":1000010,"lvl":10,"x":10,"y":9,"l1x":11,"l1y":14},{"data":1000010,"lvl":10,"x":9,"y":9,"l1x":15,"l1y":12},{"data":1000010,"lvl":10,"x":9,"y":10,"l1x":15,"l1y":13},{"data":1000010,"lvl":10,"x":9,"y":11,"l1x":15,"l1y":14},{"data":1000010,"lvl":10,"x":9,"y":12,"l1x":11,"l1y":15},{"data":1000010,"lvl":10,"x":9,"y":13,"l1x":12,"l1y":15},{"data":1000010,"lvl":10,"x":9,"y":14,"l1x":13,"l1y":15},{"data":1000010,"lvl":10,"x":9,"y":15,"l1x":14,"l1y":15},{"data":1000010,"lvl":10,"x":9,"y":16,"l1x":15,"l1y":15},{"data":1000010,"lvl":10,"x":9,"y":17,"l1x":11,"l1y":16},{"data":1000010,"lvl":10,"x":9,"y":18,"l1x":10,"l1y":16},{"data":1000010,"lvl":10,"x":13,"y":18,"l1x":9,"l1y":16},{"data":1000010,"lvl":10,"x":13,"y":17,"l1x":9,"l1y":17},{"data":1000010,"lvl":10,"x":13,"y":16,"l1x":9,"l1y":18},{"data":1000010,"lvl":10,"x":13,"y":15,"l1x":9,"l1y":19},{"data":1000010,"lvl":10,"x":13,"y":14,"l1x":9,"l1y":20},{"data":1000010,"lvl":10,"x":13,"y":13,"l1x":9,"l1y":21},{"data":1000004,"lvl":10,"x":13,"y":10,"res_time":142909,"l1x":19,"l1y":35},{"data":1000015,"lvl":0,"x":31,"y":34,"l1x":28,"l1y":26},{"data":1000002,"lvl":10,"x":25,"y":8,"res_time":179952,"l1x":5,"l1y":34},{"data":1000005,"lvl":10,"x":25,"y":33,"l1x":6,"l1y":23},{"data":1000003,"lvl":10,"x":22,"y":33,"l1x":3,"l1y":9},{"data":1000007,"lvl":7,"x":36,"y":35,"l1x":5,"l1y":5},{"data":1000013,"lvl":7,"x":18,"y":25,"l1x":12,"l1y":12},{"data":1000000,"lvl":7,"x":5,"y":29,"units":[[4000005,7],[4000000,1]],"storage_type":0,"l1x":36,"l1y":22},{"data":1000006,"lvl":9,"x":27,"y":37,"unit_prod":{"unit_type":0},"l1x":30,"l1y":34},{"data":1000010,"lvl":10,"x":14,"y":13,"l1x":9,"l1y":22},{"data":1000010,"lvl":10,"x":15,"y":13,"l1x":9,"l1y":23},{"data":1000010,"lvl":10,"x":16,"y":13,"l1x":9,"l1y":24},{"data":1000010,"lvl":10,"x":17,"y":13,"l1x":9,"l1y":25},{"data":1000010,"lvl":10,"x":18,"y":13,"l1x":11,"l1y":26},{"data":1000010,"lvl":10,"x":19,"y":15,"l1x":10,"l1y":26},{"data":1000010,"lvl":10,"x":19,"y":14,"l1x":9,"l1y":26},{"data":1000010,"lvl":10,"x":19,"y":13,"l1x":8,"l1y":26},{"data":1000010,"lvl":10,"x":19,"y":12,"l1x":8,"l1y":27},{"data":1000010,"lvl":10,"x":27,"y":7,"l1x":8,"l1y":28},{"data":1000010,"lvl":10,"x":26,"y":7,"l1x":8,"l1y":29},{"data":1000010,"lvl":10,"x":25,"y":7,"l1x":8,"l1y":30},{"data":1000010,"lvl":10,"x":24,"y":7,"l1x":8,"l1y":31},{"data":1000010,"lvl":10,"x":23,"y":7,"l1x":8,"l1y":32},{"data":1000010,"lvl":10,"x":22,"y":7,"l1x":8,"l1y":33},{"data":1000010,"lvl":10,"x":21,"y":7,"l1x":9,"l1y":33},{"data":1000010,"lvl":10,"x":20,"y":7,"l1x":10,"l1y":33},{"data":1000010,"lvl":10,"x":19,"y":7,"l1x":11,"l1y":33},{"data":1000010,"lvl":10,"x":19,"y":8,"l1x":11,"l1y":34},{"data":1000010,"lvl":10,"x":19,"y":9,"l1x":12,"l1y":34},{"data":1000010,"lvl":10,"x":19,"y":10,"l1x":13,"l1y":34},{"data":1000010,"lvl":10,"x":19,"y":11,"l1x":14,"l1y":34},{"data":1000010,"lvl":10,"x":20,"y":11,"l1x":14,"l1y":25},{"data":1000010,"lvl":10,"x":21,"y":11,"l1x":14,"l1y":24},{"data":1000010,"lvl":10,"x":22,"y":11,"l1x":13,"l1y":24},{"data":1000002,"lvl":10,"x":8,"y":20,"res_time":179953,"l1x":8,"l1y":35},{"data":1000004,"lvl":10,"x":10,"y":13,"res_time":142908,"l1x":35,"l1y":19},{"data":1000009,"lvl":12,"x":16,"y":10,"l1x":19,"l1y":31},{"data":1000012,"lvl":7,"x":16,"y":21,"l1x":13,"l1y":17},{"data":1000010,"lvl":10,"x":23,"y":11,"l1x":13,"l1y":23},{"data":1000010,"lvl":10,"x":24,"y":11,"l1x":13,"l1y":22},{"data":1000010,"lvl":10,"x":25,"y":11,"l1x":13,"l1y":21},{"data":1000010,"lvl":10,"x":26,"y":11,"l1x":13,"l1y":20},{"data":1000010,"lvl":10,"x":27,"y":11,"l1x":14,"l1y":20},{"data":1000010,"lvl":10,"x":29,"y":9,"l1x":15,"l1y":20},{"data":1000010,"lvl":10,"x":30,"y":9,"l1x":22,"l1y":26},{"data":1000010,"lvl":10,"x":31,"y":9,"l1x":21,"l1y":26},{"data":1000010,"lvl":10,"x":32,"y":9,"l1x":20,"l1y":26},{"data":1000010,"lvl":10,"x":28,"y":7,"l1x":16,"l1y":27},{"data":1000010,"lvl":10,"x":28,"y":8,"l1x":17,"l1y":27},{"data":1000010,"lvl":10,"x":28,"y":9,"l1x":18,"l1y":27},{"data":1000010,"lvl":10,"x":28,"y":10,"l1x":19,"l1y":27},{"data":1000010,"lvl":10,"x":28,"y":11,"l1x":20,"l1y":27},{"data":1000010,"lvl":10,"x":28,"y":12,"l1x":16,"l1y":26},{"data":1000010,"lvl":10,"x":29,"y":12,"l1x":15,"l1y":26},{"data":1000010,"lvl":10,"x":29,"y":13,"l1x":14,"l1y":26},{"data":1000010,"lvl":10,"x":30,"y":13,"l1x":13,"l1y":26},{"data":1000010,"lvl":10,"x":31,"y":13,"l1x":12,"l1y":26},{"data":1000010,"lvl":10,"x":10,"y":19,"l1x":12,"l1y":27},{"data":1000010,"lvl":10,"x":9,"y":19,"l1x":12,"l1y":28},{"data":1000010,"lvl":10,"x":8,"y":19,"l1x":12,"l1y":29},{"data":1000010,"lvl":10,"x":7,"y":19,"l1x":12,"l1y":30},{"data":1000010,"lvl":10,"x":7,"y":20,"l1x":13,"l1y":30},{"data":1000010,"lvl":10,"x":7,"y":21,"l1x":14,"l1y":30},{"data":1000004,"lvl":10,"x":15,"y":36,"res_time":142904,"l1x":35,"l1y":16},{"data":1000002,"lvl":10,"x":8,"y":25,"res_time":179954,"l1x":34,"l1y":5},{"data":1000000,"lvl":7,"x":7,"y":34,"units":[[4000010,4],[4000005,11]],"storage_type":0,"l1x":11,"l1y":5},{"data":1000008,"lvl":11,"x":12,"y":20,"l1x":16,"l1y":31},{"data":1000009,"lvl":12,"x":30,"y":10,"l1x":23,"l1y":32},{"data":1000006,"lvl":9,"x":37,"y":25,"unit_prod":{"unit_type":0},"l1x":34,"l1y":30},{"data":1000020,"lvl":4,"x":15,"y":6,"units":[[26000000,1],[26000002,3],[26000005,1]],"storage_type":1,"unit_prod":{"unit_type":1},"l1x":6,"l1y":20},{"data":1000011,"lvl":7,"x":23,"y":12,"l1x":10,"l1y":20},{"data":1000010,"lvl":10,"x":7,"y":22,"l1x":15,"l1y":30},{"data":1000010,"lvl":10,"x":7,"y":23,"l1x":15,"l1y":31},{"data":1000010,"lvl":10,"x":7,"y":24,"l1x":15,"l1y":32},{"data":1000010,"lvl":10,"x":7,"y":25,"l1x":15,"l1y":33},{"data":1000010,"lvl":10,"x":7,"y":26,"l1x":15,"l1y":34},{"data":1000010,"lvl":10,"x":7,"y":27,"l1x":16,"l1y":34},{"data":1000010,"lvl":10,"x":7,"y":28,"l1x":17,"l1y":34},{"data":1000010,"lvl":10,"x":8,"y":28,"l1x":18,"l1y":34},{"data":1000010,"lvl":10,"x":10,"y":30,"l1x":19,"l1y":34},{"data":1000010,"lvl":10,"x":10,"y":29,"l1x":21,"l1y":34},{"data":1000010,"lvl":10,"x":9,"y":28,"l1x":20,"l1y":34},{"data":1000010,"lvl":10,"x":10,"y":28,"l1x":28,"l1y":35},{"data":1000010,"lvl":10,"x":15,"y":19,"l1x":27,"l1y":35},{"data":1000010,"lvl":10,"x":14,"y":19,"l1x":26,"l1y":35},{"data":1000010,"lvl":10,"x":13,"y":19,"l1x":25,"l1y":35},{"data":1000010,"lvl":10,"x":12,"y":19,"l1x":24,"l1y":35},{"data":1000010,"lvl":10,"x":11,"y":19,"l1x":23,"l1y":35},{"data":1000010,"lvl":10,"x":11,"y":20,"l1x":22,"l1y":35},{"data":1000010,"lvl":10,"x":11,"y":21,"l1x":22,"l1y":34},{"data":1000010,"lvl":10,"x":11,"y":22,"l1x":22,"l1y":33},{"data":1000010,"lvl":10,"x":11,"y":23,"l1x":22,"l1y":32},{"data":1000010,"lvl":10,"x":11,"y":24,"l1x":28,"l1y":34},{"data":1000010,"lvl":10,"x":11,"y":25,"l1x":28,"l1y":33},{"data":1000010,"lvl":10,"x":11,"y":26,"l1x":27,"l1y":31},{"data":1000010,"lvl":10,"x":11,"y":27,"l1x":26,"l1y":31},{"data":1000002,"lvl":10,"x":18,"y":37,"res_time":179955,"l1x":30,"l1y":5},{"data":1000004,"lvl":10,"x":37,"y":11,"res_time":142901,"l1x":35,"l1y":12},{"data":1000011,"lvl":7,"x":12,"y":23,"l1x":16,"l1y":28},{"data":1000013,"lvl":7,"x":25,"y":18,"l1x":13,"l1y":27},{"data":1000010,"lvl":10,"x":11,"y":28,"l1x":25,"l1y":31},{"data":1000010,"lvl":10,"x":12,"y":28,"l1x":24,"l1y":31},{"data":1000010,"lvl":10,"x":10,"y":31,"l1x":26,"l1y":34},{"data":1000010,"lvl":10,"x":10,"y":32,"l1x":22,"l1y":31},{"data":1000010,"lvl":10,"x":10,"y":33,"l1x":22,"l1y":30},{"data":1000010,"lvl":10,"x":11,"y":33,"l1x":22,"l1y":29},{"data":1000010,"lvl":10,"x":12,"y":29,"l1x":22,"l1y":28},{"data":1000010,"lvl":10,"x":13,"y":29,"l1x":22,"l1y":27},{"data":1000010,"lvl":10,"x":14,"y":29,"l1x":23,"l1y":27},{"data":1000010,"lvl":10,"x":14,"y":30,"l1x":24,"l1y":27},{"data":1000010,"lvl":10,"x":14,"y":31,"l1x":25,"l1y":27},{"data":1000010,"lvl":10,"x":12,"y":33,"l1x":26,"l1y":27},{"data":1000010,"lvl":10,"x":13,"y":33,"l1x":27,"l1y":27},{"data":1000010,"lvl":10,"x":14,"y":33,"l1x":27,"l1y":26},{"data":1000010,"lvl":10,"x":14,"y":32,"l1x":27,"l1y":25},{"data":1000010,"lvl":10,"x":15,"y":32,"l1x":27,"l1y":24},{"data":1000010,"lvl":10,"x":16,"y":32,"l1x":27,"l1y":23},{"data":1000010,"lvl":10,"x":17,"y":32,"l1x":26,"l1y":22},{"data":1000010,"lvl":10,"x":18,"y":36,"l1x":27,"l1y":22},{"data":1000010,"lvl":10,"x":19,"y":36,"l1x":16,"l1y":20},{"data":1000010,"lvl":10,"x":20,"y":36,"l1x":16,"l1y":19},{"data":1000010,"lvl":10,"x":29,"y":36,"l1x":16,"l1y":18},{"data":1000010,"lvl":10,"x":28,"y":36,"l1x":16,"l1y":17},{"data":1000010,"lvl":10,"x":27,"y":36,"l1x":16,"l1y":16},{"data":1000010,"lvl":10,"x":26,"y":36,"l1x":17,"l1y":16},{"data":1000008,"lvl":11,"x":28,"y":33,"l1x":17,"l1y":10},{"data":1000008,"lvl":11,"x":34,"y":11,"l1x":27,"l1y":9},{"data":1000013,"lvl":7,"x":29,"y":29,"l1x":27,"l1y":13},{"data":1000009,"lvl":12,"x":11,"y":30,"l1x":23,"l1y":10},{"data":1000012,"lvl":7,"x":21,"y":16,"l1x":19,"l1y":28},{"data":1000024,"lvl":5,"x":14,"y":14,"l1x":34,"l1y":34},{"data":1000022,"lvl":0,"x":29,"y":25,"l1x":23,"l1y":28},{"data":1000000,"lvl":7,"x":34,"y":6,"units":[[4000005,1],[4000017,1]],"storage_type":0,"l1x":3,"l1y":12},{"data":1000026,"lvl":5,"x":33,"y":35,"unit_prod":{"unit_type":0},"l1x":9,"l1y":30},{"data":1000019,"lvl":7,"x":19,"y":21,"l1x":15,"l1y":24},{"data":1000006,"lvl":9,"x":38,"y":29,"unit_prod":{"unit_type":0},"l1x":37,"l1y":27},{"data":1000019,"lvl":7,"x":19,"y":23,"l1x":26,"l1y":32},{"data":1000010,"lvl":10,"x":25,"y":36,"l1x":18,"l1y":16},{"data":1000010,"lvl":10,"x":24,"y":36,"l1x":19,"l1y":16},{"data":1000010,"lvl":10,"x":23,"y":36,"l1x":20,"l1y":16},{"data":1000010,"lvl":10,"x":22,"y":36,"l1x":20,"l1y":15},{"data":1000010,"lvl":10,"x":21,"y":36,"l1x":20,"l1y":14},{"data":1000010,"lvl":10,"x":21,"y":35,"l1x":20,"l1y":13},{"data":1000010,"lvl":10,"x":21,"y":34,"l1x":21,"l1y":13},{"data":1000010,"lvl":10,"x":21,"y":33,"l1x":22,"l1y":13},{"data":1000010,"lvl":10,"x":16,"y":24,"l1x":23,"l1y":13},{"data":1000010,"lvl":10,"x":15,"y":24,"l1x":24,"l1y":13},{"data":1000010,"lvl":10,"x":15,"y":23,"l1x":24,"l1y":14},{"data":1000010,"lvl":10,"x":15,"y":22,"l1x":25,"l1y":14},{"data":1000010,"lvl":10,"x":15,"y":21,"l1x":15,"l1y":11},{"data":1000010,"lvl":10,"x":15,"y":20,"l1x":16,"l1y":11},{"data":1000010,"lvl":10,"x":16,"y":20,"l1x":16,"l1y":10},{"data":1000010,"lvl":10,"x":17,"y":20,"l1x":16,"l1y":9},{"data":1000010,"lvl":10,"x":17,"y":19,"l1x":17,"l1y":9},{"data":1000010,"lvl":10,"x":17,"y":18,"l1x":18,"l1y":9},{"data":1000010,"lvl":10,"x":17,"y":17,"l1x":19,"l1y":9},{"data":1000010,"lvl":10,"x":18,"y":17,"l1x":20,"l1y":9},{"data":1000010,"lvl":10,"x":19,"y":17,"l1x":21,"l1y":9},{"data":1000010,"lvl":10,"x":20,"y":17,"l1x":22,"l1y":9},{"data":1000010,"lvl":10,"x":20,"y":16,"l1x":23,"l1y":9},{"data":1000010,"lvl":10,"x":20,"y":15,"l1x":24,"l1y":9},{"data":1000010,"lvl":10,"x":21,"y":15,"l1x":33,"l1y":11},{"data":1000010,"lvl":10,"x":17,"y":24,"l1x":33,"l1y":10},{"data":1000010,"lvl":10,"x":22,"y":15,"l1x":33,"l1y":9},{"data":1000010,"lvl":10,"x":23,"y":15,"l1x":33,"l1y":8},{"data":1000010,"lvl":10,"x":24,"y":15,"l1x":32,"l1y":8},{"data":1000010,"lvl":10,"x":24,"y":16,"l1x":31,"l1y":8},{"data":1000010,"lvl":10,"x":24,"y":17,"l1x":30,"l1y":8},{"data":1000010,"lvl":10,"x":17,"y":25,"l1x":29,"l1y":8},{"data":1000010,"lvl":10,"x":17,"y":26,"l1x":28,"l1y":8},{"data":1000010,"lvl":10,"x":17,"y":27,"l1x":27,"l1y":8},{"data":1000010,"lvl":10,"x":25,"y":17,"l1x":26,"l1y":8},{"data":1000010,"lvl":10,"x":26,"y":17,"l1x":26,"l1y":9},{"data":1000010,"lvl":10,"x":27,"y":17,"l1x":26,"l1y":10},{"data":1000010,"lvl":10,"x":28,"y":17,"l1x":26,"l1y":11},{"data":1000010,"lvl":10,"x":18,"y":31,"l1x":25,"l1y":9},{"data":1000010,"lvl":10,"x":18,"y":30,"l1x":34,"l1y":11},{"data":1000010,"lvl":10,"x":18,"y":29,"l1x":34,"l1y":12},{"data":1000010,"lvl":10,"x":17,"y":28,"l1x":34,"l1y":13},{"data":1000010,"lvl":10,"x":18,"y":28,"l1x":34,"l1y":14},{"data":1000010,"lvl":10,"x":19,"y":28,"l1x":30,"l1y":12},{"data":1000010,"lvl":10,"x":20,"y":28,"l1x":29,"l1y":12},{"data":1000010,"lvl":10,"x":21,"y":28,"l1x":28,"l1y":12},{"data":1000010,"lvl":10,"x":22,"y":28,"l1x":27,"l1y":12},{"data":1000010,"lvl":10,"x":23,"y":28,"l1x":26,"l1y":12},{"data":1000010,"lvl":10,"x":18,"y":32,"l1x":26,"l1y":13},{"data":1000010,"lvl":10,"x":19,"y":32,"l1x":26,"l1y":14},{"data":1000003,"lvl":10,"x":33,"y":14,"l1x":8,"l1y":2},{"data":1000005,"lvl":10,"x":29,"y":14,"l1x":17,"l1y":6},{"data":1000023,"lvl":5,"x":10,"y":10,"res_time":57553,"l1x":20,"l1y":6},{"data":1000009,"lvl":12,"x":18,"y":33,"l1x":31,"l1y":19},{"data":1000012,"lvl":7,"x":19,"y":29,"l1x":17,"l1y":13},{"data":1000011,"lvl":7,"x":14,"y":26,"l1x":20,"l1y":10},{"data":1000019,"lvl":7,"x":21,"y":19,"l1x":32,"l1y":26},{"data":1000026,"lvl":5,"x":36,"y":32,"unit_prod":{"unit_type":0},"l1x":30,"l1y":9},{"data":1000010,"lvl":10,"x":20,"y":32,"l1x":26,"l1y":15},{"data":1000010,"lvl":10,"x":21,"y":32,"l1x":26,"l1y":16},{"data":1000010,"lvl":10,"x":22,"y":32,"l1x":30,"l1y":13},{"data":1000010,"lvl":10,"x":23,"y":32,"l1x":30,"l1y":14},{"data":1000010,"lvl":10,"x":29,"y":17,"l1x":30,"l1y":15},{"data":1000010,"lvl":10,"x":31,"y":17,"l1x":31,"l1y":15},{"data":1000010,"lvl":10,"x":30,"y":17,"l1x":32,"l1y":15},{"data":1000010,"lvl":10,"x":28,"y":18,"l1x":33,"l1y":15},{"data":1000010,"lvl":10,"x":28,"y":19,"l1x":34,"l1y":15},{"data":1000010,"lvl":10,"x":28,"y":20,"l1x":27,"l1y":16},{"data":1000010,"lvl":10,"x":28,"y":21,"l1x":27,"l1y":17},{"data":1000010,"lvl":10,"x":28,"y":22,"l1x":27,"l1y":18},{"data":1000010,"lvl":10,"x":28,"y":23,"l1x":27,"l1y":19},{"data":1000010,"lvl":10,"x":30,"y":23,"l1x":27,"l1y":20},{"data":1000010,"lvl":10,"x":31,"y":23,"l1x":26,"l1y":21},{"data":1000010,"lvl":10,"x":29,"y":23,"l1x":26,"l1y":20},{"data":1000010,"lvl":10,"x":28,"y":24,"l1x":28,"l1y":22},{"data":1000010,"lvl":10,"x":28,"y":25,"l1x":29,"l1y":22},{"data":1000010,"lvl":10,"x":28,"y":26,"l1x":30,"l1y":22},{"data":1000010,"lvl":10,"x":28,"y":27,"l1x":34,"l1y":16},{"data":1000010,"lvl":10,"x":28,"y":28,"l1x":34,"l1y":17},{"data":1000010,"lvl":10,"x":27,"y":28,"l1x":34,"l1y":18},{"data":1000010,"lvl":10,"x":26,"y":28,"l1x":34,"l1y":19},{"data":1000010,"lvl":10,"x":25,"y":28,"l1x":34,"l1y":20},{"data":1000010,"lvl":10,"x":24,"y":28,"l1x":34,"l1y":21},{"data":1000010,"lvl":10,"x":24,"y":29,"l1x":35,"l1y":28},{"data":1000010,"lvl":10,"x":24,"y":30,"l1x":35,"l1y":27},{"data":1000010,"lvl":10,"x":24,"y":31,"l1x":35,"l1y":26},{"data":1000010,"lvl":10,"x":24,"y":32,"l1x":35,"l1y":25},{"data":1000010,"lvl":10,"x":25,"y":32,"l1x":35,"l1y":24},{"data":1000010,"lvl":10,"x":26,"y":32,"l1x":35,"l1y":23},{"data":1000010,"lvl":10,"x":27,"y":32,"l1x":35,"l1y":22},{"data":1000010,"lvl":10,"x":28,"y":32,"l1x":34,"l1y":22},{"data":1000010,"lvl":10,"x":29,"y":32,"l1x":33,"l1y":22},{"data":1000010,"lvl":10,"x":30,"y":32,"l1x":32,"l1y":22},{"data":1000010,"lvl":10,"x":31,"y":32,"l1x":31,"l1y":22},{"data":1000010,"lvl":10,"x":32,"y":32,"l1x":31,"l1y":23},{"data":1000010,"lvl":10,"x":32,"y":31,"l1x":31,"l1y":24},{"data":1000010,"lvl":10,"x":33,"y":9,"l1x":31,"l1y":25},{"data":1000010,"lvl":10,"x":33,"y":10,"l1x":31,"l1y":26},{"data":1000010,"lvl":10,"x":33,"y":11,"l1x":31,"l1y":27},{"data":1000010,"lvl":10,"x":33,"y":12,"l1x":34,"l1y":28},{"data":1000010,"lvl":10,"x":33,"y":13,"l1x":33,"l1y":28},{"data":1000010,"lvl":10,"x":32,"y":13,"l1x":32,"l1y":28},{"data":1000010,"lvl":10,"x":32,"y":14,"l1x":31,"l1y":28},{"data":1000010,"lvl":10,"x":32,"y":15,"l1x":30,"l1y":28},{"data":1000010,"lvl":10,"x":36,"y":17,"l1x":29,"l1y":28},{"data":1000010,"lvl":10,"x":36,"y":18,"l1x":28,"l1y":28},{"data":1000010,"lvl":10,"x":36,"y":19,"l1x":28,"l1y":29},{"data":1000010,"lvl":10,"x":32,"y":16,"l1x":28,"l1y":30},{"data":1000003,"lvl":10,"x":33,"y":21,"l1x":17,"l1y":24},{"data":1000005,"lvl":10,"x":33,"y":24,"l1x":23,"l1y":6},{"data":1000009,"lvl":12,"x":33,"y":17,"l1x":32,"l1y":23},{"data":1000025,"lvl":0,"x":25,"y":29,"l1x":28,"l1y":23},{"data":1000019,"lvl":7,"x":23,"y":19,"l1x":24,"l1y":20},{"data":1000011,"lvl":7,"x":26,"y":14,"l1x":28,"l1y":16},{"data":1000015,"lvl":0,"x":34,"y":30,"l1x":31,"l1y":38},{"data":1000021,"lvl":3,"x":18,"y":18,"attack_mode":true,"attack_mode_war":false,"attack_mode_draft":true,"attack_mode_draft_war":false,"ammo":1500,"l1x":14,"l1y":21},{"data":1000021,"lvl":3,"x":21,"y":25,"attack_mode":false,"attack_mode_war":false,"attack_mode_draft":false,"attack_mode_draft_war":false,"ammo":1500,"l1x":24,"l1y":24},{"data":1000012,"lvl":7,"x":29,"y":18,"l1x":28,"l1y":19},{"data":1000023,"lvl":5,"x":21,"y":37,"res_time":57555,"l1x":12,"l1y":31},{"data":1000002,"lvl":10,"x":37,"y":17,"res_time":179951,"l1x":27,"l1y":5},{"data":1000004,"lvl":10,"x":36,"y":14,"res_time":142900,"l1x":35,"l1y":8},{"data":1000008,"lvl":11,"x":33,"y":27,"l1x":31,"l1y":16},{"data":1000021,"lvl":3,"x":25,"y":21,"attack_mode":false,"attack_mode_war":false,"attack_mode_draft":false,"attack_mode_draft_war":false,"ammo":1500,"l1x":21,"l1y":14},{"data":1000027,"lvl":2,"x":22,"y":29,"attack_mode":true,"attack_mode_war":true,"attack_mode_draft":true,"attack_mode_draft_war":true,"ammo":750,"l1x":20,"l1y":24},{"data":1000009,"lvl":12,"x":33,"y":32,"l1x":29,"l1y":29},{"data":1000027,"lvl":2,"x":29,"y":21,"attack_mode":true,"attack_mode_war":true,"attack_mode_draft":true,"attack_mode_draft_war":true,"ammo":750,"l1x":24,"l1y":15},{"data":1000023,"lvl":5,"x":37,"y":21,"res_time":57551,"l1x":31,"l1y":12},{"data":1000010,"lvl":10,"x":32,"y":17,"l1x":28,"l1y":31},{"data":1000010,"lvl":10,"x":32,"y":18,"l1x":28,"l1y":32},{"data":1000010,"lvl":10,"x":32,"y":19,"l1x":29,"l1y":32},{"data":1000010,"lvl":10,"x":32,"y":30,"l1x":30,"l1y":32},{"data":1000010,"lvl":10,"x":32,"y":29,"l1x":31,"l1y":32},{"data":1000010,"lvl":10,"x":32,"y":28,"l1x":32,"l1y":29},{"data":1000010,"lvl":10,"x":32,"y":27,"l1x":32,"l1y":30},{"data":1000010,"lvl":10,"x":32,"y":26,"l1x":32,"l1y":31},{"data":1000010,"lvl":10,"x":32,"y":25,"l1x":32,"l1y":32},{"data":1000010,"lvl":10,"x":32,"y":24,"l1x":37,"l1y":33},{"data":1000010,"lvl":10,"x":32,"y":23,"l1x":36,"l1y":33},{"data":1000010,"lvl":10,"x":32,"y":22,"l1x":35,"l1y":33},{"data":1000010,"lvl":10,"x":32,"y":21,"l1x":34,"l1y":33},{"data":1000010,"lvl":10,"x":32,"y":20,"l1x":33,"l1y":33},{"data":1000010,"lvl":10,"x":33,"y":20,"l1x":33,"l1y":34},{"data":1000010,"lvl":10,"x":34,"y":20,"l1x":33,"l1y":35},{"data":1000010,"lvl":10,"x":35,"y":20,"l1x":33,"l1y":36},{"data":1000010,"lvl":10,"x":36,"y":20,"l1x":33,"l1y":37},{"data":1000010,"lvl":10,"x":36,"y":21,"l1x":34,"l1y":37},{"data":1000010,"lvl":10,"x":36,"y":22,"l1x":35,"l1y":37},{"data":1000010,"lvl":10,"x":36,"y":23,"l1x":37,"l1y":34},{"data":1000010,"lvl":10,"x":36,"y":24,"l1x":37,"l1y":35},{"data":1000010,"lvl":10,"x":36,"y":25,"l1x":37,"l1y":36},{"data":1000010,"lvl":10,"x":36,"y":27,"l1x":36,"l1y":37},{"data":1000010,"lvl":10,"x":36,"y":26,"l1x":37,"l1y":37}],"obstacles":[],"traps":[{"data":12000000,"lvl":5,"x":24,"y":25,"l1x":5,"l1y":22},{"data":12000002,"lvl":3,"x":15,"y":17,"l1x":24,"l1y":22},{"data":12000001,"lvl":0,"x":18,"y":14,"l1x":8,"l1y":16},{"data":12000005,"lvl":3,"x":15,"y":25,"l1x":16,"l1y":15},{"data":12000006,"lvl":2,"x":19,"y":16,"l1x":15,"l1y":16},{"data":12000000,"lvl":5,"x":24,"y":26,"l1x":5,"l1y":21},{"data":12000002,"lvl":3,"x":17,"y":15,"l1x":22,"l1y":18},{"data":12000001,"lvl":0,"x":28,"y":13,"l1x":16,"l1y":8},{"data":12000001,"lvl":0,"x":13,"y":28,"l1x":26,"l1y":7},{"data":12000000,"lvl":5,"x":24,"y":27,"l1x":23,"l1y":5},{"data":12000002,"lvl":3,"x":26,"y":12,"l1x":18,"l1y":22},{"data":12000002,"lvl":3,"x":12,"y":26,"l1x":22,"l1y":24},{"data":12000001,"lvl":0,"x":25,"y":15,"l1x":7,"l1y":26},{"data":12000001,"lvl":0,"x":28,"y":29,"l1x":25,"l1y":13},{"data":12000000,"lvl":5,"x":29,"y":24,"l1x":22,"l1y":5},{"data":12000000,"lvl":5,"x":31,"y":33,"l1x":27,"l1y":21},{"data":12000002,"lvl":3,"x":36,"y":30,"l1x":9,"l1y":9},{"data":12000000,"lvl":5,"x":32,"y":33,"l1x":21,"l1y":27},{"data":12000001,"lvl":0,"x":29,"y":28,"l1x":13,"l1y":25},{"data":12000006,"lvl":2,"x":16,"y":19,"l1x":26,"l1y":30},{"data":12000006,"lvl":2,"x":24,"y":18,"l1x":30,"l1y":26},{"data":12000006,"lvl":2,"x":28,"y":30,"l1x":18,"l1y":20},{"data":12000006,"lvl":2,"x":36,"y":29,"l1x":20,"l1y":18},{"data":12000005,"lvl":3,"x":18,"y":24,"l1x":30,"l1y":27},{"data":12000005,"lvl":3,"x":25,"y":16,"l1x":27,"l1y":30},{"data":12000005,"lvl":3,"x":30,"y":28,"l1x":20,"l1y":17},{"data":12000005,"lvl":3,"x":37,"y":28,"l1x":17,"l1y":20}],"decos":[{"data":18000033,"x":40,"y":38,"l1x":38,"l1y":40},{"data":18000010,"x":40,"y":40,"l1x":40,"l1y":38},{"data":18000004,"x":38,"y":40,"l1x":40,"l1y":40}],"respawnVars":{"secondsFromLastRespawn":20131,"respawnSeed":-1423556394,"obstacleClearCounter":10,"time_to_gembox_drop":140237,"time_in_gembox_period":320400},"cooldowns":[{"cooldown":5496175,"target":20000001},{"cooldown":6238483,"target":20000000}],"newShopBuildings":[4,0,7,4,7,4,4,1,6,7,250,4,4,3,1,5,0,0,0,4,1,3,1,3,1,1,2,2],"newShopTraps":[6,6,5,0,0,5,5,0],"newShopDecos":[1,4,0,1,1,4,4,1,1,1,1,1,1,1,1,1,1,1,1,1,1,1,1,1,1,1,1,1,1,1,1,1,1,1,1,1,1],"last_league_rank":16,"last_league_shuffle":1,"last_news_seen":81,"edit_mode_shown":true,"troop_req_msg":"1drag 3balloon","war_req_msg":"drag witch","war_tutorials_seen":0,"war_base":true}