{"buildings":[{"data":1000001,"lvl":9,"x":20,"y":20},{"data":1000004,"lvl":10,"x":37,"y":16,"res_time":46126},{"data":1000000,"lvl":7,"x":11,"y":5,"units":[[4000006,11]],"storage_type":0},{"data":1000015,"lvl":0,"x":8,"y":8},{"data":1000014,"lvl":5,"x":25,"y":16},{"data":1000008,"lvl":11,"x":34,"y":17},{"data":1000015,"lvl":0,"x":31,"y":16},{"data":1000002,"lvl":10,"x":37,"y":24,"res_time":167317},{"data":1000003,"lvl":10,"x":20,"y":7},{"data":1000005,"lvl":10,"x":13,"y":25},{"data":1000006,"lvl":9,"x":5,"y":11,"unit_prod":{"unit_type":0}},{"data":1000006,"lvl":9,"x":5,"y":16,"unit_prod":{"unit_type":0}},{"data":1000002,"lvl":10,"x":17,"y":4,"res_time":179999},{"data":1000009,"lvl":12,"x":9,"y":32},{"data":1000005,"lvl":10,"x":16,"y":28},{"data":1000004,"lvl":10,"x":25,"y":4,"res_time":22906},{"data":1000015,"lvl":0,"x":26,"y":11},{"data":1000003,"lvl":10,"x":34,"y":21},{"data":1000013,"lvl":7,"x":28,"y":13},{"data":1000012,"lvl":7,"x":20,"y":11},{"data":1000000,"lvl":7,"x":34,"y":28,"units":[[4000013,1]],"storage_type":0},{"data":1000007,"lvl":7,"x":32,"y":8},{"data":1000000,"lvl":7,"x":29,"y":2,"units":[[4000006,1],[4000001,3],[4000004,22]],"storage_type":0},{"data":1000006,"lvl":9,"x":29,"y":36,"unit_prod":{"unit_type":0}},{"data":1000010,"lvl":10,"x":35,"y":7},{"data":1000010,"lvl":10,"x":36,"y":8},{"data":1000010,"lvl":10,"x":36,"y":9},{"data":1000010,"lvl":10,"x":34,"y":7},{"data":1000010,"lvl":10,"x":28,"y":3},{"data":1000010,"lvl":10,"x":28,"y":4},{"data":1000010,"lvl":10,"x":28,"y":5},{"data":1000010,"lvl":10,"x":28,"y":6},{"data":1000010,"lvl":10,"x":28,"y":7},{"data":1000010,"lvl":10,"x":28,"y":8},{"data":1000010,"lvl":10,"x":28,"y":9},{"data":1000010,"lvl":10,"x":27,"y":3},{"data":1000010,"lvl":10,"x":26,"y":3},{"data":1000010,"lvl":10,"x":25,"y":3},{"data":1000010,"lvl":10,"x":24,"y":3},{"data":1000010,"lvl":10,"x":23,"y":3},{"data":1000010,"lvl":10,"x":22,"y":3},{"data":1000010,"lvl":10,"x":21,"y":3},{"data":1000010,"lvl":10,"x":20,"y":3},{"data":1000010,"lvl":10,"x":19,"y":3},{"data":1000010,"lvl":10,"x":18,"y":3},{"data":1000010,"lvl":10,"x":17,"y":3},{"data":1000010,"lvl":10,"x":16,"y":3},{"data":1000010,"lvl":10,"x":23,"y":32},{"data":1000010,"lvl":10,"x":23,"y":33},{"data":1000010,"lvl":10,"x":23,"y":34},{"data":1000010,"lvl":10,"x":11,"y":20},{"data":1000010,"lvl":10,"x":10,"y":20},{"data":1000010,"lvl":10,"x":9,"y":20},{"data":1000010,"lvl":10,"x":40,"y":15},{"data":1000010,"lvl":10,"x":39,"y":15},{"data":1000010,"lvl":10,"x":38,"y":15},{"data":1000010,"lvl":10,"x":37,"y":15},{"data":1000010,"lvl":10,"x":36,"y":15},{"data":1000010,"lvl":10,"x":35,"y":15},{"data":1000010,"lvl":10,"x":34,"y":15},{"data":1000010,"lvl":10,"x":40,"y":16},{"data":1000010,"lvl":10,"x":40,"y":17},{"data":1000010,"lvl":10,"x":40,"y":18},{"data":1000010,"lvl":10,"x":40,"y":19},{"data":1000010,"lvl":10,"x":40,"y":20},{"data":1000010,"lvl":10,"x":40,"y":21},{"data":1000010,"lvl":10,"x":40,"y":22},{"data":1000010,"lvl":10,"x":40,"y":23},{"data":1000010,"lvl":10,"x":40,"y":24},{"data":1000010,"lvl":10,"x":40,"y":25},{"data":1000010,"lvl":10,"x":40,"y":26},{"data":1000010,"lvl":10,"x":40,"y":27},{"data":1000010,"lvl":10,"x":39,"y":27},{"data":1000010,"lvl":10,"x":38,"y":27},{"data":1000010,"lvl":10,"x":37,"y":27},{"data":1000010,"lvl":10,"x":36,"y":27},{"data":1000010,"lvl":10,"x":35,"y":27},{"data":1000010,"lvl":10,"x":34,"y":27},{"data":1000010,"lvl":10,"x":16,"y":4},{"data":1000010,"lvl":10,"x":16,"y":5},{"data":1000010,"lvl":10,"x":16,"y":6},{"data":1000010,"lvl":10,"x":16,"y":7},{"data":1000010,"lvl":10,"x":16,"y":8},{"data":1000010,"lvl":10,"x":16,"y":9},{"data":1000010,"lvl":10,"x":16,"y":10},{"data":1000010,"lvl":10,"x":17,"y":10},{"data":1000010,"lvl":10,"x":18,"y":10},{"data":1000010,"lvl":10,"x":19,"y":10},{"data":1000010,"lvl":10,"x":20,"y":10},{"data":1000010,"lvl":10,"x":21,"y":10},{"data":1000010,"lvl":10,"x":22,"y":10},{"data":1000010,"lvl":10,"x":23,"y":10},{"data":1000010,"lvl":10,"x":24,"y":10},{"data":1000010,"lvl":10,"x":25,"y":10},{"data":1000010,"lvl":10,"x":26,"y":10},{"data":1000010,"lvl":10,"x":27,"y":10},{"data":1000010,"lvl":10,"x":28,"y":10},{"data":1000010,"lvl":10,"x":29,"y":10},{"data":1000010,"lvl":10,"x":29,"y":11},{"data":1000010,"lvl":10,"x":29,"y":12},{"data":1000010,"lvl":10,"x":30,"y":12},{"data":1000010,"lvl":10,"x":31,"y":12},{"data":1000010,"lvl":10,"x":31,"y":13},{"data":1000010,"lvl":10,"x":31,"y":14},{"data":1000010,"lvl":10,"x":32,"y":14},{"data":1000010,"lvl":10,"x":33,"y":14},{"data":1000010,"lvl":10,"x":33,"y":15},{"data":1000010,"lvl":10,"x":33,"y":16},{"data":1000010,"lvl":10,"x":33,"y":17},{"data":1000010,"lvl":10,"x":33,"y":18},{"data":1000010,"lvl":10,"x":33,"y":19},{"data":1000010,"lvl":10,"x":33,"y":20},{"data":1000010,"lvl":10,"x":33,"y":21},{"data":1000010,"lvl":10,"x":33,"y":22},{"data":1000010,"lvl":10,"x":33,"y":23},{"data":1000010,"lvl":10,"x":33,"y":24},{"data":1000010,"lvl":10,"x":33,"y":25},{"data":1000010,"lvl":10,"x":33,"y":26},{"data":1000010,"lvl":10,"x":24,"y":18},{"data":1000010,"lvl":10,"x":26,"y":19},{"data":1000010,"lvl":10,"x":33,"y":27},{"data":1000010,"lvl":10,"x":13,"y":13},{"data":1000010,"lvl":10,"x":24,"y":17},{"data":1000010,"lvl":10,"x":24,"y":19},{"data":1000010,"lvl":10,"x":26,"y":20},{"data":1000010,"lvl":10,"x":25,"y":19},{"data":1000010,"lvl":10,"x":23,"y":17},{"data":1000010,"lvl":10,"x":22,"y":17},{"data":1000010,"lvl":10,"x":21,"y":17},{"data":1000010,"lvl":10,"x":20,"y":17},{"data":1000010,"lvl":10,"x":19,"y":17},{"data":1000010,"lvl":10,"x":18,"y":17},{"data":1000010,"lvl":10,"x":26,"y":21},{"data":1000010,"lvl":10,"x":26,"y":22},{"data":1000010,"lvl":10,"x":26,"y":23},{"data":1000010,"lvl":10,"x":26,"y":24},{"data":1000010,"lvl":10,"x":26,"y":25},{"data":1000010,"lvl":10,"x":26,"y":26},{"data":1000010,"lvl":10,"x":26,"y":27},{"data":1000010,"lvl":10,"x":24,"y":27},{"data":1000010,"lvl":10,"x":23,"y":27},{"data":1000010,"lvl":10,"x":22,"y":27},{"data":1000010,"lvl":10,"x":21,"y":27},{"data":1000010,"lvl":10,"x":20,"y":27},{"data":1000010,"lvl":10,"x":19,"y":27},{"data":1000010,"lvl":10,"x":18,"y":27},{"data":1000010,"lvl":10,"x":17,"y":27},{"data":1000010,"lvl":10,"x":16,"y":27},{"data":1000010,"lvl":10,"x":16,"y":26},{"data":1000008,"lvl":11,"x":24,"y":7},{"data":1000009,"lvl":12,"x":17,"y":7},{"data":1000013,"lvl":7,"x":27,"y":25},{"data":1000009,"lvl":12,"x":34,"y":24},{"data":1000011,"lvl":7,"x":9,"y":24},{"data":1000008,"lvl":11,"x":17,"y":21},{"data":1000011,"lvl":7,"x":17,"y":32},{"data":1000002,"lvl":10,"x":20,"y":32,"res_time":166824},{"data":1000004,"lvl":10,"x":9,"y":29,"res_time":0},{"data":1000015,"lvl":0,"x":13,"y":11},{"data":1000015,"lvl":0,"x":31,"y":29},{"data":1000000,"lvl":7,"x":37,"y":10,"units":[[4000004,2],[4000013,2]],"storage_type":0},{"data":1000020,"lvl":4,"x":5,"y":36,"units":[[26000000,1],[26000002,2],[26000005,2]],"storage_type":1,"unit_prod":{"unit_type":1}},{"data":1000024,"lvl":5,"x":13,"y":28},{"data":1000023,"lvl":5,"x":37,"y":20,"res_time":44918},{"data":1000022,"lvl":0,"x":27,"y":22},{"data":1000006,"lvl":9,"x":24,"y":36,"unit_prod":{"unit_type":0}},{"data":1000021,"lvl":3,"x":17,"y":18,"attack_mode":true,"attack_mode_war":false,"attack_mode_draft":true,"attack_mode_draft_war":false,"ammo":1500},{"data":1000025,"lvl":0,"x":19,"y":14},{"data":1000019,"lvl":7,"x":22,"y":18},{"data":1000021,"lvl":3,"x":17,"y":24,"attack_mode":false,"attack_mode_war":false,"attack_mode_draft":false,"attack_mode_draft_war":false,"ammo":1500},{"data":1000009,"lvl":12,"x":29,"y":32},{"data":1000009,"lvl":12,"x":9,"y":12},{"data":1000011,"lvl":7,"x":16,"y":11},{"data":1000009,"lvl":12,"x":25,"y":13},{"data":1000008,"lvl":11,"x":22,"y":14},{"data":1000008,"lvl":11,"x":20,"y":24},{"data":1000019,"lvl":7,"x":20,"y":18},{"data":1000019,"lvl":7,"x":24,"y":22},{"data":1000019,"lvl":7,"x":24,"y":20},{"data":1000012,"lvl":7,"x":30,"y":21},{"data":1000010,"lvl":10,"x":16,"y":25},{"data":1000010,"lvl":10,"x":16,"y":24},{"data":1000010,"lvl":10,"x":16,"y":23},{"data":1000010,"lvl":10,"x":16,"y":22},{"data":1000010,"lvl":10,"x":16,"y":21},{"data":1000010,"lvl":10,"x":16,"y":20},{"data":1000010,"lvl":10,"x":16,"y":19},{"data":1000010,"lvl":10,"x":16,"y":18},{"data":1000010,"lvl":10,"x":16,"y":17},{"data":1000010,"lvl":10,"x":17,"y":17},{"data":1000010,"lvl":10,"x":36,"y":7},{"data":1000010,"lvl":10,"x":14,"y":13},{"data":1000010,"lvl":10,"x":15,"y":13},{"data":1000010,"lvl":10,"x":15,"y":12},{"data":1000010,"lvl":10,"x":15,"y":11},{"data":1000010,"lvl":10,"x":15,"y":10},{"data":1000010,"lvl":10,"x":14,"y":10},{"data":1000010,"lvl":10,"x":13,"y":10},{"data":1000010,"lvl":10,"x":12,"y":10},{"data":1000010,"lvl":10,"x":33,"y":31},{"data":1000010,"lvl":10,"x":33,"y":30},{"data":1000010,"lvl":10,"x":33,"y":29},{"data":1000010,"lvl":10,"x":33,"y":28},{"data":1000010,"lvl":10,"x":32,"y":28},{"data":1000010,"lvl":10,"x":31,"y":28},{"data":1000010,"lvl":10,"x":30,"y":28},{"data":1000010,"lvl":10,"x":30,"y":29},{"data":1000010,"lvl":10,"x":30,"y":30},{"data":1000010,"lvl":10,"x":25,"y":27},{"data":1000010,"lvl":10,"x":12,"y":31},{"data":1000010,"lvl":10,"x":13,"y":31},{"data":1000010,"lvl":10,"x":14,"y":31},{"data":1000010,"lvl":10,"x":15,"y":31},{"data":1000010,"lvl":10,"x":16,"y":31},{"data":1000010,"lvl":10,"x":17,"y":31},{"data":1000010,"lvl":10,"x":18,"y":31},{"data":1000010,"lvl":10,"x":19,"y":31},{"data":1000010,"lvl":10,"x":20,"y":31},{"data":1000010,"lvl":10,"x":21,"y":31},{"data":1000010,"lvl":10,"x":22,"y":31},{"data":1000010,"lvl":10,"x":23,"y":31},{"data":1000010,"lvl":10,"x":24,"y":31},{"data":1000026,"lvl":4,"x":34,"y":12,"unit_prod":{"unit_type":0}},{"data":1000010,"lvl":10,"x":25,"y":31},{"data":1000010,"lvl":10,"x":26,"y":31},{"data":1000010,"lvl":10,"x":27,"y":31},{"data":1000010,"lvl":10,"x":28,"y":31},{"data":1000010,"lvl":10,"x":29,"y":31},{"data":1000010,"lvl":10,"x":30,"y":31},{"data":1000010,"lvl":10,"x":31,"y":31},{"data":1000010,"lvl":10,"x":32,"y":31},{"data":1000010,"lvl":10,"x":32,"y":32},{"data":1000010,"lvl":10,"x":32,"y":33},{"data":1000010,"lvl":10,"x":32,"y":34},{"data":1000005,"lvl":10,"x":26,"y":28},{"data":1000013,"lvl":7,"x":16,"y":14},{"data":1000003,"lvl":10,"x":9,"y":17},{"data":1000023,"lvl":5,"x":21,"y":4,"res_time":57599},{"data":1000003,"lvl":10,"x":24,"y":32},{"data":1000012,"lvl":7,"x":13,"y":22},{"data":1000005,"lvl":10,"x":13,"y":15},{"data":1000002,"lvl":10,"x":9,"y":21,"res_time":179976},{"data":1000004,"lvl":10,"x":12,"y":32,"res_time":31479},{"data":1000002,"lvl":10,"x":5,"y":25,"res_time":179976},{"data":1000002,"lvl":10,"x":5,"y":32,"res_time":166823},{"data":1000004,"lvl":10,"x":5,"y":28,"res_time":77343},{"data":1000004,"lvl":10,"x":19,"y":36,"res_time":34390},{"data":1000010,"lvl":10,"x":32,"y":35},{"data":1000010,"lvl":10,"x":31,"y":35},{"data":1000010,"lvl":10,"x":30,"y":35},{"data":1000010,"lvl":10,"x":29,"y":35},{"data":1000010,"lvl":10,"x":28,"y":35},{"data":1000010,"lvl":10,"x":27,"y":35},{"data":1000010,"lvl":10,"x":26,"y":35},{"data":1000010,"lvl":10,"x":25,"y":35},{"data":1000010,"lvl":10,"x":24,"y":35},{"data":1000010,"lvl":10,"x":23,"y":35},{"data":1000010,"lvl":10,"x":22,"y":35},{"data":1000010,"lvl":10,"x":21,"y":35},{"data":1000010,"lvl":10,"x":20,"y":35},{"data":1000010,"lvl":10,"x":19,"y":35},{"data":1000010,"lvl":10,"x":18,"y":35},{"data":1000010,"lvl":10,"x":17,"y":35},{"data":1000010,"lvl":10,"x":16,"y":35},{"data":1000010,"lvl":10,"x":15,"y":35},{"data":1000010,"lvl":10,"x":14,"y":35},{"data":1000010,"lvl":10,"x":13,"y":35},{"data":1000010,"lvl":10,"x":12,"y":35},{"data":1000010,"lvl":10,"x":11,"y":35},{"data":1000010,"lvl":10,"x":10,"y":35},{"data":1000010,"lvl":10,"x":9,"y":35},{"data":1000010,"lvl":10,"x":12,"y":30},{"data":1000010,"lvl":10,"x":12,"y":29},{"data":1000010,"lvl":10,"x":12,"y":28},{"data":1000010,"lvl":10,"x":12,"y":27},{"data":1000010,"lvl":10,"x":12,"y":26},{"data":1000010,"lvl":10,"x":12,"y":25},{"data":1000010,"lvl":10,"x":12,"y":24},{"data":1000010,"lvl":10,"x":12,"y":23},{"data":1000010,"lvl":10,"x":12,"y":22},{"data":1000010,"lvl":10,"x":12,"y":21},{"data":1000010,"lvl":10,"x":12,"y":20},{"data":1000010,"lvl":10,"x":12,"y":19},{"data":1000010,"lvl":10,"x":12,"y":18},{"data":1000010,"lvl":10,"x":12,"y":17},{"data":1000010,"lvl":10,"x":12,"y":16},{"data":1000010,"lvl":10,"x":12,"y":15},{"data":1000010,"lvl":10,"x":12,"y":14},{"data":1000010,"lvl":10,"x":12,"y":13},{"data":1000010,"lvl":10,"x":12,"y":12},{"data":1000010,"lvl":10,"x":12,"y":11},{"data":1000010,"lvl":10,"x":11,"y":11},{"data":1000010,"lvl":10,"x":10,"y":11},{"data":1000010,"lvl":10,"x":9,"y":11},{"data":1000010,"lvl":10,"x":8,"y":11},{"data":1000010,"lvl":10,"x":8,"y":12},{"data":1000010,"lvl":10,"x":8,"y":13},{"data":1000010,"lvl":10,"x":8,"y":14},{"data":1000010,"lvl":10,"x":8,"y":15},{"data":1000010,"lvl":10,"x":8,"y":16},{"data":1000010,"lvl":10,"x":8,"y":17},{"data":1000010,"lvl":10,"x":8,"y":18},{"data":1000010,"lvl":10,"x":8,"y":19},{"data":1000010,"lvl":10,"x":8,"y":20},{"data":1000010,"lvl":10,"x":8,"y":21},{"data":1000010,"lvl":10,"x":8,"y":22},{"data":1000010,"lvl":10,"x":8,"y":23},{"data":1000010,"lvl":10,"x":8,"y":24},{"data":1000010,"lvl":10,"x":8,"y":25},{"data":1000010,"lvl":10,"x":8,"y":26},{"data":1000010,"lvl":10,"x":8,"y":27},{"data":1000010,"lvl":10,"x":8,"y":28},{"data":1000010,"lvl":10,"x":8,"y":29},{"data":1000010,"lvl":10,"x":8,"y":30},{"data":1000010,"lvl":10,"x":8,"y":31},{"data":1000010,"lvl":10,"x":8,"y":32},{"data":1000010,"lvl":10,"x":8,"y":33},{"data":1000010,"lvl":10,"x":8,"y":34},{"data":1000010,"lvl":10,"x":8,"y":35},{"data":1000026,"lvl":5,"x":29,"y":7,"unit_prod":{"unit_type":0}},{"data":1000011,"lvl":7,"x":30,"y":25},{"data":1000012,"lvl":7,"x":19,"y":28},{"data":1000023,"lvl":5,"x":5,"y":21,"res_time":57576},{"data":1000008,"lvl":11,"x":27,"y":19},{"data":1000009,"lvl":12,"x":28,"y":16},{"data":1000027,"lvl":2,"x":14,"y":19,"attack_mode":true,"attack_mode_war":false,"attack_mode_draft":true,"attack_mode_draft_war":false,"ammo":750},{"data":1000027,"lvl":2,"x":23,"y":28,"attack_mode":true,"attack_mode_war":true,"attack_mode_draft":true,"attack_mode_draft_war":true,"ammo":750},{"data":1000021,"lvl":3,"x":23,"y":24,"attack_mode":true,"attack_mode_war":false,"attack_mode_draft":true,"attack_mode_draft_war":false,"ammo":1500},{"data":1000004,"lvl":10,"x":14,"y":36,"res_time":48185},{"data":1000002,"lvl":10,"x":10,"y":36,"res_time":166823}],"obstacles":[{"data":8000000,"x":0,"y":4,"loot_multiply_ver":2},{"data":8000000,"x":2,"y":0,"loot_multiply_ver":2},{"data":8000000,"x":8,"y":42,"loot_multiply_ver":2},{"data":8000000,"x":39,"y":42,"loot_multiply_ver":2},{"data":8000000,"x":42,"y":13,"loot_multiply_ver":2},{"data":8000030,"x":41,"y":39,"loot_multiply_ver":2},{"data":8000000,"x":1,"y":37,"loot_multiply_ver":2},{"data":8000004,"x":3,"y":34,"loot_multiply_ver":2},{"data":8000010,"x":42,"y":9,"loot_multiply_ver":2},{"data":8000010,"x":1,"y":31,"loot_multiply_ver":2},{"data":8000004,"x":41,"y":27,"loot_multiply_ver":2},{"data":8000004,"x":42,"y":21,"loot_multiply_ver":2},{"data":8000007,"x":31,"y":41,"loot_multiply_ver":2},{"data":8000006,"x":29,"y":0,"loot_multiply_ver":2},{"data":8000004,"x":25,"y":40,"loot_multiply_ver":2},{"data":8000010,"x":19,"y":41,"loot_multiply_ver":2},{"data":8000004,"x":0,"y":34,"loot_multiply_ver":2},{"data":8000004,"x":42,"y":16,"loot_multiply_ver":2},{"data":8000000,"x":12,"y":0,"loot_multiply_ver":2},{"data":8000010,"x":22,"y":41,"loot_multiply_ver":2},{"data":8000004,"x":28,"y":41,"loot_multiply_ver":2},{"data":8000007,"x":16,"y":42,"loot_multiply_ver":2},{"data":8000010,"x":20,"y":0,"loot_multiply_ver":2},{"data":8000000,"x":42,"y":42,"loot_multiply_ver":2},{"data":8000000,"x":26,"y":0,"loot_multiply_ver":2},{"data":8000007,"x":42,"y":1,"loot_multiply_ver":2},{"data":8000006,"x":23,"y":0,"loot_multiply_ver":2}],"traps":[{"data":12000002,"lvl":3,"x":30,"y":19},{"data":12000001,"lvl":0,"x":41,"y":15},{"data":12000001,"lvl":0,"x":18,"y":2},{"data":12000001,"lvl":0,"x":7,"y":10},{"data":12000002,"lvl":3,"x":23,"y":12},{"data":12000002,"lvl":3,"x":10,"y":15},{"data":12000001,"lvl":0,"x":7,"y":20},{"data":12000002,"lvl":3,"x":10,"y":27},{"data":12000002,"lvl":3,"x":15,"y":32},{"data":12000001,"lvl":0,"x":23,"y":36},{"data":12000000,"lvl":5,"x":7,"y":35},{"data":12000000,"lvl":5,"x":9,"y":36},{"data":12000000,"lvl":5,"x":28,"y":33},{"data":12000000,"lvl":5,"x":27,"y":32},{"data":12000000,"lvl":5,"x":27,"y":33},{"data":12000000,"lvl":5,"x":27,"y":34},{"data":12000001,"lvl":0,"x":32,"y":36},{"data":12000006,"lvl":2,"x":8,"y":36},{"data":12000006,"lvl":2,"x":9,"y":16},{"data":12000006,"lvl":2,"x":22,"y":36},{"data":12000006,"lvl":2,"x":16,"y":34},{"data":12000006,"lvl":2,"x":38,"y":9},{"data":12000005,"lvl":3,"x":7,"y":14},{"data":12000005,"lvl":3,"x":7,"y":24},{"data":12000005,"lvl":3,"x":28,"y":36},{"data":12000005,"lvl":3,"x":9,"y":28},{"data":12000005,"lvl":3,"x":34,"y":5}],"decos":[{"data":18000009,"x":35,"y":40},{"data":18000001,"x":4,"y":7},{"data":18000011,"x":36,"y":38},{"data":18000005,"x":6,"y":6},{"data":18000005,"x":13,"y":40},{"data":18000005,"x":10,"y":40},{"data":18000005,"x":4,"y":40},{"data":18000006,"x":33,"y":39},{"data":18000006,"x":20,"y":39},{"data":18000006,"x":15,"y":40},{"data":18000006,"x":2,"y":29},{"data":18000008,"x":31,"y":39},{"data":18000024,"x":11,"y":2},{"data":18000001,"x":2,"y":26},{"data":18000001,"x":2,"y":23},{"data":18000001,"x":2,"y":40},{"data":18000003,"x":7,"y":40},{"data":18000007,"x":28,"y":39},{"data":18000021,"x":39,"y":2},{"data":18000022,"x":37,"y":2},{"data":18000023,"x":35,"y":2},{"data":18000025,"x":8,"y":2},{"data":18000026,"x":2,"y":8},{"data":18000027,"x":2,"y":2},{"data":18000028,"x":2,"y":5},{"data":18000029,"x":8,"y":4},{"data":18000030,"x":2,"y":11},{"data":18000031,"x":2,"y":14},{"data":18000032,"x":2,"y":17},{"data":18000034,"x":6,"y":4},{"data":18000020,"x":40,"y":4},{"data":18000019,"x":40,"y":7},{"data":18000018,"x":40,"y":31},{"data":18000017,"x":34,"y":36},{"data":18000016,"x":37,"y":34},{"data":18000015,"x":37,"y":36},{"data":18000014,"x":40,"y":29},{"data":18000013,"x":40,"y":34},{"data":18000012,"x":40,"y":37},{"data":18000010,"x":14,"y":2},{"data":18000004,"x":5,"y":2},{"data":18000033,"x":2,"y":20},{"data":18000000,"x":4,"y":4},{"data":18000035,"x":38,"y":4},{"data":18000036,"x":38,"y":39}],"respawnVars":{"secondsFromLastRespawn":26790,"respawnSeed":-150285815,"obstacleClearCounter":2,"time_to_gembox_drop":83705,"time_in_gembox_period":468000},"cooldowns":[{"cooldown":3867100,"target":20000000},{"cooldown":12765393,"target":20000001}],"newShopBuildings":[4,0,7,4,7,4,4,1,6,7,250,4,4,3,1,5,0,0,0,4,1,3,1,3,1,1,2,2],"newShopTraps":[6,6,5,0,0,5,5,0],"newShopDecos":[1,4,0,1,1,4,4,1,1,1,1,1,1,1,1,1,1,1,1,1,1,1,1,1,1,1,1,1,1,1,1,1,1,1,1,1,1],"last_league_rank":16,"last_league_shuffle":1,"last_news_seen":81,"edit_mode_shown":true,"troop_req_msg":"pekka wizz please","war_req_msg":"one witch and other arch or barb pls","war_tutorials_seen":0,"war_base":false}