{"buildings":[{"data":1000001,"lvl":9,"x":20,"y":20,"l1x":20,"l1y":20},{"data":1000004,"lvl":10,"x":11,"y":9,"res_time":177167,"l1x":5,"l1y":15},{"data":1000000,"lvl":7,"x":30,"y":5,"units":[[4000006,9],[4000001,3],[4000011,1],[4000000,5]],"storage_type":0,"l1x":37,"l1y":28},{"data":1000015,"lvl":0,"x":38,"y":17,"l1x":7,"l1y":33},{"data":1000014,"lvl":5,"x":25,"y":21,"l1x":25,"l1y":25},{"data":1000008,"lvl":11,"x":38,"y":19,"l1x":34,"l1y":17},{"data":1000015,"lvl":0,"x":38,"y":22,"l1x":30,"l1y":13},{"data":1000002,"lvl":10,"boost_t":66287,"x":35,"y":9,"res_time":174683,"l1x":20,"l1y":5},{"data":1000003,"lvl":10,"x":15,"y":27,"l1x":24,"l1y":9},{"data":1000005,"lvl":10,"x":18,"y":7,"l1x":34,"l1y":20},{"data":1000006,"lvl":9,"x":8,"y":31,"unit_prod":{"unit_type":0,"t":0,"slots":[{"id":4000009,"cnt":1},{"id":4000004,"cnt":3}]},"l1x":30,"l1y":5},{"data":1000008,"lvl":11,"x":15,"y":7,"l1x":17,"l1y":34},{"data":1000009,"lvl":11,"x":34,"y":21,"l1x":34,"l1y":24},{"data":1000006,"lvl":9,"x":14,"y":3,"unit_prod":{"unit_type":0,"t":75,"slots":[{"id":4000009,"cnt":1},{"id":4000004,"cnt":3}]},"l1x":25,"l1y":5},{"data":1000010,"lvl":10,"x":8,"y":26,"l1x":17,"l1y":26},{"data":1000010,"lvl":9,"x":8,"y":22,"l1x":9,"l1y":15},{"data":1000010,"lvl":10,"x":27,"y":6,"l1x":18,"l1y":26},{"data":1000010,"lvl":9,"x":8,"y":20,"l1x":25,"l1y":8},{"data":1000010,"lvl":9,"x":35,"y":17,"l1x":24,"l1y":8},{"data":1000010,"lvl":9,"x":8,"y":21,"l1x":34,"l1y":27},{"data":1000004,"lvl":10,"x":11,"y":5,"res_time":177167,"l1x":37,"l1y":24},{"data":1000010,"lvl":9,"x":22,"y":17,"l1x":35,"l1y":27},{"data":1000010,"lvl":9,"x":17,"y":33,"l1x":23,"l1y":8},{"data":1000010,"lvl":9,"x":16,"y":33,"l1x":36,"l1y":27},{"data":1000010,"lvl":9,"x":15,"y":33,"l1x":37,"l1y":27},{"data":1000010,"lvl":9,"x":14,"y":33,"l1x":38,"l1y":27},{"data":1000010,"lvl":10,"x":13,"y":33,"l1x":39,"l1y":27},{"data":1000002,"lvl":10,"boost_t":66281,"x":5,"y":19,"res_time":174675,"l1x":15,"l1y":5},{"data":1000010,"lvl":9,"x":27,"y":37,"l1x":40,"l1y":27},{"data":1000010,"lvl":8,"x":8,"y":23,"l1x":40,"l1y":26},{"data":1000010,"lvl":8,"x":33,"y":29,"l1x":40,"l1y":25},{"data":1000010,"lvl":9,"x":29,"y":36,"l1x":22,"l1y":8},{"data":1000010,"lvl":8,"x":34,"y":24,"l1x":40,"l1y":24},{"data":1000010,"lvl":9,"x":29,"y":37,"l1x":21,"l1y":8},{"data":1000010,"lvl":8,"x":31,"y":31,"l1x":40,"l1y":23},{"data":1000010,"lvl":9,"x":28,"y":37,"l1x":20,"l1y":8},{"data":1000010,"lvl":9,"x":11,"y":31,"l1x":19,"l1y":8},{"data":1000010,"lvl":9,"x":11,"y":30,"l1x":18,"l1y":8},{"data":1000010,"lvl":9,"x":11,"y":29,"l1x":17,"l1y":8},{"data":1000010,"lvl":9,"x":11,"y":28,"l1x":16,"l1y":8},{"data":1000010,"lvl":9,"x":11,"y":27,"l1x":15,"l1y":8},{"data":1000010,"lvl":9,"x":14,"y":6,"l1x":14,"l1y":8},{"data":1000010,"lvl":9,"x":16,"y":37,"l1x":13,"l1y":8},{"data":1000010,"lvl":9,"x":25,"y":6,"l1x":12,"l1y":8},{"data":1000010,"lvl":9,"x":24,"y":6,"l1x":11,"l1y":8},{"data":1000010,"lvl":9,"x":23,"y":6,"l1x":10,"l1y":8},{"data":1000010,"lvl":9,"x":22,"y":6,"l1x":9,"l1y":8},{"data":1000010,"lvl":9,"x":21,"y":6,"l1x":8,"l1y":8},{"data":1000010,"lvl":9,"x":20,"y":6,"l1x":8,"l1y":9},{"data":1000010,"lvl":8,"x":30,"y":31,"l1x":40,"l1y":22},{"data":1000010,"lvl":9,"x":19,"y":6,"l1x":40,"l1y":21},{"data":1000005,"lvl":10,"x":27,"y":25,"l1x":20,"l1y":34},{"data":1000000,"lvl":7,"x":33,"y":12,"units":[[4000010,2],[4000004,1],[4000001,4],[4000006,4],[4000013,1],[4000011,1]],"storage_type":0,"l1x":28,"l1y":37},{"data":1000010,"lvl":9,"x":18,"y":6,"l1x":8,"l1y":10},{"data":1000010,"lvl":9,"x":17,"y":6,"l1x":40,"l1y":20},{"data":1000010,"lvl":9,"x":37,"y":17,"l1x":40,"l1y":19},{"data":1000010,"lvl":9,"x":36,"y":17,"l1x":40,"l1y":18},{"data":1000010,"lvl":9,"x":37,"y":18,"l1x":40,"l1y":17},{"data":1000010,"lvl":9,"x":37,"y":19,"l1x":40,"l1y":16},{"data":1000010,"lvl":9,"x":37,"y":20,"l1x":8,"l1y":11},{"data":1000010,"lvl":9,"x":14,"y":9,"l1x":8,"l1y":12},{"data":1000010,"lvl":9,"x":14,"y":10,"l1x":8,"l1y":13},{"data":1000010,"lvl":9,"x":14,"y":11,"l1x":8,"l1y":14},{"data":1000010,"lvl":10,"x":12,"y":33,"l1x":8,"l1y":15},{"data":1000010,"lvl":10,"x":11,"y":12,"l1x":8,"l1y":16},{"data":1000010,"lvl":9,"x":16,"y":36,"l1x":8,"l1y":17},{"data":1000010,"lvl":9,"x":18,"y":37,"l1x":8,"l1y":18},{"data":1000010,"lvl":9,"x":17,"y":37,"l1x":8,"l1y":19},{"data":1000004,"lvl":10,"x":38,"y":25,"res_time":176930,"l1x":37,"l1y":17},{"data":1000002,"lvl":10,"boost_t":66270,"x":35,"y":27,"res_time":174681,"l1x":10,"l1y":5},{"data":1000013,"lvl":7,"x":14,"y":13,"l1x":28,"l1y":28},{"data":1000006,"lvl":9,"x":19,"y":3,"unit_prod":{"unit_type":0,"t":0,"slots":[{"id":4000006,"cnt":7}]},"l1x":5,"l1y":30},{"data":1000007,"lvl":7,"x":6,"y":14,"l1x":32,"l1y":32},{"data":1000009,"lvl":12,"x":21,"y":7,"l1x":24,"l1y":34},{"data":1000010,"lvl":9,"x":27,"y":9,"l1x":8,"l1y":20},{"data":1000010,"lvl":9,"x":32,"y":10,"l1x":8,"l1y":21},{"data":1000010,"lvl":9,"x":32,"y":12,"l1x":8,"l1y":22},{"data":1000010,"lvl":9,"x":29,"y":31,"l1x":8,"l1y":23},{"data":1000010,"lvl":9,"x":28,"y":31,"l1x":8,"l1y":24},{"data":1000010,"lvl":9,"x":27,"y":31,"l1x":8,"l1y":25},{"data":1000010,"lvl":9,"x":25,"y":31,"l1x":8,"l1y":26},{"data":1000010,"lvl":9,"x":24,"y":31,"l1x":8,"l1y":27},{"data":1000010,"lvl":9,"x":26,"y":31,"l1x":8,"l1y":28},{"data":1000010,"lvl":9,"x":23,"y":31,"l1x":8,"l1y":29},{"data":1000010,"lvl":9,"x":26,"y":30,"l1x":8,"l1y":30},{"data":1000010,"lvl":9,"x":26,"y":29,"l1x":8,"l1y":31},{"data":1000010,"lvl":9,"x":26,"y":28,"l1x":8,"l1y":32},{"data":1000010,"lvl":9,"x":26,"y":27,"l1x":9,"l1y":32},{"data":1000010,"lvl":9,"x":26,"y":26,"l1x":10,"l1y":32},{"data":1000010,"lvl":9,"x":26,"y":25,"l1x":11,"l1y":32},{"data":1000010,"lvl":9,"x":21,"y":33,"l1x":30,"l1y":12},{"data":1000010,"lvl":9,"x":20,"y":33,"l1x":32,"l1y":12},{"data":1000010,"lvl":9,"x":19,"y":33,"l1x":31,"l1y":12},{"data":1000010,"lvl":9,"x":31,"y":10,"l1x":39,"l1y":16},{"data":1000010,"lvl":9,"x":18,"y":33,"l1x":38,"l1y":16},{"data":1000010,"lvl":9,"x":34,"y":17,"l1x":37,"l1y":16},{"data":1000010,"lvl":8,"x":16,"y":34,"l1x":36,"l1y":16},{"data":1000010,"lvl":9,"x":18,"y":32,"l1x":32,"l1y":13},{"data":1000010,"lvl":9,"x":18,"y":31,"l1x":35,"l1y":16},{"data":1000003,"lvl":10,"x":26,"y":11,"l1x":9,"l1y":24},{"data":1000012,"lvl":7,"x":19,"y":30,"l1x":30,"l1y":20},{"data":1000004,"lvl":10,"x":36,"y":31,"res_time":179237,"l1x":24,"l1y":37},{"data":1000002,"lvl":10,"boost_t":66272,"x":30,"y":38,"res_time":178472,"l1x":5,"l1y":20},{"data":1000008,"lvl":11,"x":17,"y":34,"l1x":27,"l1y":22},{"data":1000009,"lvl":11,"x":9,"y":23,"l1x":29,"l1y":9},{"data":1000010,"lvl":9,"x":18,"y":30,"l1x":28,"l1y":12},{"data":1000010,"lvl":9,"x":18,"y":28,"l1x":32,"l1y":14},{"data":1000010,"lvl":9,"x":18,"y":27,"l1x":29,"l1y":14},{"data":1000010,"lvl":9,"x":18,"y":29,"l1x":29,"l1y":13},{"data":1000010,"lvl":9,"x":22,"y":33,"l1x":29,"l1y":12},{"data":1000010,"lvl":9,"x":22,"y":32,"l1x":27,"l1y":12},{"data":1000010,"lvl":9,"x":22,"y":31,"l1x":26,"l1y":12},{"data":1000010,"lvl":9,"x":22,"y":30,"l1x":25,"l1y":12},{"data":1000010,"lvl":9,"x":22,"y":29,"l1x":24,"l1y":12},{"data":1000010,"lvl":9,"x":22,"y":27,"l1x":23,"l1y":12},{"data":1000010,"lvl":8,"x":16,"y":35,"l1x":34,"l1y":16},{"data":1000010,"lvl":9,"x":22,"y":28,"l1x":22,"l1y":12},{"data":1000010,"lvl":9,"x":35,"y":24,"l1x":21,"l1y":12},{"data":1000010,"lvl":9,"x":10,"y":18,"l1x":27,"l1y":39},{"data":1000010,"lvl":9,"x":10,"y":17,"l1x":16,"l1y":39},{"data":1000010,"lvl":8,"x":33,"y":26,"l1x":27,"l1y":38},{"data":1000010,"lvl":9,"x":10,"y":16,"l1x":20,"l1y":12},{"data":1000010,"lvl":8,"x":33,"y":25,"l1x":27,"l1y":37},{"data":1000010,"lvl":9,"x":10,"y":15,"l1x":29,"l1y":15},{"data":1000010,"lvl":9,"x":15,"y":6,"l1x":30,"l1y":15},{"data":1000010,"lvl":8,"x":33,"y":28,"l1x":27,"l1y":36},{"data":1000010,"lvl":8,"x":33,"y":27,"l1x":27,"l1y":35},{"data":1000010,"lvl":8,"x":19,"y":37,"l1x":27,"l1y":34},{"data":1000010,"lvl":9,"x":14,"y":8,"l1x":31,"l1y":15},{"data":1000010,"lvl":9,"x":17,"y":12,"l1x":32,"l1y":15},{"data":1000000,"lvl":7,"x":31,"y":32,"units":[[4000004,5],[4000011,2],[4000009,2]],"storage_type":0,"l1x":34,"l1y":10},{"data":1000002,"lvl":10,"boost_t":66275,"x":26,"y":38,"res_time":178471,"l1x":5,"l1y":10},{"data":1000011,"lvl":7,"x":9,"y":20,"l1x":17,"l1y":9},{"data":1000004,"lvl":10,"x":12,"y":27,"res_time":177186,"l1x":17,"l1y":37},{"data":1000010,"lvl":9,"x":16,"y":12,"l1x":33,"l1y":15},{"data":1000010,"lvl":9,"x":15,"y":12,"l1x":27,"l1y":40},{"data":1000010,"lvl":9,"x":14,"y":12,"l1x":33,"l1y":16},{"data":1000010,"lvl":9,"x":13,"y":12,"l1x":26,"l1y":40},{"data":1000010,"lvl":9,"x":16,"y":6,"l1x":25,"l1y":40},{"data":1000010,"lvl":9,"x":25,"y":16,"l1x":33,"l1y":17},{"data":1000010,"lvl":9,"x":25,"y":15,"l1x":33,"l1y":18},{"data":1000010,"lvl":9,"x":25,"y":14,"l1x":33,"l1y":19},{"data":1000010,"lvl":8,"x":20,"y":37,"l1x":24,"l1y":40},{"data":1000010,"lvl":9,"x":25,"y":13,"l1x":33,"l1y":20},{"data":1000010,"lvl":9,"x":25,"y":12,"l1x":33,"l1y":21},{"data":1000010,"lvl":9,"x":25,"y":11,"l1x":33,"l1y":22},{"data":1000010,"lvl":9,"x":26,"y":10,"l1x":33,"l1y":23},{"data":1000010,"lvl":9,"x":25,"y":10,"l1x":33,"l1y":24},{"data":1000010,"lvl":8,"x":21,"y":37,"l1x":23,"l1y":40},{"data":1000010,"lvl":9,"x":24,"y":10,"l1x":33,"l1y":25},{"data":1000010,"lvl":9,"x":23,"y":10,"l1x":33,"l1y":26},{"data":1000010,"lvl":9,"x":22,"y":10,"l1x":33,"l1y":27},{"data":1000010,"lvl":9,"x":21,"y":10,"l1x":33,"l1y":28},{"data":1000010,"lvl":9,"x":20,"y":12,"l1x":32,"l1y":28},{"data":1000010,"lvl":9,"x":19,"y":12,"l1x":31,"l1y":28},{"data":1000010,"lvl":9,"x":18,"y":12,"l1x":31,"l1y":29},{"data":1000010,"lvl":9,"x":14,"y":7,"l1x":31,"l1y":30},{"data":1000010,"lvl":9,"x":17,"y":13,"l1x":31,"l1y":31},{"data":1000010,"lvl":9,"x":17,"y":14,"l1x":30,"l1y":31},{"data":1000013,"lvl":7,"x":12,"y":30,"l1x":17,"l1y":23},{"data":1000002,"lvl":10,"boost_t":66277,"x":21,"y":38,"res_time":178469,"l1x":20,"l1y":9},{"data":1000004,"lvl":10,"x":23,"y":34,"res_time":179236,"l1x":33,"l1y":6},{"data":1000011,"lvl":7,"x":34,"y":18,"l1x":9,"l1y":17},{"data":1000015,"lvl":0,"x":17,"y":10,"l1x":31,"l1y":25},{"data":1000020,"lvl":4,"x":7,"y":11,"units":[[26000002,2],[26000005,2],[26000003,1]],"storage_type":1,"unit_prod":{"unit_type":1},"l1x":5,"l1y":5},{"data":1000000,"lvl":7,"x":11,"y":35,"units":[[4000013,2]],"storage_type":0,"l1x":10,"l1y":34},{"data":1000010,"lvl":9,"x":17,"y":15,"l1x":29,"l1y":31},{"data":1000010,"lvl":9,"x":17,"y":16,"l1x":28,"l1y":31},{"data":1000010,"lvl":9,"x":17,"y":17,"l1x":28,"l1y":32},{"data":1000010,"lvl":8,"x":22,"y":37,"l1x":22,"l1y":40},{"data":1000010,"lvl":9,"x":17,"y":18,"l1x":28,"l1y":33},{"data":1000010,"lvl":8,"x":23,"y":37,"l1x":21,"l1y":40},{"data":1000010,"lvl":8,"x":24,"y":37,"l1x":20,"l1y":40},{"data":1000010,"lvl":8,"x":25,"y":37,"l1x":19,"l1y":40},{"data":1000010,"lvl":8,"x":26,"y":37,"l1x":18,"l1y":40},{"data":1000010,"lvl":8,"x":18,"y":26,"l1x":17,"l1y":40},{"data":1000010,"lvl":8,"x":19,"y":26,"l1x":16,"l1y":40},{"data":1000010,"lvl":9,"x":21,"y":11,"l1x":27,"l1y":33},{"data":1000010,"lvl":8,"x":21,"y":19,"l1x":16,"l1y":38},{"data":1000010,"lvl":9,"x":21,"y":12,"l1x":26,"l1y":33},{"data":1000010,"lvl":9,"x":21,"y":13,"l1x":25,"l1y":33},{"data":1000010,"lvl":9,"x":21,"y":14,"l1x":16,"l1y":37},{"data":1000010,"lvl":10,"x":10,"y":14,"l1x":19,"l1y":26},{"data":1000010,"lvl":8,"x":20,"y":26,"l1x":16,"l1y":36},{"data":1000010,"lvl":9,"x":21,"y":15,"l1x":24,"l1y":33},{"data":1000010,"lvl":9,"x":21,"y":16,"l1x":16,"l1y":35},{"data":1000010,"lvl":8,"x":29,"y":32,"l1x":16,"l1y":34},{"data":1000010,"lvl":9,"x":12,"y":20,"l1x":23,"l1y":33},{"data":1000010,"lvl":8,"x":29,"y":33,"l1x":32,"l1y":11},{"data":1000010,"lvl":8,"x":29,"y":34,"l1x":32,"l1y":10},{"data":1000010,"lvl":8,"x":29,"y":35,"l1x":32,"l1y":9},{"data":1000006,"lvl":9,"x":24,"y":3,"unit_prod":{"unit_type":0,"t":0,"slots":[{"id":4000006,"cnt":6}]},"l1x":5,"l1y":25},{"data":1000008,"lvl":11,"x":30,"y":25,"l1x":28,"l1y":25},{"data":1000008,"lvl":11,"x":29,"y":14,"l1x":25,"l1y":28},{"data":1000009,"lvl":11,"x":29,"y":11,"l1x":9,"l1y":9},{"data":1000012,"lvl":7,"x":22,"y":11,"l1x":21,"l1y":30},{"data":1000013,"lvl":7,"x":27,"y":28,"l1x":23,"l1y":17},{"data":1000019,"lvl":7,"x":20,"y":24,"l1x":24,"l1y":20},{"data":1000019,"lvl":7,"x":22,"y":18,"l1x":24,"l1y":22},{"data":1000024,"lvl":5,"x":26,"y":14,"l1x":13,"l1y":13},{"data":1000003,"lvl":10,"x":23,"y":25,"l1x":25,"l1y":13},{"data":1000010,"lvl":9,"x":12,"y":21,"l1x":22,"l1y":33},{"data":1000010,"lvl":9,"x":12,"y":22,"l1x":21,"l1y":33},{"data":1000010,"lvl":9,"x":12,"y":23,"l1x":20,"l1y":33},{"data":1000010,"lvl":9,"x":12,"y":24,"l1x":19,"l1y":33},{"data":1000010,"lvl":9,"x":33,"y":24,"l1x":18,"l1y":33},{"data":1000010,"lvl":9,"x":12,"y":25,"l1x":17,"l1y":33},{"data":1000010,"lvl":9,"x":32,"y":24,"l1x":16,"l1y":33},{"data":1000010,"lvl":9,"x":31,"y":24,"l1x":13,"l1y":32},{"data":1000010,"lvl":9,"x":30,"y":24,"l1x":14,"l1y":32},{"data":1000010,"lvl":8,"x":27,"y":10,"l1x":32,"l1y":8},{"data":1000010,"lvl":9,"x":29,"y":24,"l1x":15,"l1y":33},{"data":1000010,"lvl":9,"x":28,"y":24,"l1x":12,"l1y":32},{"data":1000010,"lvl":9,"x":27,"y":24,"l1x":12,"l1y":31},{"data":1000010,"lvl":9,"x":12,"y":19,"l1x":15,"l1y":32},{"data":1000010,"lvl":9,"x":13,"y":19,"l1x":15,"l1y":31},{"data":1000010,"lvl":9,"x":14,"y":19,"l1x":15,"l1y":30},{"data":1000010,"lvl":9,"x":15,"y":19,"l1x":15,"l1y":29},{"data":1000010,"lvl":9,"x":16,"y":19,"l1x":14,"l1y":29},{"data":1000010,"lvl":9,"x":17,"y":19,"l1x":13,"l1y":29},{"data":1000010,"lvl":9,"x":18,"y":19,"l1x":12,"l1y":30},{"data":1000010,"lvl":9,"x":31,"y":18,"l1x":12,"l1y":29},{"data":1000010,"lvl":9,"x":31,"y":19,"l1x":12,"l1y":28},{"data":1000010,"lvl":9,"x":31,"y":20,"l1x":12,"l1y":27},{"data":1000010,"lvl":9,"x":31,"y":21,"l1x":12,"l1y":26},{"data":1000010,"lvl":9,"x":31,"y":22,"l1x":12,"l1y":25},{"data":1000010,"lvl":9,"x":31,"y":23,"l1x":12,"l1y":24},{"data":1000010,"lvl":8,"x":28,"y":10,"l1x":31,"l1y":8},{"data":1000010,"lvl":9,"x":33,"y":17,"l1x":12,"l1y":23},{"data":1000010,"lvl":8,"x":29,"y":10,"l1x":30,"l1y":8},{"data":1000010,"lvl":10,"x":10,"y":13,"l1x":26,"l1y":17},{"data":1000010,"lvl":8,"x":30,"y":10,"l1x":29,"l1y":8},{"data":1000010,"lvl":8,"x":19,"y":19,"l1x":28,"l1y":8},{"data":1000010,"lvl":8,"x":21,"y":26,"l1x":27,"l1y":8},{"data":1000010,"lvl":9,"x":32,"y":17,"l1x":12,"l1y":22},{"data":1000010,"lvl":8,"x":20,"y":19,"l1x":26,"l1y":8},{"data":1000010,"lvl":9,"x":31,"y":17,"l1x":12,"l1y":21},{"data":1000010,"lvl":9,"x":30,"y":17,"l1x":12,"l1y":20},{"data":1000010,"lvl":8,"x":17,"y":26,"l1x":11,"l1y":23},{"data":1000010,"lvl":9,"x":29,"y":17,"l1x":15,"l1y":19},{"data":1000010,"lvl":9,"x":28,"y":17,"l1x":14,"l1y":19},{"data":1000010,"lvl":10,"x":12,"y":12,"l1x":26,"l1y":18},{"data":1000010,"lvl":9,"x":27,"y":17,"l1x":13,"l1y":19},{"data":1000010,"lvl":10,"x":37,"y":21,"l1x":26,"l1y":19},{"data":1000010,"lvl":9,"x":26,"y":17,"l1x":12,"l1y":19},{"data":1000010,"lvl":9,"x":32,"y":11,"l1x":12,"l1y":18},{"data":1000010,"lvl":8,"x":32,"y":13,"l1x":10,"l1y":23},{"data":1000010,"lvl":8,"x":32,"y":14,"l1x":9,"l1y":23},{"data":1000010,"lvl":10,"x":37,"y":22,"l1x":26,"l1y":20},{"data":1000010,"lvl":9,"x":16,"y":26,"l1x":12,"l1y":17},{"data":1000010,"lvl":10,"x":37,"y":23,"l1x":26,"l1y":21},{"data":1000005,"lvl":10,"x":20,"y":34,"l1x":13,"l1y":16},{"data":1000009,"lvl":12,"x":26,"y":34,"l1x":9,"l1y":29},{"data":1000011,"lvl":7,"x":30,"y":28,"l1x":30,"l1y":16},{"data":1000019,"lvl":7,"x":38,"y":28,"l1x":20,"l1y":24},{"data":1000005,"lvl":10,"x":13,"y":20,"l1x":16,"l1y":13},{"data":1000010,"lvl":9,"x":15,"y":26,"l1x":12,"l1y":16},{"data":1000010,"lvl":8,"x":32,"y":15,"l1x":23,"l1y":11},{"data":1000010,"lvl":9,"x":14,"y":26,"l1x":12,"l1y":15},{"data":1000010,"lvl":8,"x":32,"y":16,"l1x":23,"l1y":10},{"data":1000010,"lvl":9,"x":13,"y":26,"l1x":23,"l1y":9},{"data":1000010,"lvl":9,"x":12,"y":26,"l1x":12,"l1y":14},{"data":1000010,"lvl":10,"x":37,"y":24,"l1x":12,"l1y":13},{"data":1000010,"lvl":10,"x":10,"y":12,"l1x":26,"l1y":22},{"data":1000010,"lvl":9,"x":11,"y":26,"l1x":12,"l1y":12},{"data":1000010,"lvl":10,"x":8,"y":25,"l1x":26,"l1y":23},{"data":1000010,"lvl":10,"x":11,"y":32,"l1x":26,"l1y":24},{"data":1000010,"lvl":9,"x":24,"y":18,"l1x":13,"l1y":12},{"data":1000010,"lvl":9,"x":10,"y":26,"l1x":14,"l1y":12},{"data":1000010,"lvl":9,"x":11,"y":19,"l1x":15,"l1y":12},{"data":1000010,"lvl":9,"x":10,"y":19,"l1x":16,"l1y":12},{"data":1000010,"lvl":10,"x":27,"y":8,"l1x":25,"l1y":24},{"data":1000010,"lvl":9,"x":9,"y":19,"l1x":17,"l1y":12},{"data":1000010,"lvl":9,"x":8,"y":19,"l1x":18,"l1y":12},{"data":1000010,"lvl":9,"x":21,"y":18,"l1x":19,"l1y":12},{"data":1000010,"lvl":9,"x":23,"y":17,"l1x":19,"l1y":13},{"data":1000010,"lvl":10,"x":26,"y":6,"l1x":20,"l1y":26},{"data":1000010,"lvl":9,"x":24,"y":17,"l1x":19,"l1y":14},{"data":1000010,"lvl":9,"x":25,"y":17,"l1x":19,"l1y":15},{"data":1000010,"lvl":9,"x":19,"y":20,"l1x":16,"l1y":25},{"data":1000010,"lvl":9,"x":19,"y":21,"l1x":16,"l1y":24},{"data":1000009,"lvl":12,"x":11,"y":13,"l1x":20,"l1y":17},{"data":1000003,"lvl":10,"x":18,"y":16,"l1x":13,"l1y":25},{"data":1000012,"lvl":7,"x":13,"y":23,"l1x":20,"l1y":13},{"data":1000019,"lvl":7,"x":27,"y":32,"l1x":22,"l1y":24},{"data":1000021,"lvl":3,"x":23,"y":28,"attack_mode":false,"attack_mode_war":true,"attack_mode_draft":false,"attack_mode_draft_war":true,"ammo":1500,"l1x":27,"l1y":16},{"data":1000022,"lvl":0,"x":22,"y":14,"l1x":19,"l1y":27},{"data":1000026,"lvl":5,"x":5,"y":23,"unit_prod":{"unit_type":0,"t":63,"slots":[{"id":4000013,"cnt":1},{"id":4000011,"cnt":4}]},"l1x":34,"l1y":28},{"data":1000015,"lvl":0,"x":32,"y":18,"l1x":25,"l1y":31},{"data":1000015,"lvl":0,"x":32,"y":22,"l1x":13,"l1y":30},{"data":1000021,"lvl":3,"x":16,"y":20,"attack_mode":false,"attack_mode_war":true,"attack_mode_draft":false,"attack_mode_draft_war":true,"ammo":1500,"l1x":16,"l1y":27},{"data":1000023,"lvl":5,"x":11,"y":16,"res_time":54947,"l1x":12,"l1y":9},{"data":1000025,"lvl":0,"x":19,"y":27,"l1x":27,"l1y":19},{"data":1000023,"lvl":5,"x":24,"y":7,"res_time":54946,"l1x":37,"l1y":21},{"data":1000010,"lvl":9,"x":19,"y":22,"l1x":16,"l1y":23},{"data":1000010,"lvl":10,"x":27,"y":7,"l1x":16,"l1y":22},{"data":1000010,"lvl":9,"x":19,"y":23,"l1x":16,"l1y":21},{"data":1000010,"lvl":10,"x":9,"y":26,"l1x":21,"l1y":26},{"data":1000010,"lvl":9,"x":19,"y":24,"l1x":16,"l1y":20},{"data":1000010,"lvl":9,"x":19,"y":25,"l1x":16,"l1y":19},{"data":1000010,"lvl":9,"x":26,"y":24,"l1x":16,"l1y":18},{"data":1000010,"lvl":9,"x":25,"y":24,"l1x":16,"l1y":17},{"data":1000010,"lvl":9,"x":24,"y":24,"l1x":16,"l1y":16},{"data":1000010,"lvl":10,"x":11,"y":33,"l1x":22,"l1y":26},{"data":1000010,"lvl":9,"x":22,"y":25,"l1x":17,"l1y":16},{"data":1000010,"lvl":9,"x":23,"y":24,"l1x":18,"l1y":16},{"data":1000010,"lvl":9,"x":21,"y":17,"l1x":19,"l1y":16},{"data":1000010,"lvl":10,"x":36,"y":24,"l1x":23,"l1y":26},{"data":1000010,"lvl":9,"x":22,"y":26,"l1x":20,"l1y":16},{"data":1000010,"lvl":10,"x":33,"y":30,"l1x":24,"l1y":26},{"data":1000010,"lvl":9,"x":22,"y":24,"l1x":21,"l1y":16},{"data":1000010,"lvl":9,"x":24,"y":19,"l1x":22,"l1y":16},{"data":1000010,"lvl":9,"x":24,"y":20,"l1x":23,"l1y":16},{"data":1000010,"lvl":9,"x":24,"y":21,"l1x":24,"l1y":16},{"data":1000010,"lvl":9,"x":24,"y":22,"l1x":25,"l1y":16},{"data":1000010,"lvl":9,"x":24,"y":23,"l1x":26,"l1y":16},{"data":1000010,"lvl":10,"x":33,"y":31,"l1x":24,"l1y":25},{"data":1000010,"lvl":10,"x":32,"y":31,"l1x":16,"l1y":26},{"data":1000010,"lvl":10,"x":8,"y":24,"l1x":24,"l1y":24},{"data":1000026,"lvl":4,"x":8,"y":28,"unit_prod":{"unit_type":0,"t":0,"slots":[{"id":4000013,"cnt":2}]},"l1x":28,"l1y":34},{"data":1000011,"lvl":7,"x":18,"y":13,"l1x":16,"l1y":30},{"data":1000012,"lvl":7,"x":28,"y":21,"l1x":13,"l1y":20},{"data":1000008,"lvl":11,"x":14,"y":16,"l1x":22,"l1y":27},{"data":1000009,"lvl":12,"x":15,"y":30,"l1x":17,"l1y":20},{"data":1000023,"lvl":5,"x":8,"y":8,"res_time":54946,"l1x":21,"l1y":37},{"data":1000021,"lvl":3,"x":28,"y":18,"attack_mode":false,"attack_mode_war":true,"attack_mode_draft":false,"attack_mode_draft_war":true,"ammo":1500,"l1x":17,"l1y":17},{"data":1000027,"lvl":2,"x":25,"y":18,"attack_mode":false,"attack_mode_war":true,"attack_mode_draft":false,"attack_mode_draft_war":true,"ammo":750,"l1x":23,"l1y":14},{"data":1000027,"lvl":2,"x":17,"y":24,"attack_mode":false,"attack_mode_war":true,"attack_mode_draft":false,"attack_mode_draft_war":true,"ammo":750,"l1x":14,"l1y":23},{"data":1000002,"lvl":10,"boost_t":66279,"x":17,"y":38,"res_time":178469,"l1x":9,"l1y":20},{"data":1000004,"lvl":10,"x":27,"y":3,"res_time":176925,"l1x":9,"l1y":12}],"obstacles":[],"traps":[{"data":12000001,"lvl":0,"x":29,"y":38,"l1x":35,"l1y":23},{"data":12000001,"lvl":0,"x":16,"y":38,"l1x":10,"l1y":28},{"data":12000005,"lvl":3,"x":33,"y":11,"l1x":23,"l1y":13},{"data":12000006,"lvl":2,"x":8,"y":18,"l1x":14,"l1y":28},{"data":12000006,"lvl":2,"x":15,"y":11,"l1x":28,"l1y":15},{"data":12000006,"lvl":2,"x":28,"y":9,"l1x":27,"l1y":31},{"data":12000001,"lvl":0,"x":33,"y":10,"l1x":24,"l1y":30},{"data":12000005,"lvl":3,"x":34,"y":25,"l1x":32,"l1y":27},{"data":12000005,"lvl":3,"x":7,"y":22,"l1x":27,"l1y":32},{"data":12000005,"lvl":3,"x":12,"y":4,"l1x":32,"l1y":24},{"data":12000001,"lvl":0,"x":7,"y":26,"l1x":31,"l1y":19},{"data":12000001,"lvl":0,"x":24,"y":38,"l1x":27,"l1y":10},{"data":12000006,"lvl":2,"x":34,"y":27,"l1x":31,"l1y":27},{"data":12000002,"lvl":3,"x":28,"y":7,"l1x":32,"l1y":29},{"data":12000000,"lvl":5,"x":40,"y":28,"l1x":23,"l1y":34},{"data":12000000,"lvl":5,"x":39,"y":30,"l1x":23,"l1y":35},{"data":12000000,"lvl":5,"x":41,"y":20,"l1x":23,"l1y":36},{"data":12000000,"lvl":5,"x":41,"y":19,"l1x":37,"l1y":20},{"data":12000000,"lvl":5,"x":40,"y":30,"l1x":39,"l1y":20},{"data":12000000,"lvl":5,"x":40,"y":29,"l1x":38,"l1y":20},{"data":12000001,"lvl":0,"x":10,"y":34,"l1x":20,"l1y":31},{"data":12000002,"lvl":3,"x":36,"y":25,"l1x":30,"l1y":32},{"data":12000002,"lvl":3,"x":19,"y":10,"l1x":15,"l1y":10},{"data":12000002,"lvl":3,"x":32,"y":20,"l1x":10,"l1y":15},{"data":12000002,"lvl":3,"x":24,"y":32,"l1x":30,"l1y":23},{"data":12000005,"lvl":3,"x":15,"y":34,"l1x":19,"l1y":31},{"data":12000006,"lvl":2,"x":26,"y":32,"l1x":24,"l1y":32}],"decos":[{"data":18000010,"x":35,"y":5,"l1x":36,"l1y":36},{"data":18000033,"x":37,"y":7,"l1x":36,"l1y":33},{"data":18000000,"x":37,"y":5,"l1x":33,"l1y":36},{"data":18000001,"x":4,"y":11,"l1x":40,"l1y":40},{"data":18000001,"x":9,"y":6,"l1x":2,"l1y":2},{"data":18000001,"x":39,"y":5,"l1x":40,"l1y":2},{"data":18000023,"x":35,"y":7,"l1x":2,"l1y":40}],"respawnVars":{"secondsFromLastRespawn":25302,"respawnSeed":-1895072042,"obstacleClearCounter":3,"time_to_gembox_drop":857361,"time_in_gembox_period":165600},"cooldowns":[{"cooldown":3547397,"target":20000000}],"newShopBuildings":[4,0,7,4,7,4,4,1,6,7,250,4,4,3,1,5,0,0,0,4,1,3,1,3,1,1,2,2],"newShopTraps":[6,6,5,0,0,5,5,0],"newShopDecos":[1,4,0,1,1,4,4,1,1,1,1,1,1,1,1,1,1,1,1,1,1,1,1,1,1,1,1,1,1,1,1,1,1,1,1,1,1],"last_league_rank":16,"last_league_shuffle":1,"last_news_seen":81,"edit_mode_shown":true,"troop_req_msg":"witch thanks bro","war_req_msg":"wz nhe ae","war_tutorials_seen":0,"war_base":true}