{"buildings":[{"data":1000001,"lvl":9,"x":37,"y":37,"l1x":20,"l1y":20},{"data":1000004,"lvl":10,"x":18,"y":38,"res_time":23522,"l1x":28,"l1y":2},{"data":1000000,"lvl":7,"x":8,"y":34,"units":[[4000000,6],[4000004,12],[4000015,2],[4000001,2],[4000006,1]],"storage_type":0,"l1x":31,"l1y":4},{"data":1000015,"lvl":0,"x":6,"y":18,"l1x":10,"l1y":10},{"data":1000014,"lvl":5,"x":21,"y":21,"l1x":25,"l1y":25},{"data":1000008,"lvl":11,"x":19,"y":33,"l1x":21,"l1y":34},{"data":1000015,"lvl":0,"x":10,"y":10,"l1x":29,"l1y":10},{"data":1000002,"lvl":10,"x":34,"y":22,"res_time":179286,"l1x":13,"l1y":9},{"data":1000003,"lvl":10,"x":28,"y":22,"l1x":31,"l1y":21},{"data":1000005,"lvl":10,"x":22,"y":37,"l1x":25,"l1y":34},{"data":1000006,"lvl":9,"x":5,"y":21,"unit_prod":{"unit_type":0,"t":66,"slots":[{"id":4000004,"cnt":13}]},"l1x":16,"l1y":6},{"data":1000002,"lvl":10,"x":34,"y":31,"res_time":179288,"l1x":9,"l1y":13},{"data":1000009,"lvl":12,"x":27,"y":31,"l1x":21,"l1y":6},{"data":1000006,"lvl":9,"boost_t":2109,"x":7,"y":25,"unit_prod":{"unit_type":0,"t":263,"slots":[{"id":4000006,"cnt":6}]},"l1x":6,"l1y":16},{"data":1000008,"lvl":11,"x":28,"y":25,"l1x":29,"l1y":34},{"data":1000010,"lvl":10,"x":13,"y":28,"l1x":20,"l1y":14},{"data":1000010,"lvl":10,"x":12,"y":28,"l1x":17,"l1y":14},{"data":1000010,"lvl":10,"x":11,"y":28,"l1x":14,"l1y":17},{"data":1000010,"lvl":10,"x":11,"y":25,"l1x":14,"l1y":20},{"data":1000010,"lvl":10,"x":11,"y":26,"l1x":14,"l1y":14},{"data":1000010,"lvl":10,"x":11,"y":27,"l1x":13,"l1y":14},{"data":1000010,"lvl":10,"x":10,"y":28,"l1x":14,"l1y":13},{"data":1000010,"lvl":10,"x":9,"y":28,"l1x":13,"l1y":13},{"data":1000010,"lvl":10,"x":8,"y":28,"l1x":17,"l1y":11},{"data":1000010,"lvl":10,"x":7,"y":28,"l1x":17,"l1y":10},{"data":1000010,"lvl":10,"x":6,"y":28,"l1x":11,"l1y":17},{"data":1000010,"lvl":10,"x":6,"y":27,"l1x":10,"l1y":17},{"data":1000010,"lvl":10,"x":6,"y":26,"l1x":17,"l1y":9},{"data":1000010,"lvl":10,"x":6,"y":25,"l1x":9,"l1y":17},{"data":1000010,"lvl":10,"x":41,"y":32,"l1x":9,"l1y":18},{"data":1000010,"lvl":10,"x":41,"y":31,"l1x":9,"l1y":19},{"data":1000010,"lvl":10,"x":41,"y":25,"l1x":20,"l1y":8},{"data":1000010,"lvl":10,"x":12,"y":21,"l1x":20,"l1y":7},{"data":1000010,"lvl":10,"x":12,"y":22,"l1x":20,"l1y":6},{"data":1000010,"lvl":10,"x":12,"y":23,"l1x":20,"l1y":5},{"data":1000010,"lvl":10,"x":41,"y":26,"l1x":21,"l1y":5},{"data":1000010,"lvl":10,"x":41,"y":27,"l1x":22,"l1y":5},{"data":1000010,"lvl":10,"x":41,"y":28,"l1x":23,"l1y":5},{"data":1000010,"lvl":10,"x":41,"y":29,"l1x":24,"l1y":5},{"data":1000010,"lvl":10,"x":41,"y":30,"l1x":25,"l1y":5},{"data":1000010,"lvl":10,"x":8,"y":23,"l1x":26,"l1y":5},{"data":1000010,"lvl":10,"x":8,"y":22,"l1x":27,"l1y":5},{"data":1000010,"lvl":10,"x":8,"y":21,"l1x":28,"l1y":5},{"data":1000010,"lvl":10,"x":15,"y":20,"l1x":29,"l1y":5},{"data":1000010,"lvl":10,"x":14,"y":20,"l1x":30,"l1y":5},{"data":1000010,"lvl":10,"x":13,"y":20,"l1x":30,"l1y":6},{"data":1000010,"lvl":10,"x":12,"y":20,"l1x":30,"l1y":7},{"data":1000010,"lvl":10,"x":11,"y":19,"l1x":30,"l1y":8},{"data":1000010,"lvl":10,"x":11,"y":20,"l1x":9,"l1y":27},{"data":1000010,"lvl":10,"x":10,"y":20,"l1x":9,"l1y":26},{"data":1000010,"lvl":10,"x":9,"y":20,"l1x":9,"l1y":25},{"data":1000010,"lvl":10,"x":8,"y":20,"l1x":9,"l1y":24},{"data":1000010,"lvl":10,"x":8,"y":19,"l1x":9,"l1y":23},{"data":1000010,"lvl":10,"x":8,"y":18,"l1x":9,"l1y":22},{"data":1000005,"lvl":10,"x":28,"y":37,"l1x":34,"l1y":25},{"data":1000010,"lvl":10,"x":8,"y":17,"l1x":9,"l1y":21},{"data":1000010,"lvl":10,"x":7,"y":20,"l1x":9,"l1y":20},{"data":1000010,"lvl":10,"x":6,"y":20,"l1x":8,"l1y":20},{"data":1000010,"lvl":10,"x":5,"y":20,"l1x":7,"l1y":20},{"data":1000010,"lvl":10,"x":5,"y":19,"l1x":6,"l1y":20},{"data":1000010,"lvl":10,"x":5,"y":18,"l1x":5,"l1y":20},{"data":1000010,"lvl":10,"x":5,"y":17,"l1x":5,"l1y":21},{"data":1000010,"lvl":10,"x":23,"y":40,"l1x":5,"l1y":22},{"data":1000010,"lvl":10,"x":24,"y":40,"l1x":5,"l1y":23},{"data":1000010,"lvl":10,"x":25,"y":40,"l1x":5,"l1y":24},{"data":1000010,"lvl":10,"x":29,"y":40,"l1x":5,"l1y":25},{"data":1000013,"lvl":7,"x":19,"y":25,"l1x":16,"l1y":29},{"data":1000003,"lvl":10,"x":22,"y":28,"l1x":21,"l1y":31},{"data":1000000,"lvl":7,"x":9,"y":29,"units":[[4000004,10],[4000009,2],[4000006,2],[4000000,1]],"storage_type":0,"l1x":4,"l1y":31},{"data":1000004,"lvl":10,"x":22,"y":34,"res_time":22319,"l1x":37,"l1y":13},{"data":1000004,"lvl":10,"x":25,"y":37,"res_time":23519,"l1x":37,"l1y":16},{"data":1000002,"lvl":10,"x":38,"y":15,"res_time":179274,"l1x":2,"l1y":28},{"data":1000006,"lvl":9,"x":21,"y":5,"unit_prod":{"unit_type":0,"t":426,"slots":[{"id":4000006,"cnt":6}]},"l1x":24,"l1y":6},{"data":1000009,"lvl":12,"x":15,"y":31,"l1x":6,"l1y":21},{"data":1000010,"lvl":10,"x":28,"y":40,"l1x":5,"l1y":26},{"data":1000010,"lvl":10,"x":27,"y":40,"l1x":5,"l1y":27},{"data":1000010,"lvl":10,"x":26,"y":40,"l1x":5,"l1y":28},{"data":1000010,"lvl":10,"x":8,"y":15,"l1x":5,"l1y":29},{"data":1000010,"lvl":10,"x":8,"y":14,"l1x":5,"l1y":30},{"data":1000010,"lvl":10,"x":8,"y":13,"l1x":6,"l1y":30},{"data":1000010,"lvl":10,"x":9,"y":12,"l1x":7,"l1y":30},{"data":1000010,"lvl":10,"x":8,"y":12,"l1x":8,"l1y":30},{"data":1000010,"lvl":10,"x":8,"y":10,"l1x":17,"l1y":12},{"data":1000010,"lvl":10,"x":8,"y":9,"l1x":16,"l1y":12},{"data":1000010,"lvl":10,"x":13,"y":4,"l1x":15,"l1y":12},{"data":1000010,"lvl":10,"x":11,"y":17,"l1x":14,"l1y":12},{"data":1000010,"lvl":10,"x":11,"y":18,"l1x":13,"l1y":12},{"data":1000010,"lvl":10,"x":30,"y":40,"l1x":12,"l1y":12},{"data":1000010,"lvl":10,"x":12,"y":15,"l1x":12,"l1y":13},{"data":1000010,"lvl":10,"x":12,"y":14,"l1x":12,"l1y":14},{"data":1000010,"lvl":10,"x":12,"y":13,"l1x":12,"l1y":15},{"data":1000010,"lvl":10,"x":12,"y":11,"l1x":12,"l1y":16},{"data":1000010,"lvl":10,"x":12,"y":10,"l1x":12,"l1y":17},{"data":1000010,"lvl":10,"x":12,"y":9,"l1x":12,"l1y":18},{"data":1000010,"lvl":10,"x":8,"y":11,"l1x":12,"l1y":19},{"data":1000010,"lvl":10,"x":10,"y":12,"l1x":12,"l1y":20},{"data":1000010,"lvl":10,"x":11,"y":12,"l1x":12,"l1y":21},{"data":1000010,"lvl":10,"x":12,"y":12,"l1x":12,"l1y":22},{"data":1000010,"lvl":10,"x":13,"y":12,"l1x":12,"l1y":23},{"data":1000007,"lvl":7,"x":17,"y":17,"unit_upg":{"unit_type":0,"t":844741,"id":4000017},"l1x":13,"l1y":37},{"data":1000002,"lvl":10,"x":38,"y":18,"res_time":179274,"l1x":19,"l1y":38},{"data":1000004,"lvl":10,"x":31,"y":34,"res_time":22318,"l1x":38,"l1y":21},{"data":1000000,"lvl":7,"x":34,"y":8,"units":[[4000006,8],[4000015,1],[4000000,6],[4000004,5]],"storage_type":0,"l1x":8,"l1y":37},{"data":1000008,"lvl":11,"x":25,"y":28,"l1x":34,"l1y":29},{"data":1000002,"lvl":10,"x":37,"y":25,"res_time":179286,"l1x":24,"l1y":38},{"data":1000010,"lvl":10,"x":14,"y":12,"l1x":12,"l1y":24},{"data":1000010,"lvl":10,"x":15,"y":12,"l1x":12,"l1y":25},{"data":1000010,"lvl":10,"x":14,"y":4,"l1x":12,"l1y":26},{"data":1000010,"lvl":10,"x":15,"y":4,"l1x":12,"l1y":27},{"data":1000010,"lvl":10,"x":16,"y":4,"l1x":12,"l1y":28},{"data":1000010,"lvl":10,"x":17,"y":4,"l1x":12,"l1y":29},{"data":1000010,"lvl":10,"x":18,"y":4,"l1x":13,"l1y":29},{"data":1000010,"lvl":10,"x":19,"y":4,"l1x":14,"l1y":29},{"data":1000010,"lvl":10,"x":20,"y":4,"l1x":21,"l1y":16},{"data":1000010,"lvl":10,"x":31,"y":40,"l1x":20,"l1y":16},{"data":1000010,"lvl":10,"x":33,"y":40,"l1x":19,"l1y":16},{"data":1000010,"lvl":10,"x":35,"y":40,"l1x":18,"l1y":16},{"data":1000010,"lvl":10,"x":41,"y":38,"l1x":17,"l1y":16},{"data":1000010,"lvl":10,"x":22,"y":40,"l1x":16,"l1y":16},{"data":1000010,"lvl":10,"x":21,"y":40,"l1x":16,"l1y":17},{"data":1000010,"lvl":10,"x":41,"y":40,"l1x":16,"l1y":18},{"data":1000010,"lvl":10,"x":16,"y":17,"l1x":16,"l1y":19},{"data":1000010,"lvl":10,"x":16,"y":18,"l1x":16,"l1y":20},{"data":1000010,"lvl":10,"x":16,"y":19,"l1x":16,"l1y":21},{"data":1000010,"lvl":10,"x":16,"y":20,"l1x":25,"l1y":17},{"data":1000010,"lvl":10,"x":16,"y":23,"l1x":25,"l1y":16},{"data":1000010,"lvl":10,"x":16,"y":22,"l1x":25,"l1y":18},{"data":1000010,"lvl":10,"x":16,"y":21,"l1x":25,"l1y":19},{"data":1000010,"lvl":10,"x":17,"y":21,"l1x":25,"l1y":20},{"data":1000010,"lvl":10,"x":18,"y":21,"l1x":25,"l1y":21},{"data":1000009,"lvl":12,"x":31,"y":27,"l1x":17,"l1y":20},{"data":1000004,"lvl":10,"x":31,"y":37,"res_time":22317,"l1x":38,"l1y":26},{"data":1000012,"lvl":7,"x":12,"y":17,"l1x":16,"l1y":26},{"data":1000011,"lvl":7,"x":22,"y":31,"l1x":27,"l1y":6},{"data":1000015,"lvl":0,"x":36,"y":19,"l1x":31,"l1y":10},{"data":1000015,"lvl":0,"x":19,"y":36,"l1x":10,"l1y":29},{"data":1000015,"lvl":0,"x":18,"y":6,"l1x":10,"l1y":31},{"data":1000020,"lvl":4,"x":35,"y":15,"units":[[26000005,3],[26000002,2]],"storage_type":1,"unit_prod":{"unit_type":1},"l1x":38,"l1y":38},{"data":1000010,"lvl":10,"x":19,"y":21,"l1x":25,"l1y":22},{"data":1000010,"lvl":10,"x":19,"y":22,"l1x":25,"l1y":23},{"data":1000010,"lvl":10,"x":19,"y":23,"l1x":25,"l1y":24},{"data":1000010,"lvl":10,"x":41,"y":21,"l1x":24,"l1y":24},{"data":1000010,"lvl":10,"x":41,"y":22,"l1x":24,"l1y":25},{"data":1000010,"lvl":10,"x":41,"y":23,"l1x":23,"l1y":25},{"data":1000010,"lvl":10,"x":41,"y":24,"l1x":22,"l1y":25},{"data":1000010,"lvl":10,"x":14,"y":25,"l1x":21,"l1y":25},{"data":1000010,"lvl":10,"x":17,"y":30,"l1x":20,"l1y":25},{"data":1000010,"lvl":10,"x":16,"y":30,"l1x":19,"l1y":25},{"data":1000010,"lvl":10,"x":15,"y":30,"l1x":16,"l1y":22},{"data":1000010,"lvl":10,"x":14,"y":26,"l1x":15,"l1y":22},{"data":1000010,"lvl":10,"x":14,"y":27,"l1x":15,"l1y":23},{"data":1000010,"lvl":10,"x":14,"y":28,"l1x":15,"l1y":24},{"data":1000010,"lvl":10,"x":14,"y":29,"l1x":15,"l1y":25},{"data":1000010,"lvl":10,"x":14,"y":30,"l1x":15,"l1y":26},{"data":1000010,"lvl":10,"x":14,"y":31,"l1x":15,"l1y":27},{"data":1000010,"lvl":10,"x":14,"y":32,"l1x":15,"l1y":28},{"data":1000010,"lvl":10,"x":14,"y":36,"l1x":15,"l1y":29},{"data":1000010,"lvl":10,"x":14,"y":35,"l1x":15,"l1y":30},{"data":1000010,"lvl":10,"x":14,"y":34,"l1x":15,"l1y":31},{"data":1000010,"lvl":10,"x":15,"y":34,"l1x":15,"l1y":32},{"data":1000010,"lvl":10,"x":16,"y":34,"l1x":16,"l1y":32},{"data":1000010,"lvl":10,"x":17,"y":34,"l1x":17,"l1y":32},{"data":1000010,"lvl":10,"x":14,"y":33,"l1x":22,"l1y":16},{"data":1000013,"lvl":7,"x":25,"y":19,"l1x":30,"l1y":30},{"data":1000011,"lvl":7,"x":31,"y":22,"l1x":6,"l1y":27},{"data":1000004,"lvl":10,"x":34,"y":37,"res_time":22317,"l1x":38,"l1y":30},{"data":1000000,"lvl":7,"x":29,"y":9,"units":[[4000006,8]],"storage_type":0,"l1x":37,"l1y":8},{"data":1000006,"lvl":9,"x":25,"y":7,"unit_prod":{"unit_type":0,"t":426,"slots":[{"id":4000006,"cnt":2},{"id":4000004,"cnt":5}]},"l1x":6,"l1y":24},{"data":1000010,"lvl":10,"x":18,"y":35,"l1x":16,"l1y":25},{"data":1000010,"lvl":10,"x":18,"y":34,"l1x":17,"l1y":25},{"data":1000010,"lvl":10,"x":18,"y":33,"l1x":18,"l1y":25},{"data":1000010,"lvl":10,"x":18,"y":32,"l1x":22,"l1y":15},{"data":1000010,"lvl":10,"x":18,"y":31,"l1x":23,"l1y":15},{"data":1000010,"lvl":10,"x":18,"y":30,"l1x":24,"l1y":15},{"data":1000010,"lvl":10,"x":18,"y":29,"l1x":25,"l1y":15},{"data":1000010,"lvl":10,"x":18,"y":28,"l1x":26,"l1y":15},{"data":1000010,"lvl":10,"x":18,"y":27,"l1x":27,"l1y":15},{"data":1000010,"lvl":10,"x":18,"y":26,"l1x":28,"l1y":15},{"data":1000010,"lvl":10,"x":18,"y":25,"l1x":18,"l1y":12},{"data":1000010,"lvl":10,"x":41,"y":19,"l1x":19,"l1y":12},{"data":1000010,"lvl":10,"x":41,"y":17,"l1x":20,"l1y":12},{"data":1000010,"lvl":10,"x":16,"y":15,"l1x":21,"l1y":12},{"data":1000010,"lvl":10,"x":16,"y":14,"l1x":22,"l1y":12},{"data":1000010,"lvl":10,"x":16,"y":13,"l1x":23,"l1y":12},{"data":1000010,"lvl":10,"x":19,"y":11,"l1x":24,"l1y":12},{"data":1000010,"lvl":10,"x":18,"y":11,"l1x":25,"l1y":12},{"data":1000010,"lvl":10,"x":17,"y":11,"l1x":36,"l1y":9},{"data":1000010,"lvl":10,"x":24,"y":4,"l1x":18,"l1y":9},{"data":1000010,"lvl":10,"x":23,"y":4,"l1x":19,"l1y":9},{"data":1000010,"lvl":10,"x":22,"y":4,"l1x":20,"l1y":9},{"data":1000013,"lvl":7,"x":30,"y":30,"l1x":29,"l1y":16},{"data":1000012,"lvl":7,"x":17,"y":12,"l1x":31,"l1y":24},{"data":1000008,"lvl":11,"x":28,"y":34,"l1x":34,"l1y":21},{"data":1000002,"lvl":10,"x":37,"y":31,"res_time":179287,"l1x":29,"l1y":38},{"data":1000008,"lvl":11,"x":34,"y":28,"l1x":16,"l1y":33},{"data":1000010,"lvl":10,"x":16,"y":12,"l1x":21,"l1y":9},{"data":1000024,"lvl":5,"x":25,"y":25,"l1x":25,"l1y":28},{"data":1000009,"lvl":12,"x":31,"y":15,"l1x":20,"l1y":17},{"data":1000010,"lvl":10,"x":16,"y":11,"l1x":22,"l1y":9},{"data":1000010,"lvl":10,"x":16,"y":10,"l1x":23,"l1y":9},{"data":1000010,"lvl":10,"x":16,"y":9,"l1x":24,"l1y":9},{"data":1000010,"lvl":10,"x":21,"y":4,"l1x":25,"l1y":9},{"data":1000010,"lvl":10,"x":16,"y":7,"l1x":26,"l1y":9},{"data":1000010,"lvl":10,"x":16,"y":6,"l1x":27,"l1y":9},{"data":1000010,"lvl":10,"x":16,"y":5,"l1x":26,"l1y":12},{"data":1000010,"lvl":10,"x":17,"y":5,"l1x":31,"l1y":9},{"data":1000010,"lvl":10,"x":18,"y":5,"l1x":30,"l1y":9},{"data":1000010,"lvl":10,"x":19,"y":5,"l1x":27,"l1y":12},{"data":1000010,"lvl":10,"x":20,"y":5,"l1x":28,"l1y":12},{"data":1000010,"lvl":10,"x":20,"y":6,"l1x":29,"l1y":12},{"data":1000010,"lvl":10,"x":20,"y":7,"l1x":29,"l1y":13},{"data":1000010,"lvl":10,"x":23,"y":19,"l1x":29,"l1y":14},{"data":1000010,"lvl":10,"x":22,"y":19,"l1x":29,"l1y":15},{"data":1000010,"lvl":10,"x":21,"y":19,"l1x":9,"l1y":32},{"data":1000022,"lvl":0,"boost_t":2090,"x":25,"y":22,"l1x":19,"l1y":26},{"data":1000019,"lvl":7,"x":15,"y":25,"l1x":18,"l1y":23},{"data":1000019,"lvl":7,"x":25,"y":15,"l1x":23,"l1y":18},{"data":1000010,"lvl":10,"x":21,"y":18,"l1x":9,"l1y":33},{"data":1000010,"lvl":10,"x":21,"y":17,"l1x":9,"l1y":34},{"data":1000010,"lvl":10,"x":34,"y":40,"l1x":9,"l1y":35},{"data":1000010,"lvl":10,"x":36,"y":40,"l1x":9,"l1y":36},{"data":1000010,"lvl":10,"x":23,"y":12,"l1x":10,"l1y":36},{"data":1000010,"lvl":10,"x":22,"y":12,"l1x":9,"l1y":31},{"data":1000010,"lvl":10,"x":21,"y":12,"l1x":30,"l1y":15},{"data":1000010,"lvl":10,"x":41,"y":39,"l1x":9,"l1y":30},{"data":1000010,"lvl":10,"x":41,"y":37,"l1x":9,"l1y":29},{"data":1000010,"lvl":10,"x":20,"y":15,"l1x":32,"l1y":18},{"data":1000010,"lvl":10,"x":20,"y":14,"l1x":32,"l1y":16},{"data":1000026,"lvl":5,"x":5,"y":11,"unit_prod":{"unit_type":0},"l1x":24,"l1y":2},{"data":1000011,"lvl":7,"x":9,"y":21,"l1x":31,"l1y":27},{"data":1000019,"lvl":7,"x":9,"y":18,"l1x":13,"l1y":27},{"data":1000010,"lvl":10,"x":20,"y":13,"l1x":32,"l1y":17},{"data":1000010,"lvl":10,"x":20,"y":12,"l1x":9,"l1y":28},{"data":1000010,"lvl":10,"x":20,"y":11,"l1x":32,"l1y":15},{"data":1000010,"lvl":10,"x":20,"y":10,"l1x":31,"l1y":15},{"data":1000010,"lvl":10,"x":20,"y":9,"l1x":32,"l1y":9},{"data":1000010,"lvl":10,"x":25,"y":4,"l1x":33,"l1y":9},{"data":1000010,"lvl":10,"x":26,"y":4,"l1x":34,"l1y":9},{"data":1000010,"lvl":10,"x":27,"y":4,"l1x":36,"l1y":10},{"data":1000009,"lvl":12,"x":25,"y":34,"l1x":34,"l1y":34},{"data":1000010,"lvl":10,"x":28,"y":4,"l1x":36,"l1y":11},{"data":1000010,"lvl":10,"x":27,"y":6,"l1x":36,"l1y":12},{"data":1000010,"lvl":10,"x":26,"y":6,"l1x":36,"l1y":13},{"data":1000010,"lvl":10,"x":25,"y":6,"l1x":36,"l1y":14},{"data":1000010,"lvl":10,"x":24,"y":6,"l1x":36,"l1y":15},{"data":1000010,"lvl":10,"x":24,"y":7,"l1x":36,"l1y":16},{"data":1000010,"lvl":10,"x":29,"y":4,"l1x":36,"l1y":17},{"data":1000010,"lvl":10,"x":27,"y":11,"l1x":36,"l1y":18},{"data":1000010,"lvl":10,"x":26,"y":11,"l1x":35,"l1y":9},{"data":1000010,"lvl":10,"x":25,"y":11,"l1x":11,"l1y":36},{"data":1000010,"lvl":10,"x":28,"y":6,"l1x":12,"l1y":36},{"data":1000010,"lvl":10,"x":28,"y":7,"l1x":13,"l1y":36},{"data":1000023,"lvl":5,"x":13,"y":9,"res_time":52481,"l1x":2,"l1y":20},{"data":1000010,"lvl":10,"x":28,"y":8,"l1x":14,"l1y":36},{"data":1000010,"lvl":10,"x":28,"y":9,"l1x":15,"l1y":36},{"data":1000010,"lvl":10,"x":28,"y":10,"l1x":16,"l1y":36},{"data":1000010,"lvl":10,"x":28,"y":11,"l1x":17,"l1y":36},{"data":1000010,"lvl":10,"x":28,"y":12,"l1x":18,"l1y":36},{"data":1000010,"lvl":10,"x":28,"y":13,"l1x":32,"l1y":19},{"data":1000010,"lvl":10,"x":24,"y":9,"l1x":33,"l1y":19},{"data":1000010,"lvl":10,"x":24,"y":10,"l1x":18,"l1y":32},{"data":1000010,"lvl":10,"x":24,"y":11,"l1x":19,"l1y":32},{"data":1000010,"lvl":10,"x":24,"y":12,"l1x":19,"l1y":33},{"data":1000010,"lvl":10,"x":24,"y":13,"l1x":19,"l1y":34},{"data":1000010,"lvl":10,"x":24,"y":15,"l1x":37,"l1y":19},{"data":1000010,"lvl":10,"x":32,"y":40,"l1x":37,"l1y":20},{"data":1000010,"lvl":10,"x":24,"y":17,"l1x":37,"l1y":21},{"data":1000010,"lvl":10,"x":24,"y":14,"l1x":37,"l1y":22},{"data":1000010,"lvl":10,"x":25,"y":14,"l1x":36,"l1y":19},{"data":1000010,"lvl":10,"x":26,"y":14,"l1x":35,"l1y":19},{"data":1000010,"lvl":10,"x":27,"y":14,"l1x":34,"l1y":19},{"data":1000010,"lvl":10,"x":28,"y":14,"l1x":19,"l1y":35},{"data":1000010,"lvl":10,"x":30,"y":17,"l1x":29,"l1y":9},{"data":1000010,"lvl":10,"x":30,"y":16,"l1x":28,"l1y":9},{"data":1000010,"lvl":10,"x":30,"y":15,"l1x":19,"l1y":36},{"data":1000010,"lvl":10,"x":29,"y":14,"l1x":19,"l1y":37},{"data":1000010,"lvl":10,"x":30,"y":14,"l1x":20,"l1y":37},{"data":1000010,"lvl":10,"x":31,"y":14,"l1x":21,"l1y":37},{"data":1000010,"lvl":10,"x":32,"y":14,"l1x":22,"l1y":37},{"data":1000010,"lvl":10,"x":33,"y":14,"l1x":23,"l1y":37},{"data":1000003,"lvl":10,"x":19,"y":28,"l1x":30,"l1y":12},{"data":1000005,"lvl":10,"x":37,"y":22,"l1x":13,"l1y":33},{"data":1000012,"lvl":7,"x":13,"y":21,"l1x":24,"l1y":31},{"data":1000010,"lvl":10,"x":36,"y":14,"l1x":24,"l1y":37},{"data":1000010,"lvl":10,"x":35,"y":14,"l1x":25,"l1y":37},{"data":1000010,"lvl":10,"x":34,"y":14,"l1x":26,"l1y":37},{"data":1000026,"lvl":4,"boost_t":2086,"x":11,"y":5,"unit_prod":{"unit_type":0,"t":0,"slots":[{"id":4000013,"cnt":2},{"id":4000015,"cnt":1}]},"l1x":2,"l1y":24},{"data":1000003,"lvl":10,"x":28,"y":19,"l1x":12,"l1y":30},{"data":1000005,"lvl":10,"x":37,"y":28,"l1x":33,"l1y":13},{"data":1000023,"lvl":5,"x":15,"y":35,"res_time":30621,"l1x":20,"l1y":2},{"data":1000025,"lvl":0,"boost_t":2089,"x":22,"y":25,"l1x":26,"l1y":19},{"data":1000009,"lvl":12,"x":34,"y":34,"l1x":10,"l1y":33},{"data":1000012,"lvl":7,"x":21,"y":13,"l1x":26,"l1y":16},{"data":1000011,"lvl":7,"x":21,"y":9,"l1x":27,"l1y":31},{"data":1000021,"lvl":3,"x":13,"y":13,"attack_mode":true,"attack_mode_war":false,"attack_mode_draft":true,"attack_mode_draft_war":false,"ammo":1500,"l1x":17,"l1y":17},{"data":1000010,"lvl":10,"x":34,"y":15,"l1x":27,"l1y":37},{"data":1000010,"lvl":10,"x":34,"y":16,"l1x":28,"l1y":37},{"data":1000010,"lvl":10,"x":34,"y":17,"l1x":29,"l1y":37},{"data":1000010,"lvl":10,"x":35,"y":18,"l1x":30,"l1y":37},{"data":1000010,"lvl":10,"x":34,"y":18,"l1x":31,"l1y":37},{"data":1000010,"lvl":10,"x":33,"y":18,"l1x":32,"l1y":37},{"data":1000010,"lvl":10,"x":32,"y":18,"l1x":33,"l1y":37},{"data":1000010,"lvl":10,"x":31,"y":18,"l1x":34,"l1y":37},{"data":1000010,"lvl":10,"x":30,"y":18,"l1x":35,"l1y":37},{"data":1000010,"lvl":10,"x":29,"y":18,"l1x":37,"l1y":23},{"data":1000010,"lvl":10,"x":28,"y":18,"l1x":37,"l1y":24},{"data":1000010,"lvl":10,"x":27,"y":18,"l1x":37,"l1y":25},{"data":1000010,"lvl":10,"x":26,"y":18,"l1x":37,"l1y":26},{"data":1000010,"lvl":10,"x":25,"y":18,"l1x":37,"l1y":27},{"data":1000010,"lvl":10,"x":24,"y":18,"l1x":37,"l1y":28},{"data":1000010,"lvl":10,"x":24,"y":19,"l1x":37,"l1y":29},{"data":1000010,"lvl":10,"x":24,"y":20,"l1x":37,"l1y":30},{"data":1000010,"lvl":10,"x":24,"y":21,"l1x":37,"l1y":31},{"data":1000010,"lvl":10,"x":24,"y":22,"l1x":37,"l1y":32},{"data":1000010,"lvl":10,"x":24,"y":23,"l1x":37,"l1y":33},{"data":1000010,"lvl":10,"x":41,"y":20,"l1x":37,"l1y":34},{"data":1000010,"lvl":10,"x":41,"y":18,"l1x":37,"l1y":35},{"data":1000010,"lvl":10,"x":41,"y":16,"l1x":37,"l1y":36},{"data":1000010,"lvl":10,"x":41,"y":14,"l1x":37,"l1y":37},{"data":1000010,"lvl":10,"x":41,"y":15,"l1x":36,"l1y":37},{"data":1000021,"lvl":3,"x":15,"y":27,"attack_mode":false,"attack_mode_war":false,"attack_mode_draft":false,"attack_mode_draft_war":false,"ammo":1500,"l1x":22,"l1y":26},{"data":1000019,"lvl":7,"x":28,"y":28,"l1x":27,"l1y":13},{"data":1000023,"lvl":5,"x":9,"y":13,"res_time":33942,"l1x":28,"l1y":25},{"data":1000008,"lvl":11,"x":33,"y":19,"l1x":33,"l1y":16},{"data":1000009,"lvl":12,"x":34,"y":25,"l1x":33,"l1y":10},{"data":1000027,"lvl":2,"x":40,"y":35,"attack_mode":true,"attack_mode_war":true,"attack_mode_draft":true,"attack_mode_draft_war":true,"ammo":750,"l1x":23,"l1y":16},{"data":1000021,"lvl":3,"x":27,"y":15,"attack_mode":false,"attack_mode_war":false,"attack_mode_draft":false,"attack_mode_draft_war":false,"ammo":1500,"l1x":26,"l1y":22},{"data":1000002,"lvl":10,"x":37,"y":34,"res_time":179288,"l1x":34,"l1y":38},{"data":1000004,"lvl":10,"x":15,"y":38,"res_time":24721,"l1x":38,"l1y":34},{"data":1000027,"lvl":2,"x":40,"y":33,"attack_mode":false,"attack_mode_war":true,"attack_mode_draft":false,"attack_mode_draft_war":true,"ammo":750,"l1x":16,"l1y":23}],"obstacles":[{"data":8000000,"x":18,"y":42,"l1x":-1,"l1y":-1,"loot_multiply_ver":2},{"data":8000000,"x":35,"y":0,"l1x":-1,"l1y":-1,"loot_multiply_ver":2},{"data":8000000,"x":42,"y":28,"l1x":-1,"l1y":-1,"loot_multiply_ver":2},{"data":8000005,"x":22,"y":41,"l1x":-1,"l1y":-1,"loot_multiply_ver":2},{"data":8000000,"x":30,"y":41,"l1x":-1,"l1y":-1,"loot_multiply_ver":2}],"traps":[{"data":12000006,"lvl":2,"x":15,"y":19,"l1x":21,"l1y":24},{"data":12000005,"lvl":3,"x":15,"y":17,"l1x":38,"l1y":20},{"data":12000005,"lvl":3,"x":17,"y":9,"l1x":24,"l1y":21},{"data":12000005,"lvl":3,"x":17,"y":26,"l1x":22,"l1y":14},{"data":12000005,"lvl":3,"x":5,"y":26,"l1x":11,"l1y":12},{"data":12000005,"lvl":3,"x":17,"y":15,"l1x":14,"l1y":22},{"data":12000006,"lvl":2,"x":7,"y":17,"l1x":26,"l1y":14},{"data":12000006,"lvl":2,"x":9,"y":9,"l1x":18,"l1y":14},{"data":12000006,"lvl":2,"x":17,"y":7,"l1x":14,"l1y":18},{"data":12000006,"lvl":2,"x":19,"y":15,"l1x":14,"l1y":26},{"data":12000001,"lvl":0,"x":34,"y":13,"l1x":8,"l1y":36},{"data":12000001,"lvl":0,"x":5,"y":27,"l1x":19,"l1y":4},{"data":12000002,"lvl":3,"x":12,"y":25,"l1x":21,"l1y":29},{"data":12000000,"lvl":5,"x":32,"y":8,"l1x":14,"l1y":15},{"data":12000000,"lvl":5,"x":29,"y":8,"l1x":15,"l1y":16},{"data":12000000,"lvl":5,"x":31,"y":8,"l1x":39,"l1y":25},{"data":12000000,"lvl":5,"x":30,"y":7,"l1x":16,"l1y":15},{"data":12000000,"lvl":5,"x":30,"y":8,"l1x":15,"l1y":15},{"data":12000000,"lvl":5,"x":31,"y":7,"l1x":15,"l1y":14},{"data":12000001,"lvl":0,"x":24,"y":5,"l1x":38,"l1y":29},{"data":12000001,"lvl":0,"x":28,"y":5,"l1x":38,"l1y":37},{"data":12000002,"lvl":3,"x":18,"y":9,"l1x":29,"l1y":23},{"data":12000001,"lvl":0,"x":7,"y":8,"l1x":36,"l1y":8},{"data":12000001,"lvl":0,"x":4,"y":19,"l1x":38,"l1y":19},{"data":12000002,"lvl":3,"x":26,"y":12,"l1x":29,"l1y":21},{"data":12000002,"lvl":3,"x":31,"y":19,"l1x":27,"l1y":10},{"data":12000002,"lvl":3,"x":31,"y":25,"l1x":23,"l1y":29}],"decos":[{"data":18000001,"x":37,"y":2,"l1x":10,"l1y":7},{"data":18000009,"x":8,"y":4,"l1x":40,"l1y":13},{"data":18000003,"x":6,"y":6,"l1x":2,"l1y":2},{"data":18000021,"x":13,"y":40,"l1x":5,"l1y":12},{"data":18000017,"x":40,"y":5,"l1x":4,"l1y":4},{"data":18000007,"x":40,"y":2,"l1x":8,"l1y":8},{"data":18000001,"x":31,"y":2,"l1x":7,"l1y":10},{"data":18000001,"x":2,"y":30,"l1x":8,"l1y":6},{"data":18000005,"x":14,"y":2,"l1x":2,"l1y":8},{"data":18000005,"x":11,"y":2,"l1x":2,"l1y":11},{"data":18000005,"x":8,"y":2,"l1x":2,"l1y":14},{"data":18000001,"x":2,"y":33,"l1x":6,"l1y":8},{"data":18000008,"x":4,"y":8,"l1x":40,"l1y":19},{"data":18000022,"x":11,"y":40,"l1x":6,"l1y":38},{"data":18000010,"x":2,"y":36,"l1x":6,"l1y":6},{"data":18000033,"x":2,"y":40,"l1x":22,"l1y":40},{"data":18000023,"x":7,"y":40,"l1x":36,"l1y":2},{"data":18000024,"x":5,"y":40,"l1x":34,"l1y":2},{"data":18000025,"x":9,"y":40,"l1x":40,"l1y":24},{"data":18000026,"x":5,"y":38,"l1x":38,"l1y":4},{"data":18000027,"x":5,"y":34,"l1x":38,"l1y":2},{"data":18000028,"x":5,"y":36,"l1x":40,"l1y":2},{"data":18000029,"x":4,"y":30,"l1x":36,"l1y":4},{"data":18000030,"x":5,"y":32,"l1x":40,"l1y":4},{"data":18000031,"x":2,"y":23,"l1x":8,"l1y":4},{"data":18000032,"x":32,"y":5,"l1x":38,"l1y":6},{"data":18000034,"x":34,"y":5,"l1x":40,"l1y":6},{"data":18000035,"x":36,"y":5,"l1x":4,"l1y":38},{"data":18000036,"x":40,"y":9,"l1x":4,"l1y":36},{"data":18000020,"x":30,"y":5,"l1x":27,"l1y":40},{"data":18000019,"x":2,"y":27,"l1x":2,"l1y":34},{"data":18000018,"x":38,"y":5,"l1x":2,"l1y":36},{"data":18000016,"x":20,"y":2,"l1x":2,"l1y":40},{"data":18000015,"x":40,"y":7,"l1x":2,"l1y":38},{"data":18000014,"x":37,"y":13,"l1x":4,"l1y":40},{"data":18000013,"x":24,"y":2,"l1x":6,"l1y":40},{"data":18000012,"x":28,"y":2,"l1x":4,"l1y":8},{"data":18000011,"x":34,"y":2,"l1x":12,"l1y":5},{"data":18000006,"x":2,"y":14,"l1x":8,"l1y":2},{"data":18000006,"x":2,"y":11,"l1x":11,"l1y":2},{"data":18000006,"x":2,"y":8,"l1x":14,"l1y":2},{"data":18000000,"x":3,"y":3,"l1x":17,"l1y":40},{"data":18000005,"x":5,"y":2,"l1x":2,"l1y":17},{"data":18000006,"x":2,"y":5,"l1x":17,"l1y":2}],"respawnVars":{"secondsFromLastRespawn":2437,"respawnSeed":1535084320,"obstacleClearCounter":13,"time_to_gembox_drop":281787,"time_in_gembox_period":18000},"cooldowns":[{"cooldown":4923280,"target":20000000},{"cooldown":12922668,"target":20000001}],"newShopBuildings":[4,0,7,4,7,4,4,1,6,7,250,4,4,3,1,5,0,0,0,4,1,3,1,3,1,1,2,2],"newShopTraps":[6,6,5,0,0,5,5,0],"newShopDecos":[1,4,0,1,1,4,4,1,1,1,1,1,1,1,1,1,1,1,1,1,1,1,1,1,1,1,1,1,1,1,1,1,1,1,1,1,1],"last_league_rank":16,"last_league_shuffle":1,"last_news_seen":81,"edit_mode_shown":true,"troop_req_msg":"1..1.1..","war_req_msg":"1..1..","war_tutorials_seen":0,"war_base":true}