Column,TID,InfoTID,TID_Instructor,InstructorWeight,BuildingClass,SWF,ExportName,ExportNameNpc,ExportNameConstruction,BuildTimeD,BuildTimeH,BuildTimeM,BuildTimeS,BuildResource,BuildCost,TownHallLevel,Width,Height,Icon,ExportNameBuildAnim,MaxStoredGold,MaxStoredElixir,MaxStoredDarkElixir,MaxStoredWarGold,MaxStoredWarElixir,MaxStoredWarDarkElixir,Bunker,HousingSpace,ProducesResource,ResourcePerHour,ResourceMax,ResourceIconLimit,UnitProduction,UpgradesUnits,ProducesUnitsOfType,BoostCost,Hitpoints,RegenTime,AttackRange,AltAttackMode,AltAttackRange,PrepareSpeed,AttackSpeed,CoolDownOverride,Damage,PreferredTarget,PreferredTargetDamageMod,RandomHitPosition,DestroyEffect,AttackEffect,AttackEffect2,HitEffect,Projectile,ExportNameDamaged,BuildingW,BuildingH,ExportNameBase,ExportNameBaseNpc,ExportNameBaseWar,AirTargets,GroundTargets,AltAirTargets,AltGroundTargets,AltMultiTargets,AmmoCount,AmmoResource,AmmoCost,MinAttackRange,DamageRadius,PushBack,WallCornerPieces,LoadAmmoEffect,NoAmmoEffect,ToggleAttackModeEffect,PickUpEffect,PlacingEffect,CanNotSellLast,DefenderCharacter,DefenderCount,DefenderZ,DestructionXP,Locked,Hidden,AOESpell,AOESpellAlternate,TriggerRadius,ExportNameTriggered,AppearEffect,ForgesSpells,ForgesMiniSpells,IsHeroBarrack,HeroType,IncreasingDamage,DamageLv2,DamageLv3,DamageMulti,Lv2SwitchTime,Lv3SwitchTime,AttackEffectLv2,AttackEffectLv3,TransitionEffectLv2,TransitionEffectLv3,AltNumMultiTargets,PreventsHealing,StrengthWeight,AlternatePickNewTargetDelay,AltBuildResource,SpeedMod,StatusEffectTime,ShockwavePushStrength,ShockwaveArcLength,ShockwaveExpandRadius,TargetingConeAngle,AimRotateStep
String,String,String,String,int,String,String,String,String,String,int,int,int,int,String,int,int,int,int,String,String,int,int,int,int,int,int,boolean,int,String,int,int,int,int,boolean,int,int,int,int,int,boolean,int,int,int,int,int,String,int,boolean,String,String,String,String,String,String,int,int,String,String,String,boolean,boolean,boolean,boolean,boolean,int,String,int,int,int,boolean,boolean,String,String,String,String,String,boolean,String,int,int,int,Boolean,Boolean,String,String,int,String,String,boolean,boolean,boolean,String,Boolean,int,int,int,int,int,String,String,String,String,int,boolean,int,int,String,int,int,int,int,int,int,int
Troop Housing,TID_BUILDING_HOUSING,TID_HOUSING_INFO,TID_INSTRUCTOR_HINT_BUILD_HOUSING,0,Army,sc/buildings.sc,fireplace_lvl1,,fireplace_const,,,5,,Elixir,250,1,5,5,,fireplace_upg,,,,,,,,50,,,,,,,,,250,15,,,,,,,,,,,Building Destroyed,,,,,gen_destructed_state5,2,2,fireplace_lvl1_base,,war_fireplace_lvl1_base,,,,,,,,,,,,,,,,Troop Housing Pickup,Troop Housing Placing,true,,,,,,,,,,,,,,,,,,,,,,,,,,,,,,,,,,,,,
,,,TID_INSTRUCTOR_HINT_UPGRADE_HOUSING,0,,,fireplace_lvl2,,,,1,0,,,2500,2,,,,,,,,,,,,100,,,,,,,,,270,,,,,,,,,,,,,,,,,,,,fireplace_lvl2_base,,war_fireplace_lvl2_base,,,,,,,,,,,,,,,,,,,,,,,,,,,,,,,,,,,,,,,,,,,,,,,,,,,,,,,
,,,TID_INSTRUCTOR_HINT_UPGRADE_HOUSING,0,,,fireplace_lvl3,,,,3,0,,,10000,3,,,,,,,,,,,,150,,,,,,,,,290,,,,,,,,,,,,,,,,,,,,fireplace_lvl3_base,,war_fireplace_lvl3_base,,,,,,,,,,,,,,,,,,,,,,,,,,,,,,,,,,,,,,,,,,,,,,,,,,,,,,,
,,,TID_INSTRUCTOR_HINT_UPGRADE_HOUSING,0,,,fireplace_lvl4,,,,8,0,,,100000,4,,,,,,,,,,,,200,,,,,,,,,310,,,,,,,,,,,,,,,,,,,,fireplace_lvl4_base,,war_fireplace_lvl4_base,,,,,,,,,,,,,,,,,,,,,,,,,,,,,,,,,,,,,,,,,,,,,,,,,,,,,,,
,,,TID_INSTRUCTOR_HINT_UPGRADE_HOUSING,0,,,fireplace_lvl5,,,1,0,0,,,250000,5,,,,,,,,,,,,250,,,,,,,,,330,,,,,,,,,,,,,,,,,,,,fireplace_lvl5_base,,war_fireplace_lvl5_base,,,,,,,,,,,,,,,,,,,,,,,,,,,,,,,,,,,,,,,,,,,,,,,,,,,,,,,
,,,TID_INSTRUCTOR_HINT_UPGRADE_HOUSING,0,,,fireplace_lvl6,,,3,0,0,,,750000,6,,,,,,,,,,,,300,,,,,,,,,350,,,,,,,,,,,,,,,,,,,,fireplace_lvl6_base,,war_fireplace_lvl6_base,,,,,,,,,,,,,,,,,,,,,,,,,,,,,,,,,,,,,,,,,,,,,,,,,,,,,,,
,,,TID_INSTRUCTOR_HINT_UPGRADE_HOUSING,0,,,fireplace_lvl7,,,5,0,0,,,2250000,9,,,,,,,,,,,,400,,,,,,,,,400,,,,,,,,,,,,,,,,,,,,fireplace_lvl7_base,,war_fireplace_lvl7_base,,,,,,,,,,,,,,,,,,,,,,,,,,,,,,,,,,,,,,,,,,,,,,,,,,,,,,,
,,,TID_INSTRUCTOR_HINT_UPGRADE_HOUSING,0,,,fireplace_lvl8,,,10,0,0,,,6750000,10,,,,,,,,,,,,500,,,,,,,,,500,,,,,,,,,,,,,,,,,,,,fireplace_lvl7_base,,war_fireplace_lvl7_base,,,,,,,,,,,,,,,,,,,,,,,,,,,,,,,,,,,,,,,,,,,,,,,,,,,,,,,
Town Hall,TID_BUILDING_TOWN_HALL,TID_TOWN_HALL_INFO,TID_INSTRUCTOR_HINT_UPGRADE_TH,0,Town Hall,sc/buildings.sc,town_hall_lvl1,goblin_townhall_lvl1,town_hall_const,,,0,10,Gold,0,,4,4,,town_hall_upg,1000,1000,,,,,,,,,,,,,,,450,20,,,,,,,,,,,Building Destroyed,,,,,town_hall_broken,3,3,townhall_base,goblin_townhall_base,war_townhall_base,,,,,,,,,,,,,,,,Town Hall Pickup,Town Hall Placing,true,,,,1,,,,,,,,,,,,,,,,,,,,,,,,,,,,,,,,,
,,,TID_INSTRUCTOR_HINT_UPGRADE_TH,0,,,town_hall_lvl2,,,,,0,10,,1000,,,,,,1000,1000,,,,,,,,,,,,,,,1600,21,,,,,,,,,,,,,,,,,,,townhall_base,,war_townhall_base,,,,,,,,,,,,,,,,,,,,,,2,,,,,,,,,,,,,,,,,,,,,,,,,,,,,,,,,
,,,TID_INSTRUCTOR_HINT_UPGRADE_TH,0,,,town_hall_lvl3,,,,3,0,0,,4000,,,,,,1000,1000,,,,,,,,,,,,,,,1850,22,,,,,,,,,,,,,,,,,,,townhall_base,,war_townhall_base,,,,,,,,,,,,,,,,,,,,,,3,,,,,,,,,,,,,,,,,,,,,,,,,,,,,,,,,
,,,TID_INSTRUCTOR_HINT_UPGRADE_TH,0,,,town_hall_lvl4,,,1,0,0,,,25000,,,,,,1000,1000,,,,,,,,,,,,,,,2100,23,,,,,,,,,,,,,,,,,,,townhall_base,,war_townhall_base,,,,,,,,,,,,,,,,,,,,,,4,,,,,,,,,,,,,,,,,,,,,,,,,,,,,,,,,
,,,TID_INSTRUCTOR_HINT_UPGRADE_TH,0,,,town_hall_lvl5,,,2,0,0,,,150000,,,,,,1000,1000,,,,,,,,,,,,,,,2400,24,,,,,,,,,,,,,,,,,,,townhall_base,,war_townhall_base,,,,,,,,,,,,,,,,,,,,,,5,,,,,,,,,,,,,,,,,,,,,,,,,,,,,,,,,
,,,TID_INSTRUCTOR_HINT_UPGRADE_TH,0,,,town_hall_lvl6,,,4,0,0,,,750000,,,,,,1000,1000,,,,,,,,,,,,,,,2800,25,,,,,,,,,,,,,,,,,,,townhall_base,,war_townhall_base,,,,,,,,,,,,,,,,,,,,,,6,,,,,,,,,,,,,,,,,,,,,,,,,,,,,,,,,
,,,TID_INSTRUCTOR_HINT_UPGRADE_TH,0,,,town_hall_lvl7,,,6,0,0,,,1200000,,,,,,1000,1000,,,,,,,,,,,,,,,3300,26,,,,,,,,,,,,,,,,,,,townhall_base,,war_townhall_base,,,,,,,,,,,,,,,,,,,,,,7,,,,,,,,,,,,,,,,,,,,,,,,,,,,,,,,,
,,,TID_INSTRUCTOR_HINT_UPGRADE_TH,0,,,town_hall_lvl8,,,8,0,0,,,2000000,,,,,,1000,1000,,,,,,,,,,,,,,,3900,27,,,,,,,,,,,,,,,,,,,townhall_base,,war_townhall_base,,,,,,,,,,,,,,,,,,,,,,8,,,,,,,,,,,,,,,,,,,,,,,,,,,,,,,,,
,,,TID_INSTRUCTOR_HINT_UPGRADE_TH,0,,,town_hall_lvl9,,,10,0,0,,,3000000,,,,,,1000,1000,,,,,,,,,,,,,,,4600,28,,,,,,,,,,,,,,,,,,,townhall_base,,war_townhall_base,,,,,,,,,,,,,,,,,,,,,,9,,,,,,,,,,,,,,,,,,,,,,,,,,,,,,,,,
,,,TID_INSTRUCTOR_HINT_UPGRADE_TH,0,,,town_hall_lvl10,,,14,0,0,,,4000000,,,,,,1000,1000,,,,,,,,,,,,,,,5500,29,,,,,,,,,,,,,,,,,,,townhall_lvl10_base,,war_townhall_lvl10_base,,,,,,,,,,,,,,,,,,,,,,10,,,,,,,,,,,,,,,,,,,,,,,,,,,,,,,,,
Elixir Pump,TID_BUILDING_ELIXIR_PUMP,TID_ELIXIR_PUMP_INFO,TID_INSTRUCTOR_HINT_BUILD_ELIXIR_PUMP,15,Resource,sc/buildings.sc,elixir_pump_lvl1,,elixir_pump_const,,,0,10,Gold,150,1,3,3,,elixir_pump_upg,,,,,,,,,Elixir,200,500,6,,,,,400,15,,,,,,,,,,,Building Destroyed,,,,,elixir_destructed_state2,2,2,elixir_pump_base,npc_elixir_pump_base,war_elixir_pump_base,,,,,,,,,,,,,,,,Elixir Pump Pickup,Elixir Pump Placing,true,,,,,,,,,,,,,,,,,,,,,,,,,,,,,,,,,,,,,
,,,TID_INSTRUCTOR_HINT_UPGRADE_ELIXIR_PUMP,17,,,elixir_pump_lvl2,,,,,1,0,,300,1,,,,,,,,,,,,,,400,1000,15,,,,,440,,,,,,,,,,,,,,,,,,,,,,,,,,,,,,,,,,,,,,,,,,,,,,,,,,,,,,,,,,,,,,,,,,,,,,,,,,,,,
,,,TID_INSTRUCTOR_HINT_UPGRADE_ELIXIR_PUMP,0,,,elixir_pump_lvl3,,,,,15,0,,700,2,,,,,,,,,,,,,,600,1500,25,,,,,480,,,,,,,,,,,,,,,,,,,,,,,,,,,,,,,,,,,,,,,,,,,,,,,,,,,,,,,,,,,,,,,,,,,,,,,,,,,,,
,,,TID_INSTRUCTOR_HINT_UPGRADE_ELIXIR_PUMP,0,,,elixir_pump_lvl4,,,,1,0,0,,1400,2,,,,,,,,,,,,,,800,2500,40,,,,,520,,,,,,,,,,,,,,,,,,,,,,,,,,,,,,,,,,,,,,,,,,,,,,,,,,,,,,,,,,,,,,,,,,,,,,,,,,,,,
,,,TID_INSTRUCTOR_HINT_UPGRADE_ELIXIR_PUMP,0,,,elixir_pump_lvl5,,,,2,0,0,,3500,3,,,,,,,,,,,,,,1000,10000,60,,,,4,560,,,,,,,,,,,,,,,,,,,,,,,,,,,,,,,,,,,,,,,,,,,,,,,,,,,,,,,,,,,,,,,,,,,,,,,,,,,,,
,,,TID_INSTRUCTOR_HINT_UPGRADE_ELIXIR_PUMP,0,,,elixir_pump_lvl6,,,,6,0,0,,7000,3,,,,,,,,,,,,,,1300,20000,100,,,,5,600,,,,,,,,,,,,,,,,,,,,,,,,,,,,,,,,,,,,,,,,,,,,,,,,,,,,,,,,,,,,,,,,,,,,,,,,,,,,,
,,,TID_INSTRUCTOR_HINT_UPGRADE_ELIXIR_PUMP,0,,,elixir_pump_lvl7,,,,12,0,0,,14000,4,,,,,,,,,,,,,,1600,30000,160,,,,6,640,,,,,,,,,,,,,,,,,,,,,,,,,,,,,,,,,,,,,,,,,,,,,,,,,,,,,,,,,,,,,,,,,,,,,,,,,,,,,
,,,TID_INSTRUCTOR_HINT_UPGRADE_ELIXIR_PUMP,0,,,elixir_pump_lvl8,,,1,0,0,0,,28000,4,,,,,,,,,,,,,,1900,50000,220,,,,7,680,,,,,,,,,,,,,,,,,,,,,,,,,,,,,,,,,,,,,,,,,,,,,,,,,,,,,,,,,,,,,,,,,,,,,,,,,,,,,
,,,TID_INSTRUCTOR_HINT_UPGRADE_ELIXIR_PUMP,0,,,elixir_pump_lvl9,,,2,0,0,0,,56000,5,,,,,,,,,,,,,,2200,75000,300,,,,8,720,,,,,,,,,,,,,,,,,,,,,,,,,,,,,,,,,,,,,,,,,,,,,,,,,,,,,,,,,,,,,,,,,,,,,,,,,,,,,
,,,TID_INSTRUCTOR_HINT_UPGRADE_ELIXIR_PUMP,0,,,elixir_pump_lvl10,,,3,0,0,0,,84000,5,,,,,,,,,,,,,,2500,100000,400,,,,9,780,,,,,,,,,,,,,,,,,,,,,,,,,,,,,,,,,,,,,,,,,,,,,,,,,,,,,,,,,,,,,,,,,,,,,,,,,,,,,
,,,TID_INSTRUCTOR_HINT_UPGRADE_ELIXIR_PUMP,0,,,elixir_pump_lvl11,,,4,0,0,0,,168000,7,,,,,,,,,,,,,,3000,150000,500,,,,10,860,,,,,,,,,,,,,,,,,,,,,,,,,,,,,,,,,,,,,,,,,,,,,,,,,,,,,,,,,,,,,,,,,,,,,,,,,,,,,
,,,TID_INSTRUCTOR_HINT_UPGRADE_ELIXIR_PUMP,0,,,elixir_pump_lvl12,,,5,0,0,0,,336000,8,,,,,,,,,,,,,,3500,200000,600,,,,10,960,,,,,,,,,,,,,,,,,,,,,,,,,,,,,,,,,,,,,,,,,,,,,,,,,,,,,,,,,,,,,,,,,,,,,,,,,,,,,
Elixir Storage,TID_BUILDING_ELIXIR_STORAGE,TID_ELIXIR_STORAGE_INFO,TID_INSTRUCTOR_HINT_BUILD_ELIXIR_STORAGE,0,Resource,sc/buildings.sc,elixir_storage_level1,,elixir_storage_const,,,0,10,Gold,300,1,3,3,,elixir_storage_upg,,1500,,,,,,,,,,,,,,,400,15,,,,,,,,,,,Elixir Storage Destroyed,,,,,elixir_destructed_state3,2,2,elixir_storage_lvl1_base,npc_elixir_storage_base,war_elixir_storage_lvl1_base,,,,,,,,,,,,,,,,Elixir Storage Pickup,Elixir Storage Placing,,,,,,,,,,,,,,,,,,,,,,,,,,,,,,,,,,,,,,
,,,TID_INSTRUCTOR_HINT_UPGRADE_ELIXIR_STORAGE,16,,,elixir_storage_level2,,,,,30,0,,750,2,,,,,,3000,,,,,,,,,,,,,,,600,16,,,,,,,,,,,,,,,,,,,elixir_storage_lvl2_base,,war_elixir_storage_lvl2_base,,,,,,,,,,,,,,,,,,,,,,,,,,,,,,,,,,,,,,,,,,,,,,,,,,,,,,,
,,,TID_INSTRUCTOR_HINT_UPGRADE_ELIXIR_STORAGE,0,,,elixir_storage_level3,,,,1,0,0,,1500,2,,,,,,6000,,,,,,,,,,,,,,,800,17,,,,,,,,,,,,,,,,,,,elixir_storage_lvl3_base,,war_elixir_storage_lvl3_base,,,,,,,,,,,,,,,,,,,,,,,,,,,,,,,,,,,,,,,,,,,,,,,,,,,,,,,
,,,TID_INSTRUCTOR_HINT_UPGRADE_ELIXIR_STORAGE,0,,,elixir_storage_level4,,,,2,0,0,,3000,3,,,,,,12000,,,,,,,,,,,,,,,1000,18,,,,,,,,,,,,,,,,,,,elixir_storage_lvl4_base,,war_elixir_storage_lvl4_base,,,,,,,,,,,,,,,,,,,,,,,,,,,,,,,,,,,,,,,,,,,,,,,,,,,,,,,
,,,TID_INSTRUCTOR_HINT_UPGRADE_ELIXIR_STORAGE,0,,,elixir_storage_level5,,,,3,0,0,,6000,3,,,,,,25000,,,,,,,,,,,,,,,1200,19,,,,,,,,,,,,,,,,,,,elixir_storage_lvl5_base,,war_elixir_storage_lvl5_base,,,,,,,,,,,,,,,,,,,,,,,,,,,,,,,,,,,,,,,,,,,,,,,,,,,,,,,
,,,TID_INSTRUCTOR_HINT_UPGRADE_ELIXIR_STORAGE,0,,,elixir_storage_level6,,,,4,0,0,,12000,3,,,,,,50000,,,,,,,,,,,,,,,1400,20,,,,,,,,,,,,,,,,,,,elixir_storage_lvl6_base,,war_elixir_storage_lvl6_base,,,,,,,,,,,,,,,,,,,,,,,,,,,,,,,,,,,,,,,,,,,,,,,,,,,,,,,
,,,TID_INSTRUCTOR_HINT_UPGRADE_ELIXIR_STORAGE,0,,,elixir_storage_level7,,,,6,0,0,,25000,4,,,,,,100000,,,,,,,,,,,,,,,1600,21,,,,,,,,,,,,,,,,,,,elixir_storage_lvl7_base,,war_elixir_storage_lvl7_base,,,,,,,,,,,,,,,,,,,,,,,,,,,,,,,,,,,,,,,,,,,,,,,,,,,,,,,
,,,TID_INSTRUCTOR_HINT_UPGRADE_ELIXIR_STORAGE,0,,,elixir_storage_level8,,,,8,0,0,,50000,4,,,,,,250000,,,,,,,,,,,,,,,1700,22,,,,,,,,,,,,,,,,,,,elixir_storage_lvl8_base,,war_elixir_storage_lvl8_base,,,,,,,,,,,,,,,,,,,,,,,,,,,,,,,,,,,,,,,,,,,,,,,,,,,,,,,
,,,TID_INSTRUCTOR_HINT_UPGRADE_ELIXIR_STORAGE,0,,,elixir_storage_level9,,,,12,0,0,,100000,5,,,,,,500000,,,,,,,,,,,,,,,1800,23,,,,,,,,,,,,,,,,,,,elixir_storage_lvl9_base,,war_elixir_storage_lvl9_base,,,,,,,,,,,,,,,,,,,,,,,,,,,,,,,,,,,,,,,,,,,,,,,,,,,,,,,
,,,TID_INSTRUCTOR_HINT_UPGRADE_ELIXIR_STORAGE,0,,,elixir_storage_level10,,,1,0,0,0,,250000,6,,,,,,1000000,,,,,,,,,,,,,,,1900,24,,,,,,,,,,,,,,,,,,,elixir_storage_lvl10_base,,war_elixir_storage_lvl10_base,,,,,,,,,,,,,,,,,,,,,,,,,,,,,,,,,,,,,,,,,,,,,,,,,,,,,,,
,,,TID_INSTRUCTOR_HINT_UPGRADE_ELIXIR_STORAGE,0,,,elixir_storage_level11,,,2,0,0,0,,500000,7,,,,,,2000000,,,,,,,,,,,,,,,2100,25,,,,,,,,,,,,,,,,,,,elixir_storage_lvl11_base,,war_elixir_storage_lvl11_base,,,,,,,,,,,,,,,,,,,,,,,,,,,,,,,,,,,,,,,,,,,,,,,,,,,,,,,
Gold Mine,TID_BUILDING_GOLD_MINE,TID_GOLD_MINE_INFO,TID_INSTRUCTOR_HINT_BUILD_GOLD_MINE,15,Resource,sc/buildings.sc,goldmine_lvl1,,goldmine_const,,,0,10,Elixir,150,1,3,3,,goldmine_upg,,,,,,,,,Gold,200,500,6,,,,,400,15,,,,,,,,,,,Building Destroyed,,,,,wood_destructed_state2,2,2,goldmine_base,npc_goldmine_base,war_goldmine_base,,,,,,,,,,,,,,,,Gold Mine Pickup,Gold Mine Placing,true,,,,,,,,,,,,,,,,,,,,,,,,,,,,,,,,,,,,,
,,,TID_INSTRUCTOR_HINT_UPGRADE_GOLD_MINE,17,,,goldmine_lvl2,,,,,1,0,,300,1,,,,,,,,,,,,,,400,1000,15,,,,,440,,,,,,,,,,,,,,,,,,,,,,,,,,,,,,,,,,,,,,,,,,,,,,,,,,,,,,,,,,,,,,,,,,,,,,,,,,,,,
,,,TID_INSTRUCTOR_HINT_UPGRADE_GOLD_MINE,0,,,goldmine_lvl3,,,,,15,0,,700,2,,,,,,,,,,,,,,600,1500,25,,,,,480,,,,,,,,,,,,,,,,,,,,,,,,,,,,,,,,,,,,,,,,,,,,,,,,,,,,,,,,,,,,,,,,,,,,,,,,,,,,,
,,,TID_INSTRUCTOR_HINT_UPGRADE_GOLD_MINE,0,,,goldmine_lvl4,,,,1,0,0,,1400,2,,,,,,,,,,,,,,800,2500,40,,,,,520,,,,,,,,,,,,,,,,,,,,,,,,,,,,,,,,,,,,,,,,,,,,,,,,,,,,,,,,,,,,,,,,,,,,,,,,,,,,,
,,,TID_INSTRUCTOR_HINT_UPGRADE_GOLD_MINE,0,,,goldmine_lvl5,,,,2,0,0,,3000,3,,,,,,,,,,,,,,1000,10000,60,,,,4,560,,,,,,,,,,,,,,,,,,,,,,,,,,,,,,,,,,,,,,,,,,,,,,,,,,,,,,,,,,,,,,,,,,,,,,,,,,,,,
,,,TID_INSTRUCTOR_HINT_UPGRADE_GOLD_MINE,0,,,goldmine_lvl6,,,,6,0,0,,7000,3,,,,,,,,,,,,,,1300,20000,100,,,,5,600,,,,,,,,,,,,,,,,,,,,,,,,,,,,,,,,,,,,,,,,,,,,,,,,,,,,,,,,,,,,,,,,,,,,,,,,,,,,,
,,,TID_INSTRUCTOR_HINT_UPGRADE_GOLD_MINE,0,,,goldmine_lvl7,,,,12,0,0,,14000,4,,,,,,,,,,,,,,1600,30000,160,,,,6,640,,,,,,,,,,,,,,,,,,,,,,,,,,,,,,,,,,,,,,,,,,,,,,,,,,,,,,,,,,,,,,,,,,,,,,,,,,,,,
,,,TID_INSTRUCTOR_HINT_UPGRADE_GOLD_MINE,0,,,goldmine_lvl8,,,1,0,0,0,,28000,4,,,,,,,,,,,,,,1900,50000,220,,,,7,680,,,,,,,,,,,,,,,,,,,,,,,,,,,,,,,,,,,,,,,,,,,,,,,,,,,,,,,,,,,,,,,,,,,,,,,,,,,,,
,,,TID_INSTRUCTOR_HINT_UPGRADE_GOLD_MINE,0,,,goldmine_lvl9,,,2,0,0,0,,56000,5,,,,,,,,,,,,,,2200,75000,300,,,,8,720,,,,,,,,,,,,,,,,,,,,,,,,,,,,,,,,,,,,,,,,,,,,,,,,,,,,,,,,,,,,,,,,,,,,,,,,,,,,,
,,,TID_INSTRUCTOR_HINT_UPGRADE_GOLD_MINE,0,,,goldmine_lvl10,,,3,0,0,0,,84000,5,,,,,,,,,,,,,,2500,100000,400,,,,9,780,,,,,,,,,,,,,,,,,,,,,,,,,,,,,,,,,,,,,,,,,,,,,,,,,,,,,,,,,,,,,,,,,,,,,,,,,,,,,
,,,TID_INSTRUCTOR_HINT_UPGRADE_GOLD_MINE,0,,,goldmine_lvl11,,,4,0,0,0,,168000,7,,,,,,,,,,,,,,3000,150000,500,,,,10,860,,,,,,,,,,,,,,,,,,,,,,,,,,,,,,,,,,,,,,,,,,,,,,,,,,,,,,,,,,,,,,,,,,,,,,,,,,,,,
,,,TID_INSTRUCTOR_HINT_UPGRADE_GOLD_MINE,0,,,goldmine_lvl12,,,5,0,0,0,,336000,8,,,,,,,,,,,,,,3500,200000,600,,,,10,960,,,,,,,,,,,,,,,,,,,,,,,,,,,,,,,,,,,,,,,,,,,,,,,,,,,,,,,,,,,,,,,,,,,,,,,,,,,,,
Gold Storage,TID_BUILDING_GOLD_STORAGE,TID_GOLD_STORAGE_INFO,TID_INSTRUCTOR_HINT_BUILD_GOLD_STORAGE,0,Resource,sc/buildings.sc,gold_storage_lvl1,,gold_storage_const,,,0,10,Elixir,300,1,3,3,,gold_storage_upg,1500,,,,,,,,,,,,,,,,400,15,,,,,,,,,,,Building Destroyed,,,,,large_destructed_state2,2,2,gold_storage_lvl1_base,npc_gold_storage_lvl1_base,war_gold_storage_lvl1_base,,,,,,,,,,,,,,,,Gold Storage Pickup,Gold Storage Placing,,,,,,,,,,,,,,,,,,,,,,,,,,,,,,,,,,,,,,
,,,TID_INSTRUCTOR_HINT_UPGRADE_GOLD_STORAGE,16,,,gold_storage_lvl2,,,,,30,0,,750,2,,,,,3000,,,,,,,,,,,,,,,,600,16,,,,,,,,,,,,,,,,,,,gold_storage_lvl2_base,npc_gold_storage_lvl2_base,war_gold_storage_lvl2_base,,,,,,,,,,,,,,,,,,,,,,,,,,,,,,,,,,,,,,,,,,,,,,,,,,,,,,,
,,,TID_INSTRUCTOR_HINT_UPGRADE_GOLD_STORAGE,0,,,gold_storage_lvl3,,,,1,0,0,,1500,2,,,,,6000,,,,,,,,,,,,,,,,800,17,,,,,,,,,,,,,,,,,,,gold_storage_lvl3_base,npc_gold_storage_lvl3_base,war_gold_storage_lvl3_base,,,,,,,,,,,,,,,,,,,,,,,,,,,,,,,,,,,,,,,,,,,,,,,,,,,,,,,
,,,TID_INSTRUCTOR_HINT_UPGRADE_GOLD_STORAGE,0,,,gold_storage_lvl4,,,,2,0,0,,3000,3,,,,,12000,,,,,,,,,,,,,,,,1000,18,,,,,,,,,,,,,,,,,,,gold_storage_lvl4_base,npc_gold_storage_lvl4_base,war_gold_storage_lvl4_base,,,,,,,,,,,,,,,,,,,,,,,,,,,,,,,,,,,,,,,,,,,,,,,,,,,,,,,
,,,TID_INSTRUCTOR_HINT_UPGRADE_GOLD_STORAGE,0,,,gold_storage_lvl5,,,,3,0,0,,6000,3,,,,,25000,,,,,,,,,,,,,,,,1200,19,,,,,,,,,,,,,,,,,,,gold_storage_lvl5_base,npc_gold_storage_lvl5_base,war_gold_storage_lvl5_base,,,,,,,,,,,,,,,,,,,,,,,,,,,,,,,,,,,,,,,,,,,,,,,,,,,,,,,
,,,TID_INSTRUCTOR_HINT_UPGRADE_GOLD_STORAGE,0,,,gold_storage_lvl6,,,,4,0,0,,12000,3,,,,,50000,,,,,,,,,,,,,,,,1400,20,,,,,,,,,,,,,,,,,,,gold_storage_lvl6_base,npc_gold_storage_lvl6_base,war_gold_storage_lvl6_base,,,,,,,,,,,,,,,,,,,,,,,,,,,,,,,,,,,,,,,,,,,,,,,,,,,,,,,
,,,TID_INSTRUCTOR_HINT_UPGRADE_GOLD_STORAGE,0,,,gold_storage_lvl7,,,,6,0,0,,25000,4,,,,,100000,,,,,,,,,,,,,,,,1600,21,,,,,,,,,,,,,,,,,,,gold_storage_lvl7_base,npc_gold_storage_lvl7_base,war_gold_storage_lvl7_base,,,,,,,,,,,,,,,,,,,,,,,,,,,,,,,,,,,,,,,,,,,,,,,,,,,,,,,
,,,TID_INSTRUCTOR_HINT_UPGRADE_GOLD_STORAGE,0,,,gold_storage_lvl8,,,,8,0,0,,50000,4,,,,,250000,,,,,,,,,,,,,,,,1700,22,,,,,,,,,,,,,,,,,,,gold_storage_lvl8_base,npc_gold_storage_lvl8_base,war_gold_storage_lvl8_base,,,,,,,,,,,,,,,,,,,,,,,,,,,,,,,,,,,,,,,,,,,,,,,,,,,,,,,
,,,TID_INSTRUCTOR_HINT_UPGRADE_GOLD_STORAGE,0,,,gold_storage_lvl9,,,,12,0,0,,100000,5,,,,,500000,,,,,,,,,,,,,,,,1800,23,,,,,,,,,,,,,,,,,,,gold_storage_lvl9_base,npc_gold_storage_lvl9_base,war_gold_storage_lvl9_base,,,,,,,,,,,,,,,,,,,,,,,,,,,,,,,,,,,,,,,,,,,,,,,,,,,,,,,
,,,TID_INSTRUCTOR_HINT_UPGRADE_GOLD_STORAGE,0,,,gold_storage_lvl10,,,1,0,0,0,,250000,6,,,,,1000000,,,,,,,,,,,,,,,,1900,24,,,,,,,,,,,,,,,,,,,gold_storage_lvl10_base,npc_gold_storage_lvl10_base,war_gold_storage_lvl10_base,,,,,,,,,,,,,,,,,,,,,,,,,,,,,,,,,,,,,,,,,,,,,,,,,,,,,,,
,,,TID_INSTRUCTOR_HINT_UPGRADE_GOLD_STORAGE,0,,,gold_storage_lvl11,,,2,0,0,0,,500000,7,,,,,2000000,,,,,,,,,,,,,,,,2100,25,,,,,,,,,,,,,,,,,,,gold_storage_lvl11_base,npc_gold_storage_lvl11_base,war_gold_storage_lvl11_base,,,,,,,,,,,,,,,,,,,,,,,,,,,,,,,,,,,,,,,,,,,,,,,,,,,,,,,
Barrack,TID_BUILDING_BARRACK,TID_BARRACK_INFO,TID_INSTRUCTOR_HINT_BARRACK_BUILD,20,Army,sc/buildings.sc,barracks_lvl1,,barracks_const,,,0,10,Elixir,200,1,3,3,,barracks_upg,,,,,,,,,,,,,20,,1,,250,15,,,,,,,,,,,Building Destroyed,,,,,wood_destructed_state2,2,2,barracks_base,npc_barracks_base,war_barracks_base,,,,,,,,,,,,,,,,Training Barrack Pickup,Training Barrack Placing,true,,,,,,,,,,,,,,,,,,,,,,,,,,,,,,,,,,,,,
,,,TID_INSTRUCTOR_HINT_BARRACK_UPGRADE,0,,,barracks_lvl2,,,,,15,0,,1000,1,,,,,,,,,,,,,,,,,25,,1,,290,,,,,,,,,,,,,,,,,,,,,,,,,,,,,,,,,,,,,,,,,,,,,,,,,,,,,,,,,,,,,,,,,,,,,,,,,,,,,
,,,TID_INSTRUCTOR_HINT_BARRACK_UPGRADE,0,,,barracks_lvl3,,,,2,0,0,,2500,1,,,,,,,,,,,,,,,,,30,,1,,330,,,,,,,,,,,,,,,,,,,,,,,,,,,,,,,,,,,,,,,,,,,,,,,,,,,,,,,,,,,,,,,,,,,,,,,,,,,,,
,,,TID_INSTRUCTOR_HINT_BARRACK_UPGRADE,0,,,barracks_lvl4,,,,4,0,0,,5000,2,,,,,,,,,,,,,,,,,35,,1,10,370,,,,,,,,,,,,,,,,,,,,,,,,,,,,,,,,,,,,,,,,,,,,,,,,,,,,,,,,,,,,,,,,,,,,,,,,,,,,,
,,,TID_INSTRUCTOR_HINT_BARRACK_UPGRADE,0,,,barracks_lvl5,,,,10,0,0,,10000,3,,,,,,,,,,,,,,,,,40,,1,,420,,,,,,,,,,,,,,,,,,,,,,,,,,,,,,,,,,,,,,,,,,,,,,,,,,,,,,,,,,,,,,,,,,,,,,,,,,,,,
,,,TID_INSTRUCTOR_HINT_BARRACK_UPGRADE,0,,,barracks_lvl6,,,,16,0,0,,80000,4,,,,,,,,,,,,,,,,,45,,1,,470,,,,,,,,,,,,,,,,,,,,,,,,,,,,,,,,,,,,,,,,,,,,,,,,,,,,,,,,,,,,,,,,,,,,,,,,,,,,,
,,,TID_INSTRUCTOR_HINT_BARRACK_UPGRADE,0,,,barracks_lvl7,,,1,0,0,0,,240000,5,,,,,,,,,,,,,,,,,50,,1,,520,,,,,,,,,,,,,,,,,,,,,,,,,,,,,,,,,,,,,,,,,,,,,,,,,,,,,,,,,,,,,,,,,,,,,,,,,,,,,
,,,TID_INSTRUCTOR_HINT_BARRACK_UPGRADE,0,,,barracks_lvl8,,,2,0,0,0,,700000,6,,,,,,,,,,,,,,,,,55,,1,,600,,,,,,,,,,,,,,,,,,,,,,,,,,,,,,,,,,,,,,,,,,,,,,,,,,,,,,,,,,,,,,,,,,,,,,,,,,,,,
,,,TID_INSTRUCTOR_HINT_BARRACK_UPGRADE,0,,,barracks_lvl9,,,4,0,0,0,,1500000,7,,,,,,,,,,,,,,,,,60,,1,,720,,,,,,,,,,,,,,,,,,,,,,,,,,,,,,,,,,,,,,,,,,,,,,,,,,,,,,,,,,,,,,,,,,,,,,,,,,,,,
,,,TID_INSTRUCTOR_HINT_BARRACK_UPGRADE,0,,,barracks_lvl10,,,6,0,0,0,,2000000,8,,,,,,,,,,,,,,,,,75,,1,,860,,,,,,,,,,,,,,,,,,,,,,,,,,,,,,,,,,,,,,,,,,,,,,,,,,,,,,,,,,,,,,,,,,,,,,,,,,,,,
Laboratory,TID_BUILDING_LABORATORY,TID_LABORATORY_INFO,TID_INSTRUCTOR_HINT_BUILD_LAB,0,Army,sc/buildings.sc,laboratory_lvl1,,laboratory_const,,,30,,Elixir,25000,3,4,4,,laboratory_upg,,,,,,,,,,,,,,true,,,500,15,,,,,,,,,,,Building Destroyed,,,,,wood_destructed_state4,3,3,laboratory_base,npc_laboratory_base,war_laboratory_base,,,,,,,,,,,,,,,,Training Barrack Pickup,Training Barrack Placing,true,,,,,,,,,,,,,,,,,,,,,,,,,,,,,,,,,,,,,
,,,TID_INSTRUCTOR_HINT_UPGRADE_LAB,0,,,laboratory_lvl2,,,,5,0,,,50000,4,,,,,,,,,,,,,,,,,,,,,550,,,,,,,,,,,,,,,,,,,,,,,,,,,,,,,,,,,,,,,,,,,,,,,,,,,,,,,,,,,,,,,,,,,,,,,,,,,,,
,,,TID_INSTRUCTOR_HINT_UPGRADE_LAB,0,,,laboratory_lvl3,,,,12,0,,,90000,5,,,,,,,,,,,,,,,,,,,,,600,,,,,,,,,,,,,,,,,,,,,,,,,,,,,,,,,,,,,,,,,,,,,,,,,,,,,,,,,,,,,,,,,,,,,,,,,,,,,
,,,TID_INSTRUCTOR_HINT_UPGRADE_LAB,0,,,laboratory_lvl4,,,1,0,0,,,270000,6,,,,,,,,,,,,,,,,,,,,,650,,,,,,,,,,,,,,,,,,,,,,,,,,,,,,,,,,,,,,,,,,,,,,,,,,,,,,,,,,,,,,,,,,,,,,,,,,,,,
,,,TID_INSTRUCTOR_HINT_UPGRADE_LAB,0,,,laboratory_lvl5,,,2,0,0,,,500000,7,,,,,,,,,,,,,,,,,,,,,700,,,,,,,,,,,,,,,,,,,,,,,,,,,,,,,,,,,,,,,,,,,,,,,,,,,,,,,,,,,,,,,,,,,,,,,,,,,,,
,,,TID_INSTRUCTOR_HINT_UPGRADE_LAB,0,,,laboratory_lvl6,,,4,0,0,,,1000000,8,,,,,,,,,,,,,,,,,,,,,750,,,,,,,,,,,,,,,,,,,,,,,,,,,,,,,,,,,,,,,,,,,,,,,,,,,,,,,,,,,,,,,,,,,,,,,,,,,,,
,,,TID_INSTRUCTOR_HINT_UPGRADE_LAB,0,,,laboratory_lvl7,,,5,0,0,,,2500000,9,,,,,,,,,,,,,,,,,,,,,830,,,,,,,,,,,,,,,,,,,,,,,,,,,,,,,,,,,,,,,,,,,,,,,,,,,,,,,,,,,,,,,,,,,,,,,,,,,,,
,,,TID_INSTRUCTOR_HINT_UPGRADE_LAB,0,,,laboratory_lvl8,,,6,0,0,,,4000000,10,,,,,,,,,,,,,,,,,,,,,950,,,,,,,,,,,,,,,,,,,,,,,,,,,,,,,,,,,,,,,,,,,,,,,,,,,,,,,,,,,,,,,,,,,,,,,,,,,,,
Cannon,TID_BUILDING_CANNON,TID_BASIC_TURRET_INFO,TID_INSTRUCTOR_HINT_BUILD_CANNON,19,Defense,sc/buildings.sc,basic_turret_lvl1,,basic_turret_const,,,0,10,Gold,250,1,3,3,,basic_turret_upg,,,,,,,,,,,,,,,,,420,15,900,,,,800,,9,,,,Building Destroyed,Cannon Attack,,Generic Hit,Cannonball,gen_destructed_state2,2,2,basic_cannon_lvl1_base,npc_basic_cannon_lvl1_base,war_basic_cannon_lvl1_base,false,true,,,,,,,,,,,,,,Basic Turret Pickup,Basic Turret Placing,true,,,,,,,,,,,,,,,,,,,,,,,,,,,,100,,,,,,,,,
,,,TID_INSTRUCTOR_HINT_UPGRADE_CANNON,0,,,basic_turret_lvl2,,,,,15,0,,1000,1,,,,,,,,,,,,,,,,,,,,,470,16,,,,,,,11,,,,,Cannon Attack,,,Cannonball2,,,,basic_cannon_lvl2_base,npc_basic_cannon_lvl2_base,war_basic_cannon_lvl2_base,,,,,,,,,,,,,,,,,,,,,,,,,,,,,,,,,,,,,,,,,,,,,,99,,,,,,,,,
,,,TID_INSTRUCTOR_HINT_UPGRADE_CANNON,0,,,basic_turret_lvl3,,,,,45,0,,4000,2,,,,,,,,,,,,,,,,,,,,,520,17,,,,,,,15,,,,,Cannon Attack,,,Cannonball2,,,,basic_cannon_lvl3_base,npc_basic_cannon_lvl3_base,war_basic_cannon_lvl3_base,,,,,,,,,,,,,,,,,,,,,,,,,,,,,,,,,,,,,,,,,,,,,,98,,,,,,,,,
,,,TID_INSTRUCTOR_HINT_UPGRADE_CANNON,0,,,basic_turret_lvl4,,,,2,0,0,,16000,3,,,,,,,,,,,,,,,,,,,,,570,18,,,,,,,19,,,,,Cannon Attack,,,Cannonball4,,,,basic_cannon_lvl4_base,npc_basic_cannon_lvl4_base,war_basic_cannon_lvl4_base,,,,,,,,,,,,,,,,,,,,,,,,,,,,,,,,,,,,,,,,,,,,,,97,,,,,,,,,
,,,TID_INSTRUCTOR_HINT_UPGRADE_CANNON,0,,,basic_turret_lvl5,,,,6,0,0,,50000,4,,,,,,,,,,,,,,,,,,,,,620,19,,,,,,,25,,,,,Cannon Attack Large,,,Cannonball4,,,,basic_cannon_lvl5_base,npc_basic_cannon_lvl5_base,war_basic_cannon_lvl5_base,,,,,,,,,,,,,,,,,,,,,,,,,,,,,,,,,,,,,,,,,,,,,,96,,,,,,,,,
,,,TID_INSTRUCTOR_HINT_UPGRADE_CANNON,0,,,basic_turret_lvl6,,,,12,0,0,,100000,5,,,,,,,,,,,,,,,,,,,,,670,20,,,,,,,31,,,,,Cannon Attack Large,,,Cannonball5,,,,basic_cannon_lvl6_base,npc_basic_cannon_lvl6_base,war_basic_cannon_lvl6_base,,,,,,,,,,,,,,,,,,,,,,,,,,,,,,,,,,,,,,,,,,,,,,95,,,,,,,,,
,,,TID_INSTRUCTOR_HINT_UPGRADE_CANNON,0,,,basic_turret_lvl7,,,1,0,0,0,,200000,6,,,,,,,,,,,,,,,,,,,,,730,21,,,,,,,40,,,,,Cannon Attack Large,,,Cannonball5,,,,basic_cannon_lvl7_base,npc_basic_cannon_lvl7_base,war_basic_cannon_lvl7_base,,,,,,,,,,,,,,,,,,,,,,,,,,,,,,,,,,,,,,,,,,,,,,94,,,,,,,,,
,,,TID_INSTRUCTOR_HINT_UPGRADE_CANNON,0,,,basic_turret_lvl8,,,2,0,0,0,,400000,7,,,,,,,,,,,,,,,,,,,,,800,22,,,,,,,48,,,,,Cannon Attack Large,,,Cannonball7,,,,basic_cannon_lvl8_base,npc_basic_cannon_lvl8_base,war_basic_cannon_lvl8_base,,,,,,,,,,,,,,,,,,,,,,,,,,,,,,,,,,,,,,,,,,,,,,93,,,,,,,,,
,,,TID_INSTRUCTOR_HINT_UPGRADE_CANNON,0,,,basic_turret_lvl9,,,3,,0,0,,800000,8,,,,,,,,,,,,,,,,,,,,,880,23,,,,,,,56,,,,,Cannon Attack Large,,,Cannonball7,,,,basic_cannon_lvl9_base,npc_basic_cannon_lvl9_base,war_basic_cannon_lvl9_base,,,,,,,,,,,,,,,,,,,,,,,,,,,,,,,,,,,,,,,,,,,,,,92,,,,,,,,,
,,,TID_INSTRUCTOR_HINT_UPGRADE_CANNON,0,,,basic_turret_lvl10,,,4,,0,0,,1600000,8,,,,,,,,,,,,,,,,,,,,,960,24,,,,,,,65,,,,,Cannon Attack Large,,,Cannonball10,,,,basic_cannon_lvl10_base,npc_basic_cannon_lvl10_base,war_basic_cannon_lvl10_base,,,,,,,,,,,,,,,,,,,,,,,,,,,,,,,,,,,,,,,,,,,,,,91,,,,,,,,,
,,,TID_INSTRUCTOR_HINT_UPGRADE_CANNON,0,,,basic_turret_lvl11,,,5,,0,0,,3200000,9,,,,,,,,,,,,,,,,,,,,,1060,25,,,,,,,75,,,,,Cannon Attack Large,,,Cannonball10,,,,basic_cannon_lvl11_base,npc_basic_cannon_lvl11_base,war_basic_cannon_lvl11_base,,,,,,,,,,,,,,,,,,,,,,,,,,,,,,,,,,,,,,,,,,,,,,90,,,,,,,,,
,,,TID_INSTRUCTOR_HINT_UPGRADE_CANNON,0,,,basic_turret_lvl12,,,6,,0,0,,6400000,10,,,,,,,,,,,,,,,,,,,,,1160,25,,,,,,,86,,,,,Cannon Attack Large,,,Cannonball12,,,,basic_cannon_lvl11_base,npc_basic_cannon_lvl11_base,war_basic_cannon_lvl11_base,,,,,,,,,,,,,,,,,,,,,,,,,,,,,,,,,,,,,,,,,,,,,,89,,,,,,,,,
,,,TID_INSTRUCTOR_HINT_UPGRADE_CANNON,0,,,basic_turret_lvl13,,,7,,0,0,,7500000,10,,,,,,,,,,,,,,,,,,,,,1260,25,,,,,,,98,,,,,Cannon Attack Larger,,,Cannonball13,,,,basic_cannon_lvl11_base,npc_basic_cannon_lvl11_base,war_basic_cannon_lvl11_base,,,,,,,,,,,,,,,,,,,,,,,,,,,,,,,,,,,,,,,,,,,,,,88,,,,,,,,,
Archer Tower,TID_BUILDING_ARCHER_TOWER,TID_ARCHER_TOWER_INFO,TID_INSTRUCTOR_HINT_BUILD_AT,18,Defense,sc/buildings.sc,tower_turret_lvl1,,tower_turret_const,,,1,,Gold,1000,2,3,3,,tower_turret_upg,,,,,,,,,,,,,,,,,380,15,1000,,,,500,,11,,,,Building Destroyed,Archer Attack,,Generic Hit,Tower Arrow,wood_destructed_state2,2,2,defense_tower_turret_base,npc_defense_tower_turret_base,war_defense_tower_turret_base,true,true,,,,,,,,,,,,,,Tower Turret Pickup,Tower Turret Placing,,Archer,2,180,,,,,,,,,,,,,,,,,,,,,,,,,100,,,,,,,,,
,,,TID_INSTRUCTOR_HINT_UPGRADE_AT,0,,,tower_turret_lvl2,,,,,30,,,2000,2,,,,,,,,,,,,,,,,,,,,,420,16,,,,,,,15,,,,,,,Generic Hit,Tower Arrow,,,,,,,,,,,,,,,,,,,,,,,,,Archer,2,,,,,,,,,,,,,,,,,,,,,,,,,,99,,,,,,,,,
,,,TID_INSTRUCTOR_HINT_UPGRADE_AT,0,,,tower_turret_lvl3,,,,,45,,,5000,3,,,,,,,,,,,,,,,,,,,,,460,17,,,,,,,19,,,,,,,Generic Hit,Tower Arrow,,,,,,,,,,,,,,,,,,,,,,,,,Archer,2,,,,,,,,,,,,,,,,,,,,,,,,,,98,,,,,,,,,
,,,TID_INSTRUCTOR_HINT_UPGRADE_AT,0,,,tower_turret_lvl4,,,,4,0,,,20000,4,,,,,,,,,,,,,,,,,,,,,500,18,,,,,,,25,,,,,,,Generic Hit,Tower Arrow Fire,,,,,,,,,,,,,,,,,,,,,,,,,Archer,2,,,,,,,,,,,,,,,,,,,,,,,,,,97,,,,,,,,,
,,,TID_INSTRUCTOR_HINT_UPGRADE_AT,0,,,tower_turret_lvl5,,,,12,0,,,80000,5,,,,,,,,,,,,,,,,,,,,,540,19,,,,,,,30,,,,,,,Generic Hit,Tower Arrow Fire,,,,,,,,,,,,,,,,,,,,,,,,,Archer2,2,,,,,,,,,,,,,,,,,,,,,,,,,,96,,,,,,,,,
,,,TID_INSTRUCTOR_HINT_UPGRADE_AT,0,,,tower_turret_lvl6,,,1,0,0,,,180000,5,,,,,,,,,,,,,,,,,,,,,580,20,,,,,,,35,,,,,,,Generic Hit,Tower Arrow Fire,,,,,,,,,,,,,,,,,,,,,,,,,Archer2,2,,,,,,,,,,,,,,,,,,,,,,,,,,95,,,,,,,,,
,,,TID_INSTRUCTOR_HINT_UPGRADE_AT,0,,,tower_turret_lvl7,,,2,0,0,,,360000,6,,,,,,,,,,,,,,,,,,,,,630,21,,,,,,,42,,,,,,,Generic Hit,Tower Arrow ElixFire,,,,,,,,,,,,,,,,,,,,,,,,,Archer2,3,,,,,,,,,,,,,,,,,,,,,,,,,,94,,,,,,,,,
,,,TID_INSTRUCTOR_HINT_UPGRADE_AT,0,,,tower_turret_lvl8,,,3,0,0,,,720000,7,,,,,,,,,,,,,,,,,,,,,690,22,,,,,,,48,,,,,,,Generic Hit,Tower Arrow ElixFire,,,,,,,,,,,,,,,,,,,,,,,,,Archer3,3,,,,,,,,,,,,,,,,,,,,,,,,,,93,,,,,,,,,
,,,TID_INSTRUCTOR_HINT_UPGRADE_AT,0,,,tower_turret_lvl9,,,4,0,0,,,1500000,8,,,,,,,,,,,,,,,,,,,,,750,23,,,,,,,56,,,,,,,Generic Hit,Tower Arrow ElixFire,,,,,,,,,,,,,,,,,,,,,,,,,Archer3,3,,,,,,,,,,,,,,,,,,,,,,,,,,92,,,,,,,,,
,,,TID_INSTRUCTOR_HINT_UPGRADE_AT,0,,,tower_turret_lvl10,,,5,0,0,,,2500000,8,,,,,,,,,,,,,,,,,,,,,810,24,,,,,,,65,,,,,,,Explosive Arrow,Tower Arrow ElixFire,,,,,,,,,,,,,,,,,,,,,,,,,Archer3,3,,,,,,,,,,,,,,,,,,,,,,,,,,91,,,,,,,,,
,,,TID_INSTRUCTOR_HINT_UPGRADE_AT,0,,,tower_turret_lvl11,,,6,0,0,,,4500000,9,,,,,,,,,,,,,,,,,,,,,890,25,,,,,,,75,,,,,,,Explosive Arrow,Tower Arrow DarkElixFire,,,,,,,,,,,,,,,,,,,,,,,,,Archer6,3,,,,,,,,,,,,,,,,,,,,,,,,,,90,,,,,,,,,
,,,TID_INSTRUCTOR_HINT_UPGRADE_AT,0,,,tower_turret_lvl12,,,7,0,0,,,6500000,10,,,,,,,,,,,,,,,,,,,,,970,25,,,,,,,86,,,,,,,Explosive Arrow,Tower Arrow Fire2,,,,,,,,,,,,,,,,,,,,,,,,,Archer6,3,,,,,,,,,,,,,,,,,,,,,,,,,,89,,,,,,,,,
,,,TID_INSTRUCTOR_HINT_UPGRADE_AT,0,,,tower_turret_lvl13,,,8,0,0,,,7500000,10,,,,,,,,,,,,,,,,,,,,,1050,25,,,,,,,98,,,,,,,Explosive Arrow,Tower Arrow Fire3,,,,,,,,,,,,,,,,,,,,,,,,,Archer7,3,,,,,,,,,,,,,,,,,,,,,,,,,,88,,,,,,,,,
Wall,TID_BUILDING_WALL,TID_WALL_INFO,TID_INSTRUCTOR_HINT_BUILD_WALLS,0,Wall,sc/buildings.sc,defense_wall_lvl1,,dummy_particle,,,0,,Gold,50,2,1,1,,dummy_particle,,,,,,,,,,,,,,,,,300,20,,,,,,,,,,,Building Destroyed,,,,,wall_destructed_state1,,,,,,,,,,,,,,,,,,,,,Weak Wall Pickup,Weak Wall Placing,,,,,,,,,,,,,,,,,,,,,,,,,,,,,200,,,,,,,,,
,,,TID_INSTRUCTOR_HINT_UPGRADE_WALLS,0,,,defense_wall_lvl2,,,,,0,,,1000,2,1,1,,,,,,,,,,,,,,,,,,,500,21,,,,,,,,,,,Building Destroyed,,,,,,,,,,,,,,,,,,,,,,,,,,,,,,,,,,,,,,,,,,,,,,,,,,,,,,,,200,,,,,,,,,
,,,TID_INSTRUCTOR_HINT_UPGRADE_WALLS,0,,,defense_wall_lvl3,,,,,0,,,5000,3,1,1,,,,,,,,,,,,,,,,,,,700,22,,,,,,,,,,,Building Destroyed,,,,,,,,,,,,,,,,,,,,,,,,,,,,,,,,,,,,,,,,,,,,,,,,,,,,,,,,200,,,,,,,,,
,,,TID_INSTRUCTOR_HINT_UPGRADE_WALLS,0,,,defense_wall_lvl4,,,,,0,,,10000,4,,,,,,,,,,,,,,,,,,,,,900,23,,,,,,,,,,,Building Destroyed,,,,,,,,,,,,,,,,,,,,,,,,,,,,,,,,,,,,,,,,,,,,,,,,,,,,,,,,200,,,,,,,,,
,,,TID_INSTRUCTOR_HINT_UPGRADE_WALLS,0,,,defense_wall_lvl5,,,,,0,,,30000,5,,,,,,,,,,,,,,,,,,,,,1400,24,,,,,,,,,,,Building Destroyed,,,,,,,,,,,,,,,,,,,,,,,,,,,,,,,,,,,,,,,,,,,,,,,,,,,,,,,,200,,,,,,,,,
,,,TID_INSTRUCTOR_HINT_UPGRADE_WALLS,0,,,defense_wall_lvl6,,,,,0,,,75000,6,,,,,,,,,,,,,,,,,,,,,2000,25,,,,,,,,,,,Building Destroyed,,,,,,,,,,,,,,,,,,,,,,,,,,,,,,,,,,,,,,,,,,,,,,,,,,,,,,,,200,,,,,,,,,
,,,TID_INSTRUCTOR_HINT_UPGRADE_WALLS,0,,,defense_wall_lvl7,,,,,0,,,200000,7,,,,,,,,,,,,,,,,,,,,,2500,26,,,,,,,,,,,Building Destroyed,,,,,,,,,,,,,,,,,,,,,,,,,,,,,,,,,,,,,,,,,,,,,,,,,,,,,,,,200,,,,,,,,,
,,,TID_INSTRUCTOR_HINT_UPGRADE_WALLS,0,,,defense_wall_lvl8,,,,,0,,,500000,8,,,,,,,,,,,,,,,,,,,,,3000,27,,,,,,,,,,,Building Destroyed,,,,,,,,,,,,,,,,,,,,,,,,,,,,,,,,,,,,,,,,,,,,,,,,,,,,,,,,200,,,,,,,,,
,,,TID_INSTRUCTOR_HINT_UPGRADE_WALLS,0,,,defense_wall_lvl9,,,,,,,,1000000,9,,,,,,,,,,,,,,,,,,,,,4000,28,,,,,,,,,,,Building Destroyed,,,,,,,,,,,,,,,,,,,,,,true,,,,,,,,,,,,,,,,,,,,,,,,,,,,,,,,,,200,,Elixir,,,,,,,
,,,TID_INSTRUCTOR_HINT_UPGRADE_WALLS,0,,,defense_wall_lvl10,,,,,,,,3000000,9,,,,,,,,,,,,,,,,,,,,,5500,29,,,,,,,,,,,Wall Level 10 Destroyed,,,,,,,,,,,,,,,,,,,,,,true,,,,,,,,,,,,,,,,,,,,,,,,,,,,,,,,,,200,,Elixir,,,,,,,
,,,TID_INSTRUCTOR_HINT_UPGRADE_WALLS,0,,,defense_wall_lvl11,,,,,,,,4000000,10,,,,,,,,,,,,,,,,,,,,,7000,29,,,,,,,,,,,Wall Level 10 Destroyed,,,,,,,,,,,,,,,,,,,,,,true,,,,,,,,,,,,,,,,,,,,,,,,,,,,,,,,,,200,,Elixir,,,,,,,
Wizard Tower,TID_BUILDING_WIZARD_TOWER,TID_WIZARD_TOWER_INFO,,,Defense,sc/buildings.sc,wizard_tower_lvl1,,wizard_tower_const,,12,0,,Gold,180000,5,3,3,,wizard_tower_upg,,,,,,,,,,,,,,,,,620,15,700,,,,1300,,11,,,,Building Destroyed,Wizard Tower attack,,Wizard Tower hit,Wizard Blast,stone_destructed_state3,2,2,wizard_tower_base,npc_wizard_tower_base,war_wizard_tower_base,true,true,,,,,,,,100,,,,,,Wizard Tower Pickup,Wizard Tower Placing,,Wizard,1,155,,,,,,,,,,,,,,,,,,,,,,,,,450,,,,,,,,,
,,,,,,,wizard_tower_lvl4,,,1,0,0,,,360000,5,,,,,,,,,,,,,,,,,,,,,650,16,,,,,,,13,,,,,Wizard Tower attack,,,Wizard Blast,,,,,,,,,,,,,,,,,,,,,,,,,Wizard,1,155,,,,,,,,,,,,,,,,,,,,,,,,,420,,,,,,,,,
,,,,,,,wizard_tower_lvl7,,,2,0,0,,,720000,6,,,,,,,,,,,,,,,,,,,,,680,17,,,,,,,16,,,,,Wizard Tower attack,,,Wizard Blast,,,,,,,,,,,,,,,,,,,,,,,,,Wizard2,1,155,,,,,,,,,,,,,,,,,,,,,,,,,390,,,,,,,,,
,,,,,,,wizard_tower_lvl8,,,3,0,0,,,1280000,7,,,,,,,,,,,,,,,,,,,,,730,18,,,,,,,20,,,,,Wizard Tower attack,,,Wizard Blast,,,,,,,,,,,,,,,,,,,,,,,,,Wizard2,1,155,,,,,,,,,,,,,,,,,,,,,,,,,360,,,,,,,,,
,,,,,,,wizard_tower_lvl9,,,4,0,0,,,1960000,8,,,,,,,,,,,,,,,,,,,,,790,19,,,,,,,24,,,,,Wizard Tower attack,,,Wizard Blast,,,,,,,,,,,,,,,,,,,,,,,,,Wizard3,1,155,,,,,,,,,,,,,,,,,,,,,,,,,330,,,,,,,,,
,,,,,,,wizard_tower_lvl10,,,5,0,0,,,2680000,8,,,,,,,,,,,,,,,,,,,,,850,20,,,,,,,32,,,,,Wizard Tower attack,,,Wizard Blast,,,,,,,,,,,,,,,,,,,,,,,,,Wizard3,1,155,,,,,,,,,,,,,,,,,,,,,,,,,300,,,,,,,,,
,,,,,,,wizard_tower_lvl11,,,7,0,0,,,5360000,9,,,,,,,,,,,,,,,,,,,,,930,21,,,,,,,40,,,,,Wizard Tower attack,,,Wizard Blast,,,,,,,,,,,,,,,,,,,,,,,,,Wizard3,1,155,,,,,,,,,,,,,,,,,,,,,,,,,270,,,,,,,,,
,,,,,,,wizard_tower_lvl12,,,10,0,0,,,6480000,10,,,,,,,,,,,,,,,,,,,,,1010,21,,,,,,,48,,,,,Wizard Tower attack lv6,,,wizard_projectile3_lv6,,,,,,,,,,,,,,,,,,,,,,,,,Wizard6,1,135,,,,,,,,,,,,,,,,,,,,,,,,,240,,,,,,,,,
Air Defense,TID_BUILDING_AIR_DEFENSE,TID_AIR_DEFENSE_INFO,,,Defense,sc/buildings.sc,fireworks_tower_lvl1,,fireworks_tower_const,,5,0,,Gold,22500,4,3,3,,fireworks_tower_upg,,,,,,,,,,,,,,,,,800,15,1000,,,,1000,,80,,,,Building Destroyed,Air Defence Attack,,Air Defence hit1,Firework,wood_destructed_state2,2,2,airdefence_tower_base,npc_airdefence_tower_base,war_airdefence_tower_base,true,false,,,,,,,,,,,,,,Air Defence Pickup,Air Defence Placing,,,,,,,,,,,,,,,,,,,,,,,,,,,,,40,,,,,,,,,
,,,,,,,fireworks_tower_lvl2,,,1,0,0,,,90000,4,,,,,,,,,,,,,,,,,,,,,850,16,,,,,,,110,,,,,Air Defence Attack,,Air Defence hit1,Firework2,,,,,,,,,,,,,,,,,,,,,,,,,,,,,,,,,,,,,,,,,,,,,,,,,,,,40,,,,,,,,,
,,,,,,,fireworks_tower_lvl3,,,3,0,0,,,270000,5,,,,,,,,,,,,,,,,,,,,,900,17,,,,,,,140,,,,,Air Defence Attack,,Air Defence hit2,Firework3,,,,,,,,,,,,,,,,,,,,,,,,,,,,,,,,,,,,,,,,,,,,,,,,,,,,40,,,,,,,,,
,,,,,,,fireworks_tower_lvl4,,,5,0,0,,,540000,6,,,,,,,,,,,,,,,,,,,,,950,18,,,,,,,160,,,,,Air Defence Attack,,Air Defence hit2,Firework4,,,,,,,,,,,,,,,,,,,,,,,,,,,,,,,,,,,,,,,,,,,,,,,,,,,,40,,,,,,,,,
,,,,,,,fireworks_tower_lvl5,,,6,0,0,,,1080000,7,,,,,,,,,,,,,,,,,,,,,1000,19,,,,,,,190,,,,,Air Defence Attack,,Air Defence hit3,Firework5,,,,,,,,,,,,,,,,,,,,,,,,,,,,,,,,,,,,,,,,,,,,,,,,,,,,40,,,,,,,,,
,,,,,,,fireworks_tower_lvl6,,,8,0,0,,,2160000,8,,,,,,,,,,,,,,,,,,,,,1050,20,,,,,,,230,,,,,Air Defence Attack,,Air Defence hit3,Firework6,,,,,,,,,,,,,,,,,,,,,,,,,,,,,,,,,,,,,,,,,,,,,,,,,,,,40,,,,,,,,,
,,,,,,,fireworks_tower_lvl7,,,10,0,0,,,4320000,9,,,,,,,,,,,,,,,,,,,,,1110,21,,,,,,,280,,,,,Air Defence Attack,,Air Defence hit3,Firework6,,,,,,,,,,,,,,,,,,,,,,,,,,,,,,,,,,,,,,,,,,,,,,,,,,,,40,,,,,,,,,
,,,,,,,fireworks_tower_lvl8,,,12,0,0,,,7560000,10,,,,,,,,,,,,,,,,,,,,,1170,21,,,,,,,320,,,,,Air Defence Attack,,Air Defence hit3,Firework6,,,,,,,,,,,,,,,,,,,,,,,,,,,,,,,,,,,,,,,,,,,,,,,,,,,,40,,,,,,,,,
Mortar,TID_BUILDING_MORTAR,TID_MORTAR_INFO,TID_INSTRUCTOR_HINT_BUILD_MORTAR,,Defense,sc/buildings.sc,mortar_lvl1,,mortar_const,,8,0,,Gold,8000,3,3,3,,mortar_upg,,,,,,,,,,,,,,,,,400,20,1100,,,,5000,,4,,,,Building Destroyed,Mortar Attack,,Mortar Hit,Mortar Ammo1,gen_destructed_state2,2,2,mortar_base,npc_mortar_base,war_mortar_base,false,true,,,,,,,400,150,true,,,,,Mortar Pickup,Mortar Placing,,,,,,,,,,,,,,,,,,,,,,,,,,,,,450,,,,,,,,,
,,,TID_INSTRUCTOR_HINT_UPGRADE_MORTAR,,,,mortar_lvl2,,,,12,0,,,32000,4,,,,,,,,,,,,,,,,,,,,,450,21,,,,,,,5,,,,,Mortar Attack,,Mortar Hit,Mortar Ammo2,,,,,,,,,,,,,,,,,,,,,,,,,,,,,,,,,,,,,,,,,,,,,,,,,,,,440,,,,,,,,,
,,,TID_INSTRUCTOR_HINT_UPGRADE_MORTAR,,,,mortar_lvl3,,,1,0,0,,,120000,5,,,,,,,,,,,,,,,,,,,,,500,22,,,,,,,6,,,,,Mortar Attack,,Mortar Hit,Mortar Ammo3,,,,,,,,,,,,,,,,,,,,,,,,,,,,,,,,,,,,,,,,,,,,,,,,,,,,430,,,,,,,,,
,,,TID_INSTRUCTOR_HINT_UPGRADE_MORTAR,,,,mortar_lvl4,,,2,0,0,,,400000,6,,,,,,,,,,,,,,,,,,,,,550,23,,,,,,,7,,,,,Mortar Attack,,Mortar Hit,Mortar Ammo4,,,,,,,,,,,,,,,,,,,,,,,,,,,,,,,,,,,,,,,,,,,,,,,,,,,,420,,,,,,,,,
,,,TID_INSTRUCTOR_HINT_UPGRADE_MORTAR,,,,mortar_lvl5,,,4,0,0,,,800000,7,,,,,,,,,,,,,,,,,,,,,600,24,,,,,,,8,,,,,Mortar Attack,,Mortar Hit,Mortar Ammo5,,,,,,,,,,,,,,,,,,,,,,,,,,,,,,,,,,,,,,,,,,,,,,,,,,,,410,,,,,,,,,
,,,TID_INSTRUCTOR_HINT_UPGRADE_MORTAR,,,,mortar_lvl6,,,5,0,0,,,1600000,8,,,,,,,,,,,,,,,,,,,,,650,25,,,,,,,9,,,,,Mortar Attack,,Mortar Hit lvl6,Mortar Ammo6,,,,,,,,,,,,,,,,,,,,,,,,,,,,,,,,,,,,,,,,,,,,,,,,,,,,400,,,,,,,,,
,,,TID_INSTRUCTOR_HINT_UPGRADE_MORTAR,,,,mortar_lvl7,,,7,0,0,,,3200000,9,,,,,,,,,,,,,,,,,,,,,700,26,,,,,,,11,,,,,Mortar Attack,,Mortar Hit lvl6,Mortar Ammo6,,,,,,,,,,,,,,,,,,,,,,,,,,,,,,,,,,,,,,,,,,,,,,,,,,,,390,,,,,,,,,
,,,TID_INSTRUCTOR_HINT_UPGRADE_MORTAR,,,,mortar_lvl8,,,10,0,0,,,6400000,10,,,,,,,,,,,,,,,,,,,,,750,26,,,,,,,13,,,,,Mortar Attack,,Mortar Hit lvl8,Mortar Ammo8,,,,,,,,,,,,,,,,,,,,,,,,,,,,,,,,,,,,,,,,,,,,,,,,,,,,380,,,,,,,,,
Alliance Castle,TID_BUILDING_ALLIANCE_CASTLE,TID_ALLIANCE_CASTLE_INFO,TID_INSTRUCTOR_HINT_BUILD_CASTLE,,Army,sc/buildings.sc,alliance_castle_lvl1,,alliance_castle_const,,,,,Gold,10000,3,3,3,,alliance_castle_upg,,,,75000,75000,500,true,10,,,,,,,,,1000,27,,,,,,,,,,,Building Destroyed,,,,,alliance_castle_lvl1_broken,2,2,alliance_castle_base,npc_alliance_castle_base,war_alliance_castle_base,,,,,,,,,,,,,,,,Alliance Castle Pickup,Alliance Castle Placing,true,,,,,true,,,,,,,,,,,,,,,,,,,,,,,,,,,,,,,,
,,,TID_INSTRUCTOR_HINT_UPGRADE_CASTLE,,,,alliance_castle_lvl2,,,,6,0,,,100000,4,,,,,,,,250000,250000,1000,,15,,,,,,,,,1400,28,,,,,,,,,,,,,,,,,,,,,,,,,,,,,,,,,,,,,,,,,,,,,,,,,,,,,,,,,,,,,,,,,,,,,,,,,,,,
,,,TID_INSTRUCTOR_HINT_UPGRADE_CASTLE,,,,alliance_castle_lvl3,,,1,0,0,,,800000,6,,,,,,,,700000,700000,2500,,20,,,,,,,,,2000,29,,,,,,,,,,,,,,,,,,,,,,,,,,,,,,,,,,,,,,,,,,,,,,,,,,,,,,,,,,,,,,,,,,,,,,,,,,,,
,,,TID_INSTRUCTOR_HINT_UPGRADE_CASTLE,,,,alliance_castle_lvl4,,,2,0,0,,,1800000,8,,,,,,,,1000000,1000000,4000,,25,,,,,,,,,2600,30,,,,,,,,,,,,,,,,,,,,,,,,,,,,,,,,,,,,,,,,,,,,,,,,,,,,,,,,,,,,,,,,,,,,,,,,,,,,
,,,TID_INSTRUCTOR_HINT_UPGRADE_CASTLE,,,,alliance_castle_lvl5,,,7,0,0,,,5000000,9,,,,,,,,1500000,1500000,6000,,30,,,,,,,,,3000,30,,,,,,,,,,,,,,,,,,,,,,,,,,,,,,,,,,,,,,,,,,,,,,,,,,,,,,,,,,,,,,,,,,,,,,,,,,,,
,,,TID_INSTRUCTOR_HINT_UPGRADE_CASTLE,,,,alliance_castle_lvl6,,,14,0,0,,,7000000,10,3,3,,,,,,2000000,2000000,10000,,35,,,,,,,,,3400,30,,,,,,,,,,,,,,,,,,,,,,,,,,,,,,,,,,,,,,,,,,,,,,,,,,,,,,,,,,,,,,,,,,,,,,,,,,,,
Worker Building,TID_WORKER_BUILDING,TID_WORKER_INFO,,,Worker,sc/buildings.sc,worker_building,,worker_building_const,,,0,,Diamonds,200,1,2,2,,worker_building_upg,,,,,,,,,,,,,,,,,250,20,,,,,,,,,,,Building Destroyed,,,,,wood_destructed_state1,1,1,worker_building_base,npc_worker_building_base,war_worker_building_base,,,,,,,,,,,,,,,,Worker Building Pickup,Worker Building Placing,true,,,,,,,,,,,,,,,,,,,,,,,,,,,,,,,,,,,,,
Communications mast,TID_COMM_MAST,TID_COMM_MAST_INFO,,,Npc,sc/buildings.sc,comm_mast_lvl1,,comm_mast_const,0,0,0,,Gold,1000,1,2,2,,comm_mast_upg,,,,,,,,,,,,,,,,,250,30,,,,,,,,,,,Building Destroyed,,,,,comm_mast_lvl1_broken,1,1,comm_mast_base,npc_comm_mast_base,war_comm_mast_base,,,,,,,,,,,,,,,,,,true,,,,,,,,,,,,,,,,,,,,,,,,,,,,,,,,,,,,,
Goblin main building,TID_GOBLIN_MAIN_BUILDING,TID_GOBLIN_MAIN_BUILDING_INFO,,,Npc,sc/buildings.sc,goblin_townhall_lvl1,,generic_construction_state3,,,1,,Gold,0,,4,4,,generic_upgrade_state3,1000,1000,,,,,,,,,,,,,,,750,30,,,,,,,,,,,Building Destroyed,,,,,town_hall_broken,3,3,goblin_townhall_base,,war_goblin_townhall_base,,,,,,,,,,,,,,,,Town Hall Pickup,Town Hall Placing,true,,,,1,,,,,,,,,,,,,,,,,,,,,,,,,,,,,,,,,
Goblin hut,TID_GOBLIN_HUT,TID_GOBLIN_HUT_INFO,,,Npc,sc/buildings.sc,goblin_hut_lvl1,,generic_construction_state3,,,5,,Elixir,250,1,2,2,,generic_upgrade_state2,,,,,,,,20,,,,,,,,,250,30,,,,,,,,,,,Building Destroyed,,,,,wood_destructed_state2,2,2,goblin_hut_base,,war_goblin_hut_base,,,,,,,,,,,,,,,,Troop Housing Pickup,Troop Housing Placing,true,,,,,,,,,,,,,,,,,,,,,,,,,,,,,,,,,,,,,
Tesla Tower,TID_BUILDING_TESLA_TOWER,TID_TESLA_TOWER_INFO,,,Defense,sc/buildings.sc,teslatower_lvl1_setup,,teslatower_const,1,0,0,,Gold,1000000,7,2,2,,teslatower_upg,,,,,,,,,,,,,,,,,600,20,700,,,,600,,34,PEKKA,2,,Building Destroyed,Tesla Attack_1,,Tesla Hit,,gen_destructed_state2,1,1,,,,true,true,,,,,,,,,,,,,,Tesla Pickup,Tesla Placing,,,,,,,true,,,600,teslatower_lvl1,Tesla Appear,,,,,,,,,,,,,,,,,100,,,,,,,,,
,,,,,,,teslatower_lvl2_setup,,,3,0,0,,,1250000,7,,,,,,,,,,,,,,,,,,,,,630,21,,,,,,,40,,,,,Tesla Attack_1,,,,,,,,,,,,,,,,,,,,,,,,,,,,,,,,,,,,,teslatower_lvl2,,,,,,,,,,,,,,,,,,100,,,,,,,,,
,,,,,,,teslatower_lvl3_setup,,,5,0,0,,,1500000,7,,,,,,,,,,,,,,,,,,,,,660,22,,,,,,,48,,,,,Tesla Attack_1,,,,,,,,,,,,,,,,,,,,,,,,,,,,,,,,,,,,,teslatower_lvl3,,,,,,,,,,,,,,,,,,100,,,,,,,,,
,,,,,,,teslatower_lvl4_setup,,,6,0,0,,,2000000,8,,,,,,,,,,,,,,,,,,,,,690,23,,,,,,,55,,,,,Tesla Attack_2,,,,,,,,,,,,,,,,,,,,,,,,,,,,,,,,,,,,,teslatower_lvl4,,,,,,,,,,,,,,,,,,100,,,,,,,,,
,,,,,,,teslatower_lvl5_setup,,,8,0,0,,,2500000,8,,,,,,,,,,,,,,,,,,,,,730,24,,,,,,,64,,,,,Tesla Attack_2,,,,,,,,,,,,,,,,,,,,,,,,,,,,,,,,,,,,,teslatower_lvl5,,,,,,,,,,,,,,,,,,100,,,,,,,,,
,,,,,,,teslatower_lvl6_setup,,,10,0,0,,,3000000,8,,,,,,,,,,,,,,,,,,,,,770,25,,,,,,,75,,,,,Tesla Attack_3,,,,,,,,,,,,,,,,,,,,,,,,,,,,,,,,,,,,,teslatower_lvl6,,,,,,,,,,,,,,,,,,100,,,,,,,,,
,,,,,,,teslatower_lvl7_setup,,,12,0,0,,,3500000,9,,,,,,,,,,,,,,,,,,,,,810,25,,,,,,,87,,,,,Tesla Attack_4,Tesla Attack_4_Secondary,,,,,,,,,,,,,,,,,,,,,,,,,,,,,,,,,,,,teslatower_lvl7,,,,,,,,,,,,,,,,,,100,,,,,,,,,
,,,,,,,teslatower_lvl8_setup,,,14,0,0,,,5000000,10,,,,,,,,,,,,,,,,,,,,,850,25,,,,,,,99,,,,,Tesla Attack_4,Tesla Attack_8_Secondary,,,,,,,,,,,,,,,,,,,,,,,,,,,,,,,,,,,,teslatower_lvl8,,,,,,,,,,,,,,,,,,100,,,,,,,,,
Spell Forge,TID_BUILDING_SPELL_FORGE,TID_SPELL_FORGE_INFO,,,Army,sc/buildings.sc,spell_factory_lvl1,,spell_factory_const,1,0,,,Elixir,200000,5,3,3,,spell_factory_upg,,,,,,,,5,,,,,2,,1,10,425,15,,,,,,,,,,,Building Destroyed,,,,,wood_destructed_state3,2,2,goldmine_base,npc_goldmine_base,war_goldmine_base,,,,,,,,,,,,,,,,Spell Factory Pickup,Spell Factory Place,true,,,,,,,,,,,,true,,,,,,,,,,,,,,,,,,,,,,,,,
,,,,,,,spell_factory_lvl2,,,2,0,,,,400000,6,,,,,,,,,,,,10,,,,,4,,,,470,,,,,,,,,,,,,,,,,,,,goldmine_base,npc_goldmine_base,war_goldmine_base,,,,,,,,,,,,,,,,,,,,,,,,,,,,,,,,,,,,,,,,,,,,,,,,,,,,,,,
,,,,,,,spell_factory_lvl3,,,4,0,,,,800000,7,,,,,,,,,,,,15,,,,,6,,,,520,,,,,,,,,,,,,,,,,,,,goldmine_base,npc_goldmine_base,war_goldmine_base,,,,,,,,,,,,,,,,,,,,,,,,,,,,,,,,,,,,,,,,,,,,,,,,,,,,,,,
,,,,,,,spell_factory_lvl4,,,5,0,,,,1600000,9,,,,,,,,,,,,20,,,,,8,,,,600,,,,,,,,,,,,,,,,,,,,spellforge_lvl4_base,npc_spellforge_lvl4_base,war_spellforge_lvl4_base,,,,,,,,,,,,,,,,,,,,,,,,,,,,,,,,,,,,,,,,,,,,,,,,,,,,,,,
,,,,,,,spell_factory_lvl5,,,6,0,,,,3200000,10,,,,,,,,,,,,25,,,,,10,,,,720,,,,,,,,,,,,,,,,,,,,spellforge_lvl4_base,npc_spellforge_lvl4_base,war_spellforge_lvl4_base,,,,,,,,,,,,,,,,,,,,,,,,,,,,,,,,,,,,,,,,,,,,,,,,,,,,,,,
Bow,TID_BUILDING_BOW,TID_BOW_INFO,,,Defense,sc/buildings.sc,rapidfire_turret_lvl1,,basic_turret_const,7,0,,,Gold,3000000,9,3,3,,basic_turret_upg,,,,,,,,,,,,,,,,,1500,20,1400,true,1100,,128,,50,,,true,Building Destroyed,Rapidfire bow attack,,Generic Hit,Rapidfire arrow,gen_destructed_state2,2,2,rapidfire_base,npc_rapidfire_base,war_rapidfire_base,false,true,true,true,,1500,Elixir,50000,,,,,Bow Load,Bow No Ammo,Bow Target,Bow Pickup,Bow Placing,true,,,,,,,,,,,,,,,,,,,,,,,,,,,,400,,,,,,,,,
,,,,,,,rapidfire_turret_lvl2,,,10,,,,,5000000,9,,,,,,,,,,,,,,,,,,,,,1900,21,,,,,,,60,,,,,,,,Rapidfire arrow lvl2,,,,,,,,,,,,,,60000,,,,,,,,,,,,,,,,,,,,,,,,,,,,,,,,,,,,,,400,,,,,,,,,
,,,,,,,rapidfire_turret_lvl3,,,14,,,,,7000000,9,,,,,,,,,,,,,,,,,,,,,2300,22,,,,,,,75,,,,,,,,Rapidfire arrow lvl3,,,,,,,,,,,,,,70000,,,,,,,,,,,,,,,,,,,,,,,,,,,,,,,,,,,,,,400,,,,,,,,,
,,,,,,,rapidfire_turret_lvl4,,,14,,,,,8000000,10,,,,,,,,,,,,,,,,,,,,,2700,22,,,,,,,80,,,,,,,,Rapidfire arrow lvl4,,,,,,,,,,,,,,80000,,,,,,,,,,,,,,,,,,,,,,,,,,,,,,,,,,,,,,400,,,,,,,,,
Hero Altar Barbarian King,TID_BARBARIAN_KING,TID_BARBARIAN_KING_INFO,,,Army,sc/buildings.sc,heroaltar_barbarian_king_lvl1,,heroaltar_barbarian_king_const,,,,,DarkElixir,10000,7,3,3,,heroaltar_barbarian_king_upg,,,,,,,,,,,,,,,,10,250,,,,,,,,,,,,Building Destroyed,,,,,wood_destructed_state2,2,2,heroaltar_base,npc_heroaltar_base,war_heroaltar_base,,,,,,,,,,,,,,,,Hero Altar Pickup,Hero Altar Place,true,,,,,,,,,,,,,,true,Barbarian King,,,,,,,,,,,,,,,,,,,,,,
Dark Elixir Pump,TID_BUILDING_DARK_ELIXIR_PUMP,TID_DARK_ELIXIR_PUMP_INFO,,,Resource,sc/buildings.sc,darkelixir_pump_lvl1,,darkelixir_pump_const,1,0,,,Elixir,1000000,1,3,3,,darkelixir_pump_upg,,,,,,,,,DarkElixir,20,160,1,,,,7,800,15,,,,,,,,,,,Building Destroyed,,,,,wood_destructed_state2,2,2,dark_elixir_pump_base,dark_elixir_pump_base,war_dark_elixir_pump_base,,,,,,,,,,,,,,,,Dark Elixir Drill Pickup,Dark Elixir Drill Place,true,,,,,,,,,,,,,,,,,,,,,,,,,,,,,,,,,,,,,
,,,,,,,darkelixir_pump_lvl2,,,2,0,,,,1500000,1,,,,,,,,,,,,,,30,300,1,,,,10,860,,,,,,,,,,,,,,,,,,,,,,,,,,,,,,,,,,,,,,,,,,,,,,,,,,,,,,,,,,,,,,,,,,,,,,,,,,,,,
,,,,,,,darkelixir_pump_lvl3,,,3,0,,,,2000000,1,,,,,,,,,,,,,,45,540,1,,,,15,920,,,,,,,,,,,,,,,,,,,,,,,,,,,,,,,,,,,,,,,,,,,,,,,,,,,,,,,,,,,,,,,,,,,,,,,,,,,,,
,,,,,,,darkelixir_pump_lvl4,,,4,0,,,,3000000,9,,,,,,,,,,,,,,60,840,2,,,,20,980,,,,,,,,,,,,,,,,,,,,,,,,,,,,,,,,,,,,,,,,,,,,,,,,,,,,,,,,,,,,,,,,,,,,,,,,,,,,,
,,,,,,,darkelixir_pump_lvl5,,,6,0,,,,4000000,9,,,,,,,,,,,,,,80,1280,2,,,,25,1060,,,,,,,,,,,,,,,,,,,,,,,,,,,,,,,,,,,,,,,,,,,,,,,,,,,,,,,,,,,,,,,,,,,,,,,,,,,,,
,,,,,,,darkelixir_pump_lvl6,,,8,0,,,,5000000,9,,,,,,,,,,,,,,100,1800,3,,,,30,1160,,,,,,,,,,,,,,,,,,,,,,,,,,,,,,,,,,,,,,,,,,,,,,,,,,,,,,,,,,,,,,,,,,,,,,,,,,,,,
Dark Elixir Storage,TID_BUILDING_DARK_ELIXIR_STORAGE,TID_DARK_ELIXIR_STORAGE_INFO,,,Resource,sc/buildings.sc,darkelixir_storage_level1,,darkelixir_storage_const,1,0,,,Elixir,600000,1,3,3,,darkelixir_storage_upg,,,10000,,,,,,,,,,,,,,2000,30,,,,,,,,,,,Elixir Storage Destroyed,,,,,elixir_destructed_state3,2,2,dark_elixir_storage_lvl1_base,npc_elixir_storage_base,war_dark_elixir_storage_lvl1_base,,,,,,,,,,,,,,,,Dark Elixir Storage Pickup,Dark Elixir Storage Place,,,,,,,,,,,,,,,,,,,,,,,,,,,,,,,,,,,,,,
,,,,,,,darkelixir_storage_level2,,,2,0,,,,1200000,1,,,,,,,20000,,,,,,,,,,,,,,2200,,,,,,,,,,,,,,,,,,,,dark_elixir_storage_lvl2_base,,war_dark_elixir_storage_lvl2_base,,,,,,,,,,,,,,,,,,,,,,,,,,,,,,,,,,,,,,,,,,,,,,,,,,,,,,,
,,,,,,,darkelixir_storage_level3,,,3,0,,,,1800000,8,,,,,,,40000,,,,,,,,,,,,,,2400,,,,,,,,,,,,,,,,,,,,dark_elixir_storage_lvl3_base,,war_dark_elixir_storage_lvl3_base,,,,,,,,,,,,,,,,,,,,,,,,,,,,,,,,,,,,,,,,,,,,,,,,,,,,,,,
,,,,,,,darkelixir_storage_level4,,,4,0,,,,2400000,8,,,,,,,80000,,,,,,,,,,,,,,2600,,,,,,,,,,,,,,,,,,,,dark_elixir_storage_lvl4_base,,war_dark_elixir_storage_lvl4_base,,,,,,,,,,,,,,,,,,,,,,,,,,,,,,,,,,,,,,,,,,,,,,,,,,,,,,,
,,,,,,,darkelixir_storage_level5,,,5,0,,,,3000000,9,,,,,,,150000,,,,,,,,,,,,,,2900,,,,,,,,,,,,,,,,,,,,dark_elixir_storage_lvl5_base,,war_dark_elixir_storage_lvl5_base,,,,,,,,,,,,,,,,,,,,,,,,,,,,,,,,,,,,,,,,,,,,,,,,,,,,,,,
,,,,,,,darkelixir_storage_level6,,,6,0,,,,3600000,9,,,,,,,200000,,,,,,,,,,,,,,3200,,,,,,,,,,,,,,,,,,,,dark_elixir_storage_lvl6_base,,war_dark_elixir_storage_lvl6_base,,,,,,,,,,,,,,,,,,,,,,,,,,,,,,,,,,,,,,,,,,,,,,,,,,,,,,,
Hero Altar Archer Queen,TID_ARCHER_QUEEN,TID_ARCHER_QUEEN_INFO,,,Army,sc/buildings.sc,heroaltar_archer_queen_lvl1,,heroaltar_archer_queen_const,,,,,DarkElixir,40000,9,3,3,,heroaltar_archer_queen_upg,,,,,,,,,,,,,,,,10,250,,,,,,,,,,,,Building Destroyed,,,,,wood_destructed_state2,2,2,heroaltar_base,npc_heroaltar_base,war_heroaltar_base,,,,,,,,,,,,,,,,Hero Altar Pickup,Hero Altar Place,true,,,,,,,,,,,,,,true,Archer Queen,,,,,,,,,,,,,,,,,,,,,,
Dark Elixir Barrack,TID_DARK_ELIXIR_BARRACK,TID_DARK_ELIXIR_BARRACK_INFO,,,Army,sc/buildings.sc,darkBarracks_lvl1,,darkBarracks_const,3,0,0,,Elixir,750000,7,3,3,,darkBarracks_upg,,,,,,,,,,,,,40,,2,10,500,15,,,,,,,,,,,Building Destroyed,,,,,wood_destructed_state2,2,2,barracks_base,npc_barracks_base,war_barracks_base,,,,,,,,,,,,,,,,Training Barrack Pickup,Training Barrack Placing,true,,,,,,,,,,,,,,,,,,,,,,,,,,,,,,,,,,,,,
,,,,,,,darkBarracks_lvl2,,,5,0,0,,,1250000,7,,,,,,,,,,,,,,,,,50,,,,550,,,,,,,,,,,,,,,,,,,,,,,,,,,,,,,,,,,,,,,,,,,,,,,,,,,,,,,,,,,,,,,,,,,,,,,,,,,,,
,,,,,,,darkBarracks_lvl3,,,6,0,0,,,1750000,8,,,,,,,,,,,,,,,,,60,,,,600,,,,,,,,,,,,,,,,,,,,,,,,,,,,,,,,,,,,,,,,,,,,,,,,,,,,,,,,,,,,,,,,,,,,,,,,,,,,,
,,,,,,,darkBarracks_lvl4,,,7,0,0,,,2250000,8,,,,,,,,,,,,,,,,,70,,,,700,,,,,,,,,,,,,,,,,,,,,,,,,,,,,,,,,,,,,,,,,,,,,,,,,,,,,,,,,,,,,,,,,,,,,,,,,,,,,
,,,,,,,darkBarracks_lvl5,,,8,0,0,,,2750000,9,,,,,,,,,,,,,,,,,80,,,,800,,,,,,,,,,,,,,,,,,,,,,,,,,,,,,,,,,,,,,,,,,,,,,,,,,,,,,,,,,,,,,,,,,,,,,,,,,,,,
,,,,,,,darkBarracks_lvl6,,,9,0,0,,,3500000,9,,,,,,,,,,,,,,,,,90,,,,900,,,,,,,,,,,,,,,,,,,,,,,,,,,,,,,,,,,,,,,,,,,,,,,,,,,,,,,,,,,,,,,,,,,,,,,,,,,,,
Dark Tower,TID_BUILDING_DARK_TOWER,TID_DARK_TOWER_INFO,,,Defense,sc/buildings.sc,dark_tower_lvl1,,dark_tower_const,7,0,0,,Gold,5000000,10,2,2,,dark_tower_upg,,,,,,,,,,,,,,,,,1500,20,900,true,900,,128,,24,,,,Building Destroyed,Dark Tower Attack 1,,Dark Tower Hit,,gen_destructed_state2,1,1,dark_tower_base,npc_worker_building_base,war_dark_tower_base,true,true,,,true,1000,DarkElixir,500,,,,,Dark Tower Load,Dark Tower No Ammo,Dark Tower Target,Dark Tower Pickup,Dark Tower Placing,,,,,,,,,,,,,,,,,true,100,1000,30,1500,4250,Dark Tower Attack 2,Dark Tower Attack 3,Dark Tower Up 2,Dark Tower Up 3,5,true,1000,200,,,,,,,,
,,,,,,,dark_tower_lvl2,,,10,0,0,,,6500000,10,,,,,,,,,,,,,,,,,,,,,1800,21,,,,,,,30,,,,,Dark Tower Attack 1,,,,,,,,,,,,,,,,,600,,,,,,,,,,,,,,,,,,,,,,,,,,,125,1250,38,1500,4250,Dark Tower Attack 2,Dark Tower Attack 3,,,5,,1000,,,,,,,,,
,,,,,,,dark_tower_lvl3,,,14,0,0,,,8000000,10,,,,,,,,,,,,,,,,,,,,,2100,22,,,,,,,36,,,,,Dark Tower lvl3 Attack 1,,,,,,,,,,,,,,,,,700,,,,,,,,,,,,,,,,,,,,,,,,,,,140,1400,42,1500,4250,Dark Tower lvl3 Attack 2,Dark Tower lvl3 Attack 3,,,5,,1000,,,,,,,,,
Air Blaster,TID_AIR_BLASTER,TID_AIR_BLASTER_INFO,,,Defense,sc/buildings.sc,air_mortar_lvl1,,air_mortar_const,1,0,0,,Gold,500000,6,2,2,,air_mortar_upg,,,,,,,,,,,,,,,,,750,20,1500,,,600,5000,4800,,,,,Building Destroyed,Wind Machine Attack,,Wind Machine Hit,Air Blaster Ammo1,gen_destructed_state2,1,1,windmachine_base,npc_worker_building_base,war_windmachine_base,true,,,,,,,,100,,,,,,,Wind Machine Pickup,Wind Machine Place,,,,,,,,,,,,,,,,,,,,,,,,,,,,,10,,,,,160,700,250,105,45
,,,,,,,air_mortar_lvl2,,,3,0,0,,,750000,6,,,,,,,,,,,,,,,,,,,,,800,21,,,,,,,,,,,,,,,,,,,,,,,,,,,,,,,,,,,,,,,,,,,,,,,,,,,,,,,,,,,,,,,,,,,10,,,,,200,,,,
,,,,,,,air_mortar_lvl3,,,5,0,0,,,1250000,7,,,,,,,,,,,,,,,,,,,,,850,22,,,,,,,,,,,,,,,,,,,,,,,,,,,,,,,,,,,,,,,,,,,,,,,,,,,,,,,,,,,,,,,,,,,10,,,,,240,,,,
,,,,,,,air_mortar_lvl4,,,7,0,0,,,2400000,8,,,,,,,,,,,,,,,,,,,,,900,23,,,,,,,,,,,,,,,,,,,,,,,,,,,,,,,,,,,,,,,,,,,,,,,,,,,,,,,,,,,,,,,,,,,10,,,,,280,,,,
,,,,,,,air_mortar_lvl5,,,8,0,0,,,4800000,9,,,,,,,,,,,,,,,,,,,,,950,24,,,,,,,,,,,,,,,,,,,,,,,,,,,,,,,,,,,,,,,,,,,,,,,,,,,,,,,,,,,,,,,,,,,10,,,,,320,,,,
,,,,,,,air_mortar_lvl6,,,9,0,0,,,7200000,10,,,,,,,,,,,,,,,,,,,,,1000,25,,,,,,,,,,,,,,,,,,,,,,,,,,,,,,,,,,,,,,,,,,,,,,,,,,,,,,,,,,,,,,,,,,,10,,,,,360,,,,
Mini Spell Factory,TID_BUILDING_MINI_SPELL_FACTORY,TID_MINI_SPELL_FACTORY_INFO,,,Army,sc/buildings.sc,mini_spell_distillery_lvl1,,mini_spell_distillery_const,4,0,,,Elixir,1500000,8,3,3,,mini_spell_distillery_upg,,,,,,,,5,,,,,2,,2,10,600,15,,,,,,,,,,,Building Destroyed,,,,,wood_destructed_state3,2,2,mini_spell_distillery_base,npc_spellforge_lvl4_base,war_mini_spell_distillery_base,,,,,,,,,,,,,,,,Spell Factory Pickup,Spell Factory Place,true,,,,,,,,,,,,true,true,,,,,,,,,,,,,,,,,,,,,,,,
,,,,,,,mini_spell_distillery_lvl2,,,6,0,,,,2500000,8,,,,,,,,,,,,10,,,,,4,,,,660,,,,,,,,,,,,,,,,,,,,,,,,,,,,,,,,,,,,,,,,,,,,,,,,,,,,,,,,,,,,,,,,,,,,,,,,,,,,,
,,,,,,,mini_spell_distillery_lvl3,,,8,0,,,,3500000,9,,,,,,,,,,,,25,,,,,6,,,,750,,,,,,,,,,,,,,,,,,,,,,,,,,,,,,,,,,,,,,,,,,,,,,,,,,,,,,,,,,,,,,,,,,,,,,,,,,,,,
Hero Altar P.E.K.K.A King,TID_PEKKA_KING,TID_PEKKA_KING_INFO,,,Army,sc/buildings.sc,heroaltar_barbarian_king_lvl1,,heroaltar_barbarian_king_const,,,,,DarkElixir,10000,7,3,3,,heroaltar_barbarian_king_upg,,,,,,,,,,,,,,,,10,250,,,,,,,,,,,,Building Destroyed,,,,,wood_destructed_state2,2,2,heroaltar_base,npc_heroaltar_base,war_heroaltar_base,,,,,,,,,,,,,,,,Hero Altar Pickup,Hero Altar Place,true,,,,,,,,,,,,,,true,P.E.K.K.A King,,,,,,,,,,,,,,,,,,,,,,
Hero Altar Goblin King,TID_GOBLIN_KING,TID_GOBLIN_KING_INFO,,,Army,sc/buildings.sc,heroaltar_barbarian_king_lvl1,,heroaltar_barbarian_king_const,,,,,DarkElixir,10000,7,3,3,,heroaltar_barbarian_king_upg,,,,,,,,,,,,,,,,10,250,,,,,,,,,,,,Building Destroyed,,,,,wood_destructed_state2,2,2,heroaltar_base,npc_heroaltar_base,war_heroaltar_base,,,,,,,,,,,,,,,,Hero Altar Pickup,Hero Altar Place,true,,,,,,,,,,,,,,true,Goblin King,,,,,,,,,,,,,,,,,,,,,,
Hero Altar Giant King,TID_GIANT_KING,TID_GIANT_KING_INFO,,,Army,sc/buildings.sc,heroaltar_barbarian_king_lvl1,,heroaltar_barbarian_king_const,,,,,DarkElixir,10000,7,3,3,,heroaltar_barbarian_king_upg,,,,,,,,,,,,,,,,10,250,,,,,,,,,,,,Building Destroyed,,,,,wood_destructed_state2,2,2,heroaltar_base,npc_heroaltar_base,war_heroaltar_base,,,,,,,,,,,,,,,,Hero Altar Pickup,Hero Altar Place,true,,,,,,,,,,,,,,true,Giant King,,,,,,,,,,,,,,,,,,,,,,
Hero Altar Dragon King,TID_DRAGON_KING,TID_DRAGON_KING_INFO,,,Army,sc/buildings.sc,heroaltar_barbarian_king_lvl1,,heroaltar_barbarian_king_const,,,,,DarkElixir,10000,7,3,3,,heroaltar_barbarian_king_upg,,,,,,,,,,,,,,,,10,250,,,,,,,,,,,,Building Destroyed,,,,,wood_destructed_state2,2,2,heroaltar_base,npc_heroaltar_base,war_heroaltar_base,,,,,,,,,,,,,,,,Hero Altar Pickup,Hero Altar Place,true,,,,,,,,,,,,,,true,Dragon King,,,,,,,,,,,,,,,,,,,,,,
Hero Altar Wall Breaker King,TID_WALL_BREAKER_KING,TID_WALL_BREAKER_KING_INFO,,,Army,sc/buildings.sc,heroaltar_barbarian_king_lvl1,,heroaltar_barbarian_king_const,,,,,DarkElixir,10000,7,3,3,,heroaltar_barbarian_king_upg,,,,,,,,,,,,,,,,10,250,,,,,,,,,,,,Building Destroyed,,,,,wood_destructed_state2,2,2,heroaltar_base,npc_heroaltar_base,war_heroaltar_base,,,,,,,,,,,,,,,,Hero Altar Pickup,Hero Altar Place,true,,,,,,,,,,,,,,true,Wall Breaker King,,,,,,,,,,,,,,,,,,,,,,
Hero Altar Valky Queen,TID_VALKYRIE_QUEEN,TID_VALKYRIE_QUEEN_INFO,,,Army,sc/buildings.sc,heroaltar_barbarian_king_lvl1,,heroaltar_barbarian_king_const,,,,,DarkElixir,10000,7,3,3,,heroaltar_barbarian_king_upg,,,,,,,,,,,,,,,,10,250,,,,,,,,,,,,Building Destroyed,,,,,wood_destructed_state2,2,2,heroaltar_base,npc_heroaltar_base,war_heroaltar_base,,,,,,,,,,,,,,,,Hero Altar Pickup,Hero Altar Place,true,,,,,,,,,,,,,,true,Valkyrie Queen,,,,,,,,,,,,,,,,,,,,,,
Hero Altar Damager Queen,TID_DAMAGER_QUEEN,TID_DAMAGER_QUEEN_INFO,,,Army,sc/buildings.sc,heroaltar_barbarian_king_lvl1,,heroaltar_barbarian_king_const,,,,,DarkElixir,10000,7,3,3,,heroaltar_barbarian_king_upg,,,,,,,,,,,,,,,,10,250,,,,,,,,,,,,Building Destroyed,,,,,wood_destructed_state2,2,2,heroaltar_base,npc_heroaltar_base,war_heroaltar_base,,,,,,,,,,,,,,,,Hero Altar Pickup,Hero Altar Place,true,,,,,,,,,,,,,,true,Damager Queen,,,,,,,,,,,,,,,,,,,,,,
Hero Altar Wizard King,TID_WIZARD_KING,TID_WIZARD_KING_INFO,,,Army,sc/buildings.sc,heroaltar_barbarian_king_lvl1,,heroaltar_barbarian_king_const,,,,,DarkElixir,10000,7,3,3,,heroaltar_barbarian_king_upg,,,,,,,,,,,,,,,,10,250,,,,,,,,,,,,Building Destroyed,,,,,wood_destructed_state2,2,2,heroaltar_base,npc_heroaltar_base,war_heroaltar_base,,,,,,,,,,,,,,,,Hero Altar Pickup,Hero Altar Place,true,,,,,,,,,,,,,,true,Wizard King,,,,,,,,,,,,,,,,,,,,,,
Hero Altar Witch Queen,TID_WITCH_QUEEN,TID_WITCH_QUEEN_INFO,,,Army,sc/buildings.sc,heroaltar_barbarian_king_lvl1,,heroaltar_barbarian_king_const,,,,,DarkElixir,10000,7,3,3,,heroaltar_barbarian_king_upg,,,,,,,,,,,,,,,,10,250,,,,,,,,,,,,Building Destroyed,,,,,wood_destructed_state2,2,2,heroaltar_base,npc_heroaltar_base,war_heroaltar_base,,,,,,,,,,,,,,,,Hero Altar Pickup,Hero Altar Place,true,,,,,,,,,,,,,,true,Witch Queen,,,,,,,,,,,,,,,,,,,,,,
Hero Altar Balloon King,TID_BALLOON_KING,TID_BALLOON_KING_INFO,,,Army,sc/buildings.sc,heroaltar_barbarian_king_lvl1,,heroaltar_barbarian_king_const,,,,,DarkElixir,10000,7,3,3,,heroaltar_barbarian_king_upg,,,,,,,,,,,,,,,,10,250,,,,,,,,,,,,Building Destroyed,,,,,wood_destructed_state2,2,2,heroaltar_base,npc_heroaltar_base,war_heroaltar_base,,,,,,,,,,,,,,,,Hero Altar Pickup,Hero Altar Place,true,,,,,,,,,,,,,,true,Balloon King,,,,,,,,,,,,,,,,,,,,,,
Hero Altar Hog King,TID_HOG_KING,TID_HOG_KING_INFO,,,Army,sc/buildings.sc,heroaltar_barbarian_king_lvl1,,heroaltar_barbarian_king_const,,,,,DarkElixir,10000,7,3,3,,heroaltar_barbarian_king_upg,,,,,,,,,,,,,,,,10,250,,,,,,,,,,,,Building Destroyed,,,,,wood_destructed_state2,2,2,heroaltar_base,npc_heroaltar_base,war_heroaltar_base,,,,,,,,,,,,,,,,Hero Altar Pickup,Hero Altar Place,true,,,,,,,,,,,,,,true,Hog King,,,,,,,,,,,,,,,,,,,,,,
Hero Altar Laser King,TID_LASER_KING,TID_LASER_KING_INFO,,,Army,sc/buildings.sc,heroaltar_barbarian_king_lvl1,,heroaltar_barbarian_king_const,,,,,DarkElixir,10000,7,3,3,,heroaltar_barbarian_king_upg,,,,,,,,,,,,,,,,10,250,,,,,,,,,,,,Building Destroyed,,,,,wood_destructed_state2,2,2,heroaltar_base,npc_heroaltar_base,war_heroaltar_base,,,,,,,,,,,,,,,,Hero Altar Pickup,Hero Altar Place,true,,,,,,,,,,,,,,true,Laser King,,,,,,,,,,,,,,,,,,,,,,
Hero Altar Minion King,TID_MINION_KING,TID_MINION_KING_INFO,,,Army,sc/buildings.sc,heroaltar_barbarian_king_lvl1,,heroaltar_barbarian_king_const,,,,,DarkElixir,10000,7,3,3,,heroaltar_barbarian_king_upg,,,,,,,,,,,,,,,,10,250,,,,,,,,,,,,Building Destroyed,,,,,wood_destructed_state2,2,2,heroaltar_base,npc_heroaltar_base,war_heroaltar_base,,,,,,,,,,,,,,,,Hero Altar Pickup,Hero Altar Place,true,,,,,,,,,,,,,,true,Minion King,,,,,,,,,,,,,,,,,,,,,,
Hero Altar Lava King,TID_LAVA_KING,TID_LAVA_KING_INFO,,,Army,sc/buildings.sc,heroaltar_barbarian_king_lvl1,,heroaltar_barbarian_king_const,,,,,DarkElixir,10000,7,3,3,,heroaltar_barbarian_king_upg,,,,,,,,,,,,,,,,10,250,,,,,,,,,,,,Building Destroyed,,,,,wood_destructed_state2,2,2,heroaltar_base,npc_heroaltar_base,war_heroaltar_base,,,,,,,,,,,,,,,,Hero Altar Pickup,Hero Altar Place,true,,,,,,,,,,,,,,true,Lava King,,,,,,,,,,,,,,,,,,,,,,
Hero Altar Golem King,TID_GOLEM_KING,TID_GOLEM_KING_INFO,,,Army,sc/buildings.sc,heroaltar_barbarian_king_lvl1,,heroaltar_barbarian_king_const,,,,,DarkElixir,10000,7,3,3,,heroaltar_barbarian_king_upg,,,,,,,,,,,,,,,,10,250,,,,,,,,,,,,Building Destroyed,,,,,wood_destructed_state2,2,2,heroaltar_base,npc_heroaltar_base,war_heroaltar_base,,,,,,,,,,,,,,,,Hero Altar Pickup,Hero Altar Place,true,,,,,,,,,,,,,,true,Golem King,,,,,,,,,,,,,,,,,,,,,,
Hero Altar Bow Queen,TID_BOW_QUEEN,TID_BOW_QUEEN_INFO,,,Army,sc/buildings.sc,heroaltar_barbarian_king_lvl1,,heroaltar_barbarian_king_const,,,,,DarkElixir,10000,7,3,3,,heroaltar_barbarian_king_upg,,,,,,,,,,,,,,,,10,250,,,,,,,,,,,,Building Destroyed,,,,,wood_destructed_state2,2,2,heroaltar_base,npc_heroaltar_base,war_heroaltar_base,,,,,,,,,,,,,,,,Hero Altar Pickup,Hero Altar Place,true,,,,,,,,,,,,,,true,Xbow Queen,,,,,,,,,,,,,,,,,,,,,,
Barbarian Tower,TID_BUILDING_BARBARIAN_TOWER,TID_ARCHER_TOWER_INFO,TID_INSTRUCTOR_HINT_BUILD_AT,18,Defense,sc/buildings.sc,tower_turret_lvl1,,tower_turret_const,,,1,,Gold,1000,2,3,3,,tower_turret_upg,,,,,,,,,,,,,,,,,380,15,1000,,,,500,,11,,,,Building Destroyed,Archer Attack,,Generic Hit,Tower Arrow,wood_destructed_state2,2,2,defense_tower_turret_base,npc_defense_tower_turret_base,war_defense_tower_turret_base,true,true,,,,,,,,,,,,,,Tower Turret Pickup,Tower Turret Placing,,Barbarian,3,180,,,,,,,,,,,,,,,,,,,,,,,,,100,,,,,,,,,
,,,TID_INSTRUCTOR_HINT_UPGRADE_AT,0,,,tower_turret_lvl2,,,,,30,,,2000,2,,,,,,,,,,,,,,,,,,,,,420,16,,,,,,,15,,,,,,,Generic Hit,Tower Arrow,,,,,,,,,,,,,,,,,,,,,,,,,Barbarian,3,,,,,,,,,,,,,,,,,,,,,,,,,,99,,,,,,,,,
,,,TID_INSTRUCTOR_HINT_UPGRADE_AT,0,,,tower_turret_lvl3,,,,,45,,,5000,3,,,,,,,,,,,,,,,,,,,,,460,17,,,,,,,19,,,,,,,Generic Hit,Tower Arrow,,,,,,,,,,,,,,,,,,,,,,,,,Barbarian,3,,,,,,,,,,,,,,,,,,,,,,,,,,98,,,,,,,,,
,,,TID_INSTRUCTOR_HINT_UPGRADE_AT,0,,,tower_turret_lvl4,,,,4,0,,,20000,4,,,,,,,,,,,,,,,,,,,,,500,18,,,,,,,25,,,,,,,Generic Hit,Tower Arrow Fire,,,,,,,,,,,,,,,,,,,,,,,,,Barbarian3,3,,,,,,,,,,,,,,,,,,,,,,,,,,97,,,,,,,,,
,,,TID_INSTRUCTOR_HINT_UPGRADE_AT,0,,,tower_turret_lvl5,,,,12,0,,,80000,5,,,,,,,,,,,,,,,,,,,,,540,19,,,,,,,30,,,,,,,Generic Hit,Tower Arrow Fire,,,,,,,,,,,,,,,,,,,,,,,,,Barbarian3,3,,,,,,,,,,,,,,,,,,,,,,,,,,96,,,,,,,,,
,,,TID_INSTRUCTOR_HINT_UPGRADE_AT,0,,,tower_turret_lvl6,,,1,0,0,,,180000,5,,,,,,,,,,,,,,,,,,,,,580,20,,,,,,,35,,,,,,,Generic Hit,Tower Arrow Fire,,,,,,,,,,,,,,,,,,,,,,,,,Barbarian3,3,,,,,,,,,,,,,,,,,,,,,,,,,,95,,,,,,,,,
,,,TID_INSTRUCTOR_HINT_UPGRADE_AT,0,,,tower_turret_lvl7,,,2,0,0,,,360000,6,,,,,,,,,,,,,,,,,,,,,630,21,,,,,,,42,,,,,,,Generic Hit,Tower Arrow ElixFire,,,,,,,,,,,,,,,,,,,,,,,,,Barbarian5,5,,,,,,,,,,,,,,,,,,,,,,,,,,94,,,,,,,,,
,,,TID_INSTRUCTOR_HINT_UPGRADE_AT,0,,,tower_turret_lvl8,,,3,0,0,,,720000,7,,,,,,,,,,,,,,,,,,,,,690,22,,,,,,,48,,,,,,,Generic Hit,Tower Arrow ElixFire,,,,,,,,,,,,,,,,,,,,,,,,,Barbarian5,5,,,,,,,,,,,,,,,,,,,,,,,,,,93,,,,,,,,,
,,,TID_INSTRUCTOR_HINT_UPGRADE_AT,0,,,tower_turret_lvl9,,,4,0,0,,,1500000,8,,,,,,,,,,,,,,,,,,,,,750,23,,,,,,,56,,,,,,,Generic Hit,Tower Arrow ElixFire,,,,,,,,,,,,,,,,,,,,,,,,,Barbarian5,5,,,,,,,,,,,,,,,,,,,,,,,,,,92,,,,,,,,,
,,,TID_INSTRUCTOR_HINT_UPGRADE_AT,0,,,tower_turret_lvl10,,,5,0,0,,,2500000,8,,,,,,,,,,,,,,,,,,,,,810,24,,,,,,,65,,,,,,,Explosive Arrow,Tower Arrow ElixFire,,,,,,,,,,,,,,,,,,,,,,,,,Barbarian6,5,,,,,,,,,,,,,,,,,,,,,,,,,,91,,,,,,,,,
,,,TID_INSTRUCTOR_HINT_UPGRADE_AT,0,,,tower_turret_lvl11,,,6,0,0,,,4500000,9,,,,,,,,,,,,,,,,,,,,,890,25,,,,,,,75,,,,,,,Explosive Arrow,Tower Arrow DarkElixFire,,,,,,,,,,,,,,,,,,,,,,,,,Barbarian6,5,,,,,,,,,,,,,,,,,,,,,,,,,,90,,,,,,,,,
,,,TID_INSTRUCTOR_HINT_UPGRADE_AT,0,,,tower_turret_lvl12,,,7,0,0,,,6500000,10,,,,,,,,,,,,,,,,,,,,,970,25,,,,,,,86,,,,,,,Explosive Arrow,Tower Arrow Fire2,,,,,,,,,,,,,,,,,,,,,,,,,Barbarian6,5,,,,,,,,,,,,,,,,,,,,,,,,,,89,,,,,,,,,
,,,TID_INSTRUCTOR_HINT_UPGRADE_AT,0,,,tower_turret_lvl13,,,8,0,0,,,7500000,10,,,,,,,,,,,,,,,,,,,,,1050,25,,,,,,,98,,,,,,,Explosive Arrow,Tower Arrow Fire3,,,,,,,,,,,,,,,,,,,,,,,,,Barbarian7,5,,,,,,,,,,,,,,,,,,,,,,,,,,88,,,,,,,,,
Witch Tower,TID_WITCH_TOWER,TID_WITCH_TOWER_INFO,,,Defense,sc/buildings.sc,wizard_tower_lvl1,,wizard_tower_const,,12,0,,Gold,180000,5,3,3,,wizard_tower_upg,,,,,,,,,,,,,,,,,620,15,700,,,,1300,,11,,,,Building Destroyed,Warlock Attack,,Warlock Hit,Wizard Blast,stone_destructed_state3,2,2,wizard_tower_base,npc_wizard_tower_base,war_wizard_tower_base,true,true,,,,,,,,100,,,,,,Wizard Tower Pickup,Wizard Tower Placing,,Necromancer_lvl1,1,155,,,,,,,,,,,,,,,,,,,,,,,,,450,,,,,,,,,
,,,,,,,wizard_tower_lvl4,,,1,0,0,,,360000,5,,,,,,,,,,,,,,,,,,,,,650,16,,,,,,,13,,,,,Warlock Attack,,,Wizard Blast,,,,,,,,,,,,,,,,,,,,,,,,,Necromancer_lvl1,1,155,,,,,,,,,,,,,,,,,,,,,,,,,420,,,,,,,,,
,,,,,,,wizard_tower_lvl7,,,2,0,0,,,720000,6,,,,,,,,,,,,,,,,,,,,,680,17,,,,,,,16,,,,,Warlock Attack,,,Wizard Blast,,,,,,,,,,,,,,,,,,,,,,,,,Necromancer_lvl1,1,155,,,,,,,,,,,,,,,,,,,,,,,,,390,,,,,,,,,
,,,,,,,wizard_tower_lvl8,,,3,0,0,,,1280000,7,,,,,,,,,,,,,,,,,,,,,730,18,,,,,,,20,,,,,Warlock Attack,,,Wizard Blast,,,,,,,,,,,,,,,,,,,,,,,,,Necromancer_lvl1,1,155,,,,,,,,,,,,,,,,,,,,,,,,,360,,,,,,,,,
,,,,,,,wizard_tower_lvl9,,,4,0,0,,,1960000,8,,,,,,,,,,,,,,,,,,,,,790,19,,,,,,,24,,,,,Warlock Attack,,,Wizard Blast,,,,,,,,,,,,,,,,,,,,,,,,,Necromancer_lvl1,1,155,,,,,,,,,,,,,,,,,,,,,,,,,330,,,,,,,,,
,,,,,,,wizard_tower_lvl10,,,5,0,0,,,2680000,8,,,,,,,,,,,,,,,,,,,,,850,20,,,,,,,32,,,,,Warlock Attack,,,Wizard Blast,,,,,,,,,,,,,,,,,,,,,,,,,Necromancer_lvl1,1,155,,,,,,,,,,,,,,,,,,,,,,,,,300,,,,,,,,,
,,,,,,,wizard_tower_lvl11,,,7,0,0,,,5360000,9,,,,,,,,,,,,,,,,,,,,,930,21,,,,,,,40,,,,,Warlock Attack,,,Wizard Blast,,,,,,,,,,,,,,,,,,,,,,,,,Necromancer_lvl1,1,155,,,,,,,,,,,,,,,,,,,,,,,,,270,,,,,,,,,
,,,,,,,wizard_tower_lvl12,,,10,0,0,,,6480000,10,,,,,,,,,,,,,,,,,,,,,1010,21,,,,,,,48,,,,,Warlock Attack,,,wizard_projectile3_lv6,,,,,,,,,,,,,,,,,,,,,,,,,Necromancer_lvl1,1,135,,,,,,,,,,,,,,,,,,,,,,,,,240,,,,,,,,,
Archer Tower (Special Edition),TID_ARCHER_TOWER_SE,TID_ARCHER_TOWER_SE_INFO,,,Defense,sc/buildings.sc,wizard_tower_lvl1,,wizard_tower_const,,12,0,,Gold,180000,5,3,3,,wizard_tower_upg,,,,,,,,,,,,,,,,,620,15,700,,,,1300,,11,,,,Building Destroyed,Archer Attack,,Archer Hit,Wizard Blast,stone_destructed_state3,2,2,wizard_tower_base,npc_wizard_tower_base,war_wizard_tower_base,true,true,,,,,,,,100,,,,,,Wizard Tower Pickup,Wizard Tower Placing,,Archer,1,155,,,,,,,,,,,,,,,,,,,,,,,,,450,,,,,,,,,
,,,,,,,wizard_tower_lvl4,,,1,0,0,,,360000,5,,,,,,,,,,,,,,,,,,,,,650,16,,,,,,,13,,,,,Archer Attack,,,Wizard Blast,,,,,,,,,,,,,,,,,,,,,,,,,Archer,1,155,,,,,,,,,,,,,,,,,,,,,,,,,420,,,,,,,,,
,,,,,,,wizard_tower_lvl7,,,2,0,0,,,720000,6,,,,,,,,,,,,,,,,,,,,,680,17,,,,,,,16,,,,,Archer Attack,,,Wizard Blast,,,,,,,,,,,,,,,,,,,,,,,,,Archer2,1,155,,,,,,,,,,,,,,,,,,,,,,,,,390,,,,,,,,,
,,,,,,,wizard_tower_lvl8,,,3,0,0,,,1280000,7,,,,,,,,,,,,,,,,,,,,,730,18,,,,,,,20,,,,,Archer Attack,,,Wizard Blast,,,,,,,,,,,,,,,,,,,,,,,,,Archer2,1,155,,,,,,,,,,,,,,,,,,,,,,,,,360,,,,,,,,,
,,,,,,,wizard_tower_lvl9,,,4,0,0,,,1960000,8,,,,,,,,,,,,,,,,,,,,,790,19,,,,,,,24,,,,,Archer Attack,,,Wizard Blast,,,,,,,,,,,,,,,,,,,,,,,,,Archer3,1,155,,,,,,,,,,,,,,,,,,,,,,,,,330,,,,,,,,,
,,,,,,,wizard_tower_lvl10,,,5,0,0,,,2680000,8,,,,,,,,,,,,,,,,,,,,,850,20,,,,,,,32,,,,,Archer Attack,,,Wizard Blast,,,,,,,,,,,,,,,,,,,,,,,,,Archer4,1,155,,,,,,,,,,,,,,,,,,,,,,,,,300,,,,,,,,,
,,,,,,,wizard_tower_lvl11,,,7,0,0,,,5360000,9,,,,,,,,,,,,,,,,,,,,,930,21,,,,,,,40,,,,,Archer Attack,,,Wizard Blast,,,,,,,,,,,,,,,,,,,,,,,,,Archer5,1,155,,,,,,,,,,,,,,,,,,,,,,,,,270,,,,,,,,,
,,,,,,,wizard_tower_lvl12,,,10,0,0,,,6480000,10,,,,,,,,,,,,,,,,,,,,,1010,21,,,,,,,48,,,,,Archer Attack,,,wizard_projectile3_lv6,,,,,,,,,,,,,,,,,,,,,,,,,Archer6,1,135,,,,,,,,,,,,,,,,,,,,,,,,,240,,,,,,,,,
Dragon Tower,TID_DRAGON_TOWER,TID_DRAGON_TOWER_INFO,,,Defense,sc/buildings.sc,wizard_tower_lvl1,,wizard_tower_const,,12,0,,Gold,180000,5,3,3,,wizard_tower_upg,,,,,,,,,,,,,,,,,620,15,700,,,,1300,,11,,,,Building Destroyed,Dragon Attack,,Dragon Hit,Firework,stone_destructed_state3,2,2,wizard_tower_base,npc_wizard_tower_base,war_wizard_tower_base,true,true,,,,,,,,100,,,,,,Wizard Tower Pickup,Wizard Tower Placing,,Dragon,1,155,,,,,,,,,,,,,,,,,,,,,,,,,450,,,,,,,,,
,,,,,,,wizard_tower_lvl4,,,1,0,0,,,360000,5,,,,,,,,,,,,,,,,,,,,,650,16,,,,,,,13,,,,,Dragon Attack,,,Firework2,,,,,,,,,,,,,,,,,,,,,,,,,Dragon,1,155,,,,,,,,,,,,,,,,,,,,,,,,,420,,,,,,,,,
,,,,,,,wizard_tower_lvl7,,,2,0,0,,,720000,6,,,,,,,,,,,,,,,,,,,,,680,17,,,,,,,16,,,,,Dragon Attack,,,Firework3,,,,,,,,,,,,,,,,,,,,,,,,,Dragon,1,155,,,,,,,,,,,,,,,,,,,,,,,,,390,,,,,,,,,
,,,,,,,wizard_tower_lvl8,,,3,0,0,,,1280000,7,,,,,,,,,,,,,,,,,,,,,730,18,,,,,,,20,,,,,Dragon Attack,,,Firework4,,,,,,,,,,,,,,,,,,,,,,,,,Dragon2,1,155,,,,,,,,,,,,,,,,,,,,,,,,,360,,,,,,,,,
,,,,,,,wizard_tower_lvl9,,,4,0,0,,,1960000,8,,,,,,,,,,,,,,,,,,,,,790,19,,,,,,,24,,,,,Dragon Attack,,,Firework4,,,,,,,,,,,,,,,,,,,,,,,,,Dragon2,1,155,,,,,,,,,,,,,,,,,,,,,,,,,330,,,,,,,,,
,,,,,,,wizard_tower_lvl10,,,5,0,0,,,2680000,8,,,,,,,,,,,,,,,,,,,,,850,20,,,,,,,32,,,,,Dragon Attack,,,Firework5,,,,,,,,,,,,,,,,,,,,,,,,,Dragon3,1,155,,,,,,,,,,,,,,,,,,,,,,,,,300,,,,,,,,,
,,,,,,,wizard_tower_lvl11,,,7,0,0,,,5360000,9,,,,,,,,,,,,,,,,,,,,,930,21,,,,,,,40,,,,,Dragon Attack,,,Firework6,,,,,,,,,,,,,,,,,,,,,,,,,Dragon4,1,155,,,,,,,,,,,,,,,,,,,,,,,,,270,,,,,,,,,
,,,,,,,wizard_tower_lvl12,,,10,0,0,,,6480000,10,,,,,,,,,,,,,,,,,,,,,1010,21,,,,,,,48,,,,,Dragon Attack,,,Firework8,,,,,,,,,,,,,,,,,,,,,,,,,Dragon5,1,135,,,,,,,,,,,,,,,,,,,,,,,,,240,,,,,,,,,
Healer Tower,TID_HEALER_TOWER,TID_HEALER_TOWER_INFO,,,Defense,sc/buildings.sc,wizard_tower_lvl1,,wizard_tower_const,,12,0,,Gold,180000,5,3,3,,wizard_tower_upg,,,,,,,,,,,,,,,,,620,15,700,,,,1300,,11,,,,Building Destroyed,Healer Attack,,Healer Hit,HealerEnergy,stone_destructed_state3,2,2,wizard_tower_base,npc_wizard_tower_base,war_wizard_tower_base,true,true,,,,,,,,100,,,,,,Wizard Tower Pickup,Wizard Tower Placing,,Healer,1,155,,,,,,,,,,,,,,,,,,,,,,,,,450,,,,,,,,,
,,,,,,,wizard_tower_lvl12,,,1,0,0,,,360000,5,,,,,,,,,,,,,,,,,,,,,650,16,,,,,,,13,,,,,Healer Attack,,,HealerEnergy,,,,,,,,,,,,,,,,,,,,,,,,,Healer2,1,155,,,,,,,,,,,,,,,,,,,,,,,,,420,,,,,,,,,
