Name,TID,InfoTID,SWF,Speed,Hitpoints,UpgradeTimeH,UpgradeResource,UpgradeCost,RequiredTownHallLevel,AttackRange,AttackSpeed,Damage,PreferedTargetDamageMod,DamageRadius,IconSWF,IconExportName,BigPicture,BigPictureSWF,SmallPicture,SmallPictureSWF,Projectile,RageProjectile,PreferedTargetBuilding,DeployEffect,AttackEffect,HitEffect,IsFlying,AirTargets,GroundTargets,AttackCount,DieEffect,Animation,MaxSearchRadiusForDefender,HousingSpace,SpecialAbilityEffect,RegenerationTimeMinutes,TrainingTime,TrainingResource,TrainingCost,CelebrateEffect,SleepOffsetX,SleepOffsetY,PatrolRadius,AbilityTriggerEffect,AbilityAffectsHero,AbilityAffectsCharacter,AbilityRadius,AbilityTime,AbilityOnce,AbilityCooldown,AbilitySpeedBoost,AbilitySpeedBoost2,AbilityDamageBoostPercent,AbilitySummonTroop,AbilitySummonTroopCount,AbilityStealth,AbilityDamageBoostOffset,AbilityHealthIncrease,AbilityTID,AbilityDescTID,AbilityIcon,AbilityBigPictureExportName,AbilityDelay,StrengthWeight,StrengthWeight2,AlertRadius
String,String,String,String,int,int,int,String,int,int,int,int,int,int,int,String,String,String,String,String,String,String,String,String,String,String,String,boolean,boolean,boolean,int,String,String,int,int,String,int,int,String,int,String,int,int,int,String,boolean,String,int,int,boolean,int,int,int,int,String,int,boolean,int,int,String,String,String,String,int,int,int,int
Barbarian King,TID_BARBARIAN_KING,TID_HERO_INSTRUCTIONS_BARBARIAN,sc/characters.cs,200,1700,12,DarkElixir,12500,7,100,1200,120,1,,sc/ui.sc,icon_hero_barbarianKing,unit_barbarianKing_big,sc/info_barbarianking.sc,unit_barbarianKing_small,sc/ui.sc,,,,Barbarian King Deploy,Barbarian King Attack,Barbarian King Hit,FALSE,FALSE,TRUE,,Barbarian King Die,BarbarianKing_lvl1,900,25,Building Ready,30,,Elixir,,Barbarian King Scream,70,-40,300,King Ability Effect,TRUE,Barbarian,2500,0,TRUE,0,0,0,0,Barbarian,0,,0,0,TID_HERO_ABILITY_BARBARIAN_TITLE,TID_HERO_ABILITY_BARBARIAN_DESC,icon_hero_barbarianKing_ability1,unit_barbarianKing_ability_big,0,13,15,1200
,,,,,2071,108,,40000,8,,,140,,,,,,,,,,,,,,,,,,,,BarbarianKing_lvl1,,,,46,,,,,,,,,,,,10000,,,18,9,120,,6,,56,500,,,,,,15,16,
,,,,,2651,,,90000,9,,,171,,,,,,,,,,,,,,,,,,,,BarbarianKing_lvl2,,,,66,,,,,,,,,,,,10000,,,20,10,128,,10,,147,752,,,,,,19,18,
,,,,,3478,,,145000,9,,,213,,,,,,,,,,,,,,,,,,,,BarbarianKing_lvl3,,,,88,,,,,,,,,,,,10000,,,23,11,140,,16,,298,1247,,,,,,25,21,
,,,,,4453,,,,10,,,259,,,,,,,,,,,,,,,,,,,,,,,,108,,,,,,,,,,,,10000,,,25,12,150,,20,,414,1692,,,,,,27,22,
Archer Queen,TID_ARCHER_QUEEN,TID_HERO_INSTRUCTIONS_QUEEN,sc/characters.cs,300,725,12,DarkElixir,22500,9,500,750,160,1,,sc/ui.sc,icon_hero_archerQueen,unit_archerQueen_big,sc/info_archerqueen.sc,unit_archerQueen_small,sc/ui.sc,ArcherQueen arrow lvl1,ArcherQueen arrow rage,,Archer Queen Deploy,ArcherQueen attack,Archer Queen Hit,FALSE,TRUE,TRUE,,Archer Queen Die,ArcherQueen_lvl1,1000,25,Building Ready,30,,Elixir,,Archer Queen Scream,70,-50,300,Queen Ability Effect,TRUE,,2500,0,TRUE,0,,,,Archer,0,TRUE,0,0,TID_HERO_ABILITY_QUEEN_TITLE,TID_HERO_ABILITY_QUEEN_DESC,icon_hero_archerQueen_ability1,unit_archerQueen_ability1_big,0,20,26,1300
,,,,,1053,,,100000,9,,,249,,,,,,,,,ArcherQueen arrow lvl1,ArcherQueen arrow rage,,,,,,,,,,ArcherQueen_lvl2,,,,66,,,,,,,,,,,,4000,,,,,,,7,,416,200,,,,,,29,29,
,,,,,1324,,,155000,9,,,327,,,,,,,,,ArcherQueen arrow lvl2,ArcherQueen arrow rage,,,,,,,,,,ArcherQueen_lvl3,,,,88,,,,,,,,,,,,4600,,,,,,,10,,638,275,,,,,,38,32,
,,,,,1597,,,200000,10,,,408,,,,,,,,,,,,,,,,,,,,,,,,106,,,,,,,,,,,,4800,,,,,,,11,,725,300,,,,,,41,33,
,,,,,1630,,,,10,,,419,,,,,,,,,,,,,,,,,,,,,,,,108,,,,,,,,,,,,5000,,,,,,,12,,819,325,,,,,,41,33,
P.E.K.K.A King,TID_PEKKA_KING,TID_PEKKA_KING_INFO,sc/characters.cs,200,1700,12,DarkElixir,125000,10,100,1800,480,1,,sc/ui.sc,icon_unit_pekka,unit_pekka_big,sc/info_pekka.sc,icon_unit_pekka,sc/ui.sc,,,Tesla Tower,Pekka Deploy,Pekka Attack,Pekka Hit,FALSE,FALSE,TRUE,,Pekka Die,PEKKA King,900,25,Building Ready,80,,Elixir,,PEKKA,70,-40,300,King Ability Effect,TRUE,PEKKA,2500,4500,TRUE,0,0,0,0,PEKKA,0,,500,250,TID_HERO_ABILITY_BARBARIAN_TITLE,TID_HERO_ABILITY_BARBARIAN_DESC,icon_unit_pekka,unit_pekka_big,0,13,15,1200
,,,,,4800,60,,220500,10,,,1000,,,,,,,,,,,,,,,,,,,,PEKKA King 2,,,,200,,,,,,,,,,,,10000,,,18,9,180,,8,,1000,500,,,,,,41,33,
Goblin King,TID_GOBLIN_KING,TID_GOBLIN_KING_INFO,sc/characters.cs,400,1500,12,DarkElixir,128000,10,100,3000,250,1,,sc/ui.sc,icon_unit_goblin,unit_goblin_big,sc/info_goblin.sc,icon_unit_goblin,sc/ui.sc,,,,Goblin Deploy,Goblin Attack,Goblin Hit,FALSE,FALSE,TRUE,,Goblin Die,Goblin King,900,25,Building Ready,50,,Elixir,,Goblin,70,-40,300,King Ability Effect,TRUE,Goblin,2500,1200,TRUE,0,0,0,0,Goblin,0,,120,120,TID_HERO_ABILITY_BARBARIAN_TITLE,TID_HERO_ABILITY_BARBARIAN_DESC,icon_unit_goblin,unit_goblin_big,0,15,15,1200
,,,,,1800,24,,150000,10,,,300,,,,,,,,,,,,,,,,,,,,Goblin King 2,,,,60,,,,,,,,,,,,2500,,,7,0,0,,8,,250,250,,,,,,28,28,
,,,,,2000,36,,175000,10,,,350,,,,,,,,,,,,,,,,,,,,Goblin King 3,,,,70,,,,,,,,,,,,5000,,,12,0,0,,12,,350,350,,,,,,32,32,
,,,,,2200,60,,225000,10,,,400,,,,,,,,,,,,,,,,,,,,Goblin King 4,,,,80,,,,,,,,,,,,7500,,,15,8,150,,18,,500,500,,,,,,41,41,
Giant King,TID_GIANT_KING,TID_GIANT_KING_INFO,sc/characters.cs,200,1700,12,DarkElixir,12500,10,100,1200,180,1,,sc/ui.sc,icon_unit_giant,unit_giant_big,sc/info_giant.sc,icon_unit_giant,sc/ui.sc,,,,Giant Deploy,Giant Attack,Giant Hit,FALSE,FALSE,TRUE,,Giant Die,Giant King,900,25,Building Ready,30,,Elixir,,Giant,70,-40,300,King Ability Effect,TRUE,Giant,2500,0,TRUE,0,0,0,0,Giant,0,,0,0,TID_HERO_ABILITY_BARBARIAN_TITLE,TID_HERO_ABILITY_BARBARIAN_DESC,icon_unit_giant,unit_giant_big,0,13,15,1200
,,,,,1742,24,,15000,10,,,200,,,,,,,,,,,,,,,,,,,,Giant King 2,,,,32,,,,,,,,,,,,0,,,0,0,0,,0,,0,0,,,,,,13,15,
,,,,,1786,36,,17500,10,,,220,,,,,,,,,,,,,,,,,,,,Giant King 3,,,,34,,,,,,,,,,,,0,,,0,0,0,,0,,0,0,,,,,,13,15,
,,,,,1830,48,,20000,10,,,250,,,,,,,,,,,,,,,,,,,,Giant King 4,,,,36,,,,,,,,,,,,0,,,0,0,0,,0,,0,0,,,,,,13,15,
,,,,,1876,60,,22500,10,,,300,,,,,,,,,,,,,,,,,,,,Giant King 5,,,,38,,,,,,,,,,,,10000,,,18,9,120,,6,,56,500,,,,,,15,16,
Dragon King,TID_DRAGON_KING,TID_DRAGON_KING_INFO,sc/characters.cs,300,725,12,DarkElixir,22500,10,500,750,180,1,,sc/ui.sc,icon_unit_dragon4,unit_dragon_big,sc/info_dragon.sc,icon_unit_dragon4,sc/ui.sc,,,,Dragon Deploy,Dragon Attack,Dragon Hit,TRUE,TRUE,TRUE,,Dragon Die,Dragon King,1000,25,Building Ready,30,,Elixir,,Dragon,70,-50,300,Queen Ability Effect,TRUE,Dragon,2500,0,TRUE,0,,,,Dragon,0,TRUE,0,0,TID_HERO_ABILITY_QUEEN_TITLE,TID_HERO_ABILITY_QUEEN_DESC,icon_unit_dragon4,unit_dragon_big,0,20,26,1300
,,,,,740,24,,25000,10,,,200,,,,,,,,,,,,,,,,,,,,Dragon King 2,,,,32,,,,,,,,,,,,0,,,,,,,0,,0,0,,,,,,20,26,
,,,,,755,36,,27500,10,,,250,,,,,,,,,,,,,,,,,,,,Dragon King 3,,,,34,,,,,,,,,,,,0,,,,,,,0,,0,0,,,,,,20,26,
,,,,,787,60,,32500,10,,,280,,,,,,,,,,,,,,,,,,,,Dragon King 4,,,,38,,,,,,,,,,,,3600,,,,,,,5,,300,150,,,,,,23,27,
Wall Breaker King,TID_WALL_BREAKER_KING,TID_WALL_BREAKER_KING_INFO,sc/characters.cs,300,725,12,DarkElixir,22500,10,100,750,180,40,80,sc/ui.sc,icon_unit_wallbreaker,unit_skeleton_big,sc/info_wallbreaker.sc,icon_unit_wallbreaker,sc/ui.sc,,,Wall,Wall Breaker Deploy,Wall Breaker Attack,Wall Breaker Hit,FALSE,FALSE,TRUE,,Wall Breaker Die,Wall Breaker King,1000,25,Building Ready,30,,Elixir,,Wall Breaker,70,-50,300,Queen Ability Effect,TRUE,Wall Breaker,2500,0,TRUE,0,,,,Wall Breaker,0,TRUE,0,0,TID_HERO_ABILITY_QUEEN_TITLE,TID_HERO_ABILITY_QUEEN_DESC,icon_unit_wallbreaker,unit_skeleton_big,0,20,26,1300
,,,,,740,24,,25000,10,,,250,,80,,,,,,,,,,,,,,,,,,Wall Breaker King 2,,,,32,,,,,,,,,,,,0,,,,,,,0,,0,0,,,,,,20,26,
,,,,,755,36,,27500,10,,,300,,80,,,,,,,,,,,,,,,,,,Wall Breaker King 3,,,,34,,,,,,,,,,,,0,,,,,,,0,,0,0,,,,,,20,26,
,,,,,787,60,,32500,10,,,350,,80,,,,,,,,,,,,,,,,,,Wall Breaker King 4,,,,38,,,,,,,,,,,,3600,,,,,,,5,,300,150,,,,,,23,27,
Valkyrie Queen,TID_VALKYRIE_QUEEN,TID_VALKYRIE_QUEEN_INFO,sc/characters.cs,200,1700,12,DarkElixir,12500,10,100,1200,200,1,,sc/ui.sc,icon_unit_warriorGirl4,unit_warriorGirl_big,sc/info_valkyrie.sc,icon_unit_warriorGirl4,sc/ui.sc,,,,WarriorGirl Deploy,WarriorGirl Attack2,WarriorGirl Hit,FALSE,FALSE,TRUE,,WarriorGirl Die,Warriorgirl Queen,900,25,Building Ready,30,,Elixir,,Warrior Girl,70,-40,300,King Ability Effect,TRUE,Warrior Girl,2500,0,TRUE,0,0,0,0,Warrior Girl,0,,0,0,TID_HERO_ABILITY_BARBARIAN_TITLE,TID_HERO_ABILITY_BARBARIAN_DESC,icon_unit_warriorGirl4,unit_warriorGirl_big,0,13,15,1200
,,,,,1876,60,,22500,10,,,400,,,,,,,,,,,,,,,,,,,,Warriorgirl Queen 2,,,,38,,,,,,,,,,,,10000,,,18,9,120,,6,,56,500,,,,,,15,16,
Damager Queen,TID_DAMAGER_QUEEN,TID_DAMAGER_QUEEN_INFO,sc/characters.cs,300,1700,12,DarkElixir,22500,9,500,1500,160,1,,sc/ui.sc,icon_unit_healer4,unit_healer_big,sc/info_healer.sc,icon_unit_healer4,sc/ui.sc,HealerEnergy,,,Healer Deploy,Healer Attack,Healer Hit,TRUE,FALSE,TRUE,,Healer Die,Damager Queen 1,1000,25,Building Ready,30,,Elixir,,Damager Healer,70,-50,300,Queen Ability Effect,TRUE,Damager Healer,2500,0,TRUE,0,0,0,0,Damager Healer,0,TRUE,0,0,TID_HERO_ABILITY_QUEEN_TITLE,TID_HERO_ABILITY_QUEEN_DESC,icon_unit_healer4,unit_healer_big,0,20,26,1300
,,,,,4453,60,,32500,9,,,176,,,,,,,,,HealerEnergy,,,,,,,,,,,Damager Queen 2,,,,38,,,,,,,,,,,,10000,,,25,12,150,,20,,819,1692,,,,,,23,27,
Wizard King,TID_WIZARD_KING,TID_WIZARD_KING_INFO,sc/characters.cs,300,1700,12,DarkElixir,22500,9,500,1500,160,1,,sc/ui.sc,icon_unit_wizard,unit_wizard_big,sc/info_wizard.sc,icon_unit_wizard,sc/ui.sc,wizard_projectile3,,,Wizard Deploy,Wizard Attack3,Wizard Hit2,FALSE,TRUE,TRUE,,Wizard Die,Wizard King 1,1000,25,Building Ready,30,,Elixir,,Wizard,70,-50,300,Queen Ability Effect,TRUE,Wizard,2500,0,TRUE,0,0,0,0,Wizard,0,TRUE,0,0,TID_HERO_ABILITY_QUEEN_TITLE,TID_HERO_ABILITY_QUEEN_DESC,icon_unit_wizard,unit_wizard_big,0,20,26,1300
,,,,,4238,36,,27500,9,,,168,,,,,,,,,wizard_projectile3,,,,,,,,,,,Wizard King 2,,,,34,,,,,,,,,,,,4800,,,24,12,144,,18,,725,1455,,,,,,20,26,
,,,,,4344,48,,30000,9,,,172,,,,,,,,,wizard_projectile3,,,,,,,,,,,Wizard King 3,,,,36,,,,,,,,,,,,4800,,,24,12,144,,18,,725,1455,,,,,,20,26,
,,,,,4453,60,,32500,9,,,176,,,,,,,,,wizard_projectile3,,,,,,,,,,,Wizard King 4,,,,38,,,,,,,,,,,,10000,,,25,12,150,,20,,819,1692,,,,,,23,27,
Witch Queen,TID_WITCH_QUEEN,TID_WITCH_QUEEN_INFO,sc/characters.cs,300,1700,12,DarkElixir,22500,9,500,1500,160,1,,sc/ui.sc,icon_unit_witch,unit_witch_big,sc/info_witch.sc,icon_unit_witch,sc/ui.sc,Witch_Queen_projectile,,,Warlock Deploy,Warlock Attack,Warlock Hit,FALSE,TRUE,TRUE,,Warlock Die,Necromancer_Queen,1000,25,Building Ready,30,,Elixir,,Warlock,70,-50,300,Queen Ability Effect,TRUE,Warlock,2500,0,TRUE,0,0,0,0,Warlock,0,TRUE,0,0,TID_HERO_ABILITY_QUEEN_TITLE,TID_HERO_ABILITY_QUEEN_DESC,icon_unit_witch,unit_witch_big,0,20,26,1300
Balloon King,TID_BALLOON_KING,TID_BALLOON_KING_INFO,sc/characters.cs,200,1700,12,DarkElixir,12500,7,500,1500,120,1,,sc/ui.sc,icon_unit_balloon6,unit_balloon_big,sc/info_balloon.sc,icon_unit_balloon6,sc/ui.sc,,,,Balloon Goblin Deploy,Balloon Goblin Attack,Balloon Goblin Hit,TRUE,FALSE,TRUE,,Dragon Die,Balloon King 1,900,25,Building Ready,30,,Elixir,,Balloon,70,-40,300,King Ability Effect,TRUE,Balloon,2500,0,TRUE,0,0,0,0,Balloon,0,,0,0,TID_HERO_ABILITY_BARBARIAN_TITLE,TID_HERO_ABILITY_BARBARIAN_DESC,icon_unit_balloon6,unit_balloon_big,0,13,15,1200
,,,,,4238,36,,17500,7,,,124,,,,,,,,,,,,,,,,,,,,Balloon King 2,,,,34,,,,,,,,,,,,4800,,,24,12,144,,18,,725,1455,,,,,,13,15,
,,,,,4344,48,,20000,7,,,127,,,,,,,,,,,,,,,,,,,,Balloon King 3,,,,36,,,,,,,,,,,,4800,,,24,12,144,,18,,725,1455,,,,,,13,15,
,,,,,4453,60,,22500,7,,,129,,,,,,,,,,,,,,,,,,,,Balloon King 4,,,,38,,,,,,,,,,,,10000,,,25,12,150,,20,,819,1692,,,,,,15,16,
Hog King,TID_HOG_KING,TID_HOG_KING_INFO,sc/characters.cs,200,1700,12,DarkElixir,12500,7,500,1500,120,1,,sc/ui.sc,icon_unit_boarRider5,unit_boarRider_big,sc/info_hogrider.sc,icon_unit_boarRider5,sc/ui.sc,,,,BoarRider Deploy,BoarRider Attack,BoarRider Hit,FALSE,FALSE,TRUE,,BoarRider Die,BoarRider_King 1,900,25,Building Ready,30,,Elixir,,Boar Rider,70,-40,300,King Ability Effect,TRUE,Boar Rider,2500,0,TRUE,0,0,0,0,Boar Rider,0,,0,0,TID_HERO_ABILITY_BARBARIAN_TITLE,TID_HERO_ABILITY_BARBARIAN_DESC,icon_unit_boarRider5,unit_boarRider_big,0,13,15,1200
,,,,,4344,48,,20000,7,,,127,,,,,,,,,,,,,,,,,,,,BoarRider_King 2,,,,36,,,,,,,,,,,,4800,,,24,12,144,,18,,725,1455,,,,,,13,15,
,,,,,4453,60,,22500,7,,,129,,,,,,,,,,,,,,,,,,,,BoarRider_King 3,,,,38,,,,,,,,,,,,10000,,,25,12,150,,20,,819,1692,,,,,,15,16,
Laser King,TID_LASER_KING,TID_LASER_KING_INFO,sc/characters.cs,300,1700,12,DarkElixir,22500,9,500,1500,100,1,,sc/ui.sc,icon_unit_wizard5,unit_wizard_big,sc/info_wizard.sc,icon_unit_wizard5,sc/ui.sc,Laser,,,Wizard Deploy,Dark Tower lvl3 Attack 1,Dark Tower Hit,FALSE,TRUE,TRUE,,Wizard Die,Laser King 1,1000,25,Building Ready,30,,Elixir,,Wizard,70,-50,300,Queen Ability Effect,TRUE,Wizard,2500,0,TRUE,0,0,0,0,Wizard,0,TRUE,0,0,TID_HERO_ABILITY_QUEEN_TITLE,TID_HERO_ABILITY_QUEEN_DESC,icon_unit_wizard5,unit_wizard_big,0,20,26,1300
,,,,,4238,36,,27500,9,,,140,,,,,,,,,Laser,,,,,,,,,,,Laser King 2,,,,34,,,,,,,,,,,,4800,,,24,12,144,,18,,725,1455,,,,,,20,26,
,,,,,4344,48,,30000,9,,,145,,,,,,,,,Laser,,,,,,,,,,,Laser King 3,,,,36,,,,,,,,,,,,4800,,,24,12,144,,18,,725,1455,,,,,,20,26,
,,,,,4453,60,,32500,9,,,150,,,,,,,,,Laser,,,,,,,,,,,Laser King 4,,,,38,,,,,,,,,,,,10000,,,25,12,150,,20,,819,1692,,,,,,23,27,
Minion King,TID_MINION_KING,TID_MINION_KING_INFO,sc/characters.cs,300,1700,12,DarkElixir,22500,9,500,1500,160,1,,sc/ui.sc,icon_unit_gargoyle,unit_flyingF_big,sc/info_minion.sc,icon_unit_gargoyle,sc/ui.sc,gargoyle_projectile,,,Gargoyle Deploy,Gargoyle Attack,Gargoyle Hit,TRUE,TRUE,TRUE,,Gargoyle Die,Minion King,1000,25,Building Ready,30,,Elixir,,Gargoyle,70,-50,300,Queen Ability Effect,TRUE,Gargoyle,2500,0,TRUE,0,0,0,0,Gargoyle,0,TRUE,0,0,TID_HERO_ABILITY_QUEEN_TITLE,TID_HERO_ABILITY_QUEEN_DESC,icon_unit_gargoyle,unit_flyingF_big,0,20,26,1300
Lava King,TID_LAVA_KING,TID_LAVA_KING_INFO,sc/characters.cs,300,1700,12,DarkElixir,22500,9,500,1500,160,1,,sc/ui.sc,icon_unit_tiny3,unit_tiny_big,sc/info_tiny.sc,icon_unit_tiny3,sc/ui.sc,hound_projectile,,,Tiny Deploy,Tiny Attack,Tiny Hit,TRUE,TRUE,TRUE,,Tiny Die,Lava King 1,1000,25,Building Ready,30,,Elixir,,AirDefenceSeeker,70,-50,300,Queen Ability Effect,TRUE,AirDefenceSeeker,2500,0,TRUE,0,0,0,0,AirDefenceSeeker,0,TRUE,0,0,TID_HERO_ABILITY_QUEEN_TITLE,TID_HERO_ABILITY_QUEEN_DESC,icon_unit_tiny3,unit_tiny_big,0,20,26,1300
,,,,,4453,60,,32500,9,,,176,,,,,,,,,hound_projectile,,,,,,,,,,,Lava King 2,,,,38,,,,,,,,,,,,10000,,,25,12,150,,20,,819,1692,,,,,,23,27,
Golem King,TID_GOLEM_KING,TID_GOLEM_KING_INFO,sc/characters.cs,200,1700,12,DarkElixir,22500,7,500,1500,120,1,,sc/ui.sc,icon_unit_golem5,unit_golem_big,sc/info_golem.sc,icon_unit_golem5,sc/ui.sc,,,,Golem Deploy,Golem Attack,Golem Hit,FALSE,FALSE,TRUE,,Golem_split,Golem King 1,900,25,Building Ready,30,,Elixir,,Golem,70,-40,300,King Ability Effect,TRUE,Golem,2500,0,TRUE,0,0,0,0,Golem,0,,0,0,TID_HERO_ABILITY_BARBARIAN_TITLE,TID_HERO_ABILITY_BARBARIAN_DESC,icon_unit_golem5,unit_golem_big,0,13,15,1200
,,,,,4344,48,,30000,7,,,127,,,,,,,,,,,,,,,,,,,,Golem King 2,,,,36,,,,,,,,,,,,4800,,,24,12,144,,18,,725,1455,,,,,,13,15,
,,,,,4453,60,,32500,7,,,129,,,,,,,,,,,,,,,,,,,,Golem King 3,,,,38,,,,,,,,,,,,10000,,,25,12,150,,20,,819,1692,,,,,,15,16,
Xbow Queen,TID_BOW_QUEEN,TID_BOW_QUEEN_INFO,sc/characters.cs,300,1700,12,DarkElixir,22500,9,500,200,160,1,,sc/ui.sc,icon_hero_archerQueen,unit_archerQueen_big,sc/info_archerqueen.sc,unit_archerQueen_small,sc/ui.sc,Rapidfire arrow,,,Archer Queen Deploy,Rapidfire bow attack,Generic Hit,FALSE,TRUE,TRUE,,Archer Queen Die,ArcherQueen_lvl1,1000,25,Building Ready,30,,Elixir,,Archer Queen Scream,70,-50,300,Queen Ability Effect,TRUE,,2500,0,TRUE,0,0,0,0,Archer,0,TRUE,0,0,TID_HERO_ABILITY_QUEEN_TITLE,TID_HERO_ABILITY_QUEEN_DESC,icon_hero_archerQueen_ability1,unit_archerQueen_ability1_big,0,20,26,1300
,,,,,4453,60,,32500,9,,,176,,,,,,,,,Rapidfire arrow lvl4,,,,,,,,,,,ArcherQueen_lvl2,,,,38,,,,,,,,,,,,10000,,,25,12,150,,20,,819,1692,,,,,,23,27,
