Name,MapInstanceName,MapDependencies,TID,ExpLevel,UnitType,UnitCount,LevelFile,Gold,Elixir,AlwaysUnlocked
String,String,String,String,int,String,int,String,int,int,boolean
TutorialNPC,npc1,,TID_NPC_NAME_TUTORIAL,1,Goblin,2,level/tutorial_npc.json,500,500,true
TutorialNPC2,npc2,TutorialNPC,TID_NPC_NAME_TUTORIAL2,2,Goblin,3,level/tutorial_npc2.json,500,500,true
NPC1,npc3,TutorialNPC2,TID_NPC1,4,,,level/npc1.json,1000,1500,true
NPC2,npc4,NPC1,TID_NPC2,4,,,level/npc2.json,1000,1500,true
NPC3,npc5,NPC2,TID_NPC3,6,,,level/npc3.json,1000,1500,true
NPC4,npc6,NPC3,TID_NPC4,6,,,level/npc4.json,1000,1500,true
NPC5,npc7,NPC4,TID_NPC5,7,,,level/npc5.json,1500,2000,true
NPC6,npc8,NPC5,TID_NPC6,8,,,level/npc6.json,6000,2000,true
NPC7,npc9,NPC6,TID_NPC7,10,,,level/npc7.json,4000,4000,true
NPC8,npc10,NPC7,TID_NPC8,10,,,level/npc8.json,2000,6000,true
NPC9,npc11,NPC8,TID_NPC9,12,,,level/npc9.json,4000,10000,true
NPC10,npc12,NPC9,TID_NPC10,12,,,level/npc10.json,12000,2000,true
NPC11,npc13,NPC10,TID_NPC11,13,,,level/npc11.json,8000,8000,true
NPC12,npc14,NPC11,TID_NPC12,13,,,level/npc12.json,8000,8000,true
NPC13,npc15,NPC12,TID_NPC13,13,,,level/npc13.json,10000,10000,true
NPC14,npc16,NPC13,TID_NPC14,13,,,level/npc14.json,15000,15000,true
NPC15,npc17,NPC14,TID_NPC15,14,,,level/npc15.json,10000,12000,true
,,NPC11,,,,,,,,true
NPC16,npc18,NPC15,TID_NPC16,14,,,level/npc16.json,20000,6000,true
NPC17,npc19,NPC16,TID_NPC17,14,,,level/npc17.json,15000,15000,true
NPC18,npc20,NPC17,TID_NPC18,14,,,level/npc18.json,17000,17000,true
NPC19,npc21,NPC18,TID_NPC19,14,,,level/npc19.json,20000,20000,true
NPC20,npc22,NPC19,TID_NPC20,14,,,level/npc20.json,25000,25000,true
NPC21,npc23,NPC20,TID_NPC21,14,,,level/npc21.json,30000,30000,true
NPC22,npc24,NPC21,TID_NPC22,14,,,level/npc22.json,35000,35000,true
NPC23,npc25,NPC22,TID_NPC23,14,,,level/npc23.json,40000,40000,true
NPC24,npc26,NPC23,TID_NPC24,14,,,level/npc24.json,45000,45000,true
NPC25,npc27,NPC24,TID_NPC25,14,,,level/npc25.json,20000,80000,true
NPC26,npc28,NPC25,TID_NPC26,14,,,level/npc26.json,60000,60000,true
NPC27,npc29,NPC26,TID_NPC27,15,,,level/npc27.json,70000,70000,true
NPC28,npc30,NPC27,TID_NPC28,14,,,level/npc28.json,150000,2000,true
NPC29,npc31,NPC28,TID_NPC29,14,,,level/npc29.json,80000,80000,true
NPC30,npc32,NPC29,TID_NPC30,15,,,level/npc30.json,90000,90000,true
NPC31,npc33,NPC30,TID_NPC31,15,,,level/npc31.json,50000,140000,true
NPC32,npc34,NPC31,TID_NPC32,15,,,level/npc32.json,150000,50000,true
NPC33,npc35,NPC32,TID_NPC33,15,,,level/npc33.json,110000,110000,true
NPC34,npc36,NPC33,TID_NPC34,15,,,level/npc34.json,120000,120000,true
NPC35,npc37,NPC34,TID_NPC35,15,,,level/npc35.json,130000,130000,true
NPC36,npc38,NPC35,TID_NPC36,15,,,level/npc36.json,2000,270000,true
NPC37,npc39,NPC36,TID_NPC37,15,,,level/npc37.json,140000,140000,true
NPC38,npc40,NPC37,TID_NPC38,15,,,level/npc38.json,150000,150000,true
NPC39,npc41,NPC38,TID_NPC39,15,,,level/npc39.json,150000,150000,true
NPC40,npc42,NPC39,TID_NPC40,15,,,level/npc40.json,150000,150000,true
NPC41,npc43,NPC40,TID_NPC41,16,,,level/npc41.json,200000,200000,true
NPC42,npc44,NPC41,TID_NPC42,16,,,level/npc42.json,250000,250000,true
NPC43,npc45,NPC42,TID_NPC43,16,,,level/npc43.json,300000,300000,true
NPC44,npc46,NPC43,TID_NPC44,17,,,level/npc44.json,400000,400000,true
,,NPC39,,,,,,,,true
NPC45,npc47,NPC44,TID_NPC45,17,,,level/npc45.json,500000,500000,true
NPC46,npc48,NPC45,TID_NPC46,17,,,level/npc46.json,600000,600000,true
NPC47,npc49,NPC46,TID_NPC47,17,,,level/npc47.json,700000,700000,true
NPC48,npc50,NPC47,TID_NPC48,17,,,level/npc48.json,800000,800000,true
