"Name","TID","InfoTID","TimeH","Diamonds","IconSWF","IconExportName","CooldownS","LockedAboveScore"
"String","String","String","int","int","String","String","int","int"
"Shield 1D","TID_SHOP_SHIELD_1D","TID_SHIELD_INFO",24,100,"sc/shop.sc","icon_shield_1",432000,
"Shield 2D","TID_SHOP_SHIELD_2D","TID_SHIELD_INFO",48,150,"sc/shop.sc","icon_shield_2",864000,
"Shield 7D","TID_SHOP_SHIELD_7D","TID_SHIELD_INFO",168,250,"sc/shop.sc","icon_shield_3",3024000,4700
"Pack 1","TID_DIAMOND_PACK_A",,,-250000,"sc/shop.sc","icon_gem_normal",,
"Pack 2","TID_DIAMOND_PACK_B",,,-500000,"sc/shop.sc","icon_gem_normal",,
"Pack 3","TID_DIAMOND_PACK_C",,,-800000,"sc/shop.sc","icon_gem_normal",,
